filename,class_id,original_id
crop_0_pen1_tur_cam2_20250127_160849.jpg,0,pen1_tur_cam2_20250127_160849.jpg
crop_1_pen1_orb_cam1_20250108_090112.jpg,0,pen1_orb_cam1_20250108_090112.jpg
crop_2_pen2_tur_cam1_20250209_094519.jpg,0,pen2_tur_cam1_20250209_094519.jpg
crop_3_pen2_tur_cam1_20250109_075754.jpg,0,pen2_tur_cam1_20250109_075754.jpg
crop_4_pen2_tur_cam1_20250209_093518.jpg,0,pen2_tur_cam1_20250209_093518.jpg
crop_5_pen1_orb_cam2_20250108_085214.jpg,0,pen1_orb_cam2_20250108_085214.jpg
crop_6_pen1_tur_cam2_20250220_100353.jpg,0,pen1_tur_cam2_20250220_100353.jpg
crop_7_pen1_tur_cam2_20250126_124049.jpg,0,pen1_tur_cam2_20250126_124049.jpg
crop_8_pen1_tur_cam2_20250125_105157.jpg,0,pen1_tur_cam2_20250125_105157.jpg
crop_9_pen1_tur_cam2_20250203_104050.jpg,0,pen1_tur_cam2_20250203_104050.jpg
crop_10_pen1_tur_cam2_20250127_164851.jpg,0,pen1_tur_cam2_20250127_164851.jpg
crop_11_pen1_tur_cam2_20250127_105323.jpg,0,pen1_tur_cam2_20250127_105323.jpg
crop_12_pen1_tur_cam2_20250126_122908.jpg,0,pen1_tur_cam2_20250126_122908.jpg
crop_13_pen2_tur_cam1_20250209_143221.jpg,0,pen2_tur_cam1_20250209_143221.jpg
crop_14_pen1_orb_cam2_20250108_131908.jpg,0,pen1_orb_cam2_20250108_131908.jpg
crop_15_pen1_tur_cam2_20250125_072008.jpg,0,pen1_tur_cam2_20250125_072008.jpg
crop_16_pen1_tur_cam2_20250201_085611.jpg,0,pen1_tur_cam2_20250201_085611.jpg
crop_17_pen2_orb_cam1_20250108_084358.jpg,0,pen2_orb_cam1_20250108_084358.jpg
crop_18_pen2_tur_cam1_20250209_150045.jpg,0,pen2_tur_cam1_20250209_150045.jpg
crop_19_pen1_tur_cam2_20250126_131052.jpg,0,pen1_tur_cam2_20250126_131052.jpg
crop_20_pen1_orb_cam2_20250108_090753.jpg,0,pen1_orb_cam2_20250108_090753.jpg
crop_21_pen1_tur_cam2_20250220_103536.jpg,0,pen1_tur_cam2_20250220_103536.jpg
crop_22_pen1_orb_cam1_20250108_090122.jpg,0,pen1_orb_cam1_20250108_090122.jpg
crop_23_pen1_tur_cam2_20250125_083740.jpg,0,pen1_tur_cam2_20250125_083740.jpg
crop_24_pen1_orb_cam2_20250108_090657.jpg,0,pen1_orb_cam2_20250108_090657.jpg
crop_25_pen1_orb_cam2_20250108_090049.jpg,0,pen1_orb_cam2_20250108_090049.jpg
crop_26_pen1_tur_cam2_20250126_094454.jpg,0,pen1_tur_cam2_20250126_094454.jpg
crop_27_pen1_tur_cam2_20250220_105037.jpg,0,pen1_tur_cam2_20250220_105037.jpg
crop_28_pen2_tur_cam1_20250209_125213.jpg,0,pen2_tur_cam1_20250209_125213.jpg
crop_29_pen1_tur_cam2_20250127_125612.jpg,0,pen1_tur_cam2_20250127_125612.jpg
crop_30_pen1_tur_cam2_20250122_101720.jpg,0,pen1_tur_cam2_20250122_101720.jpg
crop_31_pen2_tur_cam1_20250209_131034.jpg,0,pen2_tur_cam1_20250209_131034.jpg
crop_32_pen1_orb_cam1_20250108_085621.jpg,0,pen1_orb_cam1_20250108_085621.jpg
crop_33_pen1_tur_cam2_20250125_082719.jpg,0,pen1_tur_cam2_20250125_082719.jpg
crop_34_pen1_orb_cam1_20250108_090052.jpg,0,pen1_orb_cam1_20250108_090052.jpg
crop_35_pen2_orb_cam1_20250108_084146.jpg,0,pen2_orb_cam1_20250108_084146.jpg
crop_36_pen2_tur_cam1_20250120_105802.jpg,0,pen2_tur_cam1_20250120_105802.jpg
crop_37_pen1_tur_cam2_20250201_150117.jpg,0,pen1_tur_cam2_20250201_150117.jpg
crop_38_pen1_tur_cam2_20250125_072838.jpg,0,pen1_tur_cam2_20250125_072838.jpg
crop_39_pen1_orb_cam1_20250108_090147.jpg,0,pen1_orb_cam1_20250108_090147.jpg
crop_40_pen1_tur_cam2_20250126_081849.jpg,0,pen1_tur_cam2_20250126_081849.jpg
crop_41_pen1_tur_cam2_20250125_085310.jpg,0,pen1_tur_cam2_20250125_085310.jpg
crop_42_pen1_tur_cam2_20250126_131412.jpg,0,pen1_tur_cam2_20250126_131412.jpg
crop_43_pen1_orb_cam2_20250108_090243.jpg,0,pen1_orb_cam2_20250108_090243.jpg
crop_44_pen2_tur_cam1_20250209_112707.jpg,0,pen2_tur_cam1_20250209_112707.jpg
crop_45_pen1_tur_cam2_20250127_171854.jpg,0,pen1_tur_cam2_20250127_171854.jpg
crop_46_pen1_tur_cam2_20250126_083350.jpg,0,pen1_tur_cam2_20250126_083350.jpg
crop_47_pen1_tur_cam2_20250207_144302.jpg,0,pen1_tur_cam2_20250207_144302.jpg
crop_48_pen1_tur_cam2_20250126_104145.jpg,0,pen1_tur_cam2_20250126_104145.jpg
crop_49_pen2_tur_cam1_20250109_074642.jpg,0,pen2_tur_cam1_20250109_074642.jpg
crop_50_pen2_tur_cam1_20250209_091016.jpg,0,pen2_tur_cam1_20250209_091016.jpg
crop_51_pen1_tur_cam2_20250126_073346.jpg,0,pen1_tur_cam2_20250126_073346.jpg
crop_52_pen1_tur_cam2_20250126_133053.jpg,0,pen1_tur_cam2_20250126_133053.jpg
crop_53_pen1_tur_cam2_20250125_064908.jpg,0,pen1_tur_cam2_20250125_064908.jpg
crop_54_pen1_tur_cam2_20250125_064207.jpg,0,pen1_tur_cam2_20250125_064207.jpg
crop_55_pen1_tur_cam2_20250127_153026.jpg,0,pen1_tur_cam2_20250127_153026.jpg
crop_56_pen1_orb_cam2_20250108_090732.jpg,0,pen1_orb_cam2_20250108_090732.jpg
crop_57_pen2_tur_cam1_20250209_082013.jpg,0,pen2_tur_cam1_20250209_082013.jpg
crop_58_pen2_tur_cam1_20250109_075719.jpg,0,pen2_tur_cam1_20250109_075719.jpg
crop_59_pen2_tur_cam1_20250209_143541.jpg,0,pen2_tur_cam1_20250209_143541.jpg
crop_60_pen1_tur_cam2_20250127_154346.jpg,0,pen1_tur_cam2_20250127_154346.jpg
crop_61_pen1_tur_cam2_20250126_075347.jpg,0,pen1_tur_cam2_20250126_075347.jpg
crop_62_pen1_orb_cam2_20250108_090346.jpg,0,pen1_orb_cam2_20250108_090346.jpg
crop_63_pen1_orb_cam1_20250108_090127.jpg,0,pen1_orb_cam1_20250108_090127.jpg
crop_64_pen1_tur_cam2_20250207_152804.jpg,0,pen1_tur_cam2_20250207_152804.jpg
crop_65_pen2_tur_cam1_20250209_143040.jpg,0,pen2_tur_cam1_20250209_143040.jpg
crop_66_pen1_orb_cam2_20250108_090004.jpg,0,pen1_orb_cam2_20250108_090004.jpg
crop_67_pen1_tur_cam2_20250207_154807.jpg,0,pen1_tur_cam2_20250207_154807.jpg
crop_68_pen1_tur_cam2_20250127_171854.jpg,0,pen1_tur_cam2_20250127_171854.jpg
crop_69_pen2_tur_cam1_20250120_135345.jpg,0,pen2_tur_cam1_20250120_135345.jpg
crop_70_pen1_tur_cam2_20250207_132436.jpg,0,pen1_tur_cam2_20250207_132436.jpg
crop_71_pen2_tur_cam1_20250209_143541.jpg,0,pen2_tur_cam1_20250209_143541.jpg
crop_72_pen2_tur_cam1_20250123_140817.jpg,0,pen2_tur_cam1_20250123_140817.jpg
crop_73_pen2_tur_cam1_20250209_093658.jpg,0,pen2_tur_cam1_20250209_093658.jpg
crop_74_pen1_tur_cam2_20250126_110927.jpg,0,pen1_tur_cam2_20250126_110927.jpg
crop_75_pen1_tur_cam2_20250127_133032.jpg,0,pen1_tur_cam2_20250127_133032.jpg
crop_76_pen1_tur_cam2_20250207_145942.jpg,0,pen1_tur_cam2_20250207_145942.jpg
crop_77_pen2_orb_cam1_20250108_084032.jpg,0,pen2_orb_cam1_20250108_084032.jpg
crop_78_pen2_tur_cam1_20250109_074930.jpg,0,pen2_tur_cam1_20250109_074930.jpg
crop_79_pen2_tur_cam1_20250209_114027.jpg,0,pen2_tur_cam1_20250209_114027.jpg
crop_80_pen2_tur_cam1_20250120_075250.jpg,0,pen2_tur_cam1_20250120_075250.jpg
crop_81_pen1_orb_cam2_20250108_085904.jpg,0,pen1_orb_cam2_20250108_085904.jpg
crop_82_pen2_tur_cam1_20250109_074340.jpg,0,pen2_tur_cam1_20250109_074340.jpg
crop_83_pen1_tur_cam2_20250127_160528.jpg,0,pen1_tur_cam2_20250127_160528.jpg
crop_84_pen1_tur_cam2_20250125_125604.jpg,0,pen1_tur_cam2_20250125_125604.jpg
crop_85_pen1_orb_cam1_20250108_085546.jpg,0,pen1_orb_cam1_20250108_085546.jpg
crop_86_pen1_orb_cam1_20250108_085808.jpg,0,pen1_orb_cam1_20250108_085808.jpg
crop_87_pen2_tur_cam1_20250209_121530.jpg,0,pen2_tur_cam1_20250209_121530.jpg
crop_88_pen1_orb_cam2_20250108_131958.jpg,0,pen1_orb_cam2_20250108_131958.jpg
crop_89_pen1_tur_cam2_20250220_103356.jpg,0,pen1_tur_cam2_20250220_103356.jpg
crop_90_pen1_tur_cam2_20250122_125415.jpg,0,pen1_tur_cam2_20250122_125415.jpg
crop_91_pen1_tur_cam2_20250207_153806.jpg,0,pen1_tur_cam2_20250207_153806.jpg
crop_92_pen1_orb_cam2_20250108_132829.jpg,0,pen1_orb_cam2_20250108_132829.jpg
crop_93_pen2_tur_cam1_20250209_110204.jpg,0,pen2_tur_cam1_20250209_110204.jpg
crop_94_pen1_tur_cam2_20250127_104322.jpg,0,pen1_tur_cam2_20250127_104322.jpg
crop_95_pen2_tur_cam1_20250209_092658.jpg,0,pen2_tur_cam1_20250209_092658.jpg
crop_96_pen1_tur_cam2_20250127_163030.jpg,0,pen1_tur_cam2_20250127_163030.jpg
crop_97_pen2_tur_cam1_20250120_074750.jpg,0,pen2_tur_cam1_20250120_074750.jpg
crop_98_pen1_tur_cam2_20250127_154527.jpg,0,pen1_tur_cam2_20250127_154527.jpg
crop_99_pen1_orb_cam2_20250108_091503.jpg,0,pen1_orb_cam2_20250108_091503.jpg
crop_100_pen1_tur_cam2_20250127_165352.jpg,0,pen1_tur_cam2_20250127_165352.jpg
crop_101_pen1_tur_cam2_20250125_082019.jpg,0,pen1_tur_cam2_20250125_082019.jpg
crop_102_pen1_tur_cam2_20250125_084610.jpg,0,pen1_tur_cam2_20250125_084610.jpg
crop_103_pen2_tur_cam1_20250109_080007.jpg,0,pen2_tur_cam1_20250109_080007.jpg
crop_104_pen1_tur_cam2_20250207_145942.jpg,0,pen1_tur_cam2_20250207_145942.jpg
crop_105_pen1_tur_cam2_20250125_102337.jpg,0,pen1_tur_cam2_20250125_102337.jpg
crop_106_pen2_tur_cam1_20250123_140457.jpg,0,pen2_tur_cam1_20250123_140457.jpg
crop_107_pen1_orb_cam2_20250108_085959.jpg,0,pen1_orb_cam2_20250108_085959.jpg
crop_108_pen2_orb_cam1_20250108_084152.jpg,0,pen2_orb_cam1_20250108_084152.jpg
crop_109_pen1_orb_cam1_20250108_085621.jpg,0,pen1_orb_cam1_20250108_085621.jpg
crop_110_pen2_tur_cam1_20250209_133717.jpg,0,pen2_tur_cam1_20250209_133717.jpg
crop_111_pen2_tur_cam1_20250123_141517.jpg,0,pen2_tur_cam1_20250123_141517.jpg
crop_112_pen1_orb_cam1_20250108_090042.jpg,0,pen1_orb_cam1_20250108_090042.jpg
crop_113_pen2_tur_cam1_20250120_143231.jpg,0,pen2_tur_cam1_20250120_143231.jpg
crop_114_pen1_tur_cam2_20250125_103156.jpg,0,pen1_tur_cam2_20250125_103156.jpg
crop_115_pen1_tur_cam2_20250125_070438.jpg,0,pen1_tur_cam2_20250125_070438.jpg
crop_116_pen2_tur_cam1_20250209_142540.jpg,0,pen2_tur_cam1_20250209_142540.jpg
crop_117_pen1_tur_cam2_20250125_120423.jpg,0,pen1_tur_cam2_20250125_120423.jpg
crop_118_pen1_tur_cam2_20250125_091831.jpg,0,pen1_tur_cam2_20250125_091831.jpg
crop_119_pen2_orb_cam1_20250108_084233.jpg,0,pen2_orb_cam1_20250108_084233.jpg
crop_120_pen2_orb_cam1_20250108_084152.jpg,0,pen2_orb_cam1_20250108_084152.jpg
crop_121_pen2_tur_cam1_20250123_151018.jpg,0,pen2_tur_cam1_20250123_151018.jpg
crop_122_pen1_tur_cam2_20250220_095533.jpg,0,pen1_tur_cam2_20250220_095533.jpg
crop_123_pen2_tur_cam1_20250109_074045.jpg,0,pen2_tur_cam1_20250109_074045.jpg
crop_124_pen1_tur_cam2_20250126_122908.jpg,0,pen1_tur_cam2_20250126_122908.jpg
crop_125_pen1_orb_cam1_20250108_085637.jpg,0,pen1_orb_cam1_20250108_085637.jpg
crop_126_pen1_orb_cam1_20250108_085813.jpg,0,pen1_orb_cam1_20250108_085813.jpg
crop_127_pen1_tur_cam2_20250126_131412.jpg,0,pen1_tur_cam2_20250126_131412.jpg
crop_128_pen2_tur_cam1_20250109_065955.jpg,0,pen2_tur_cam1_20250109_065955.jpg
crop_129_pen2_tur_cam1_20250209_071008.jpg,0,pen2_tur_cam1_20250209_071008.jpg
crop_130_pen1_tur_cam2_20250127_104503.jpg,0,pen1_tur_cam2_20250127_104503.jpg
crop_131_pen2_tur_cam1_20250123_101321.jpg,0,pen2_tur_cam1_20250123_101321.jpg
crop_132_pen1_orb_cam2_20250108_090351.jpg,0,pen1_orb_cam2_20250108_090351.jpg
crop_133_pen2_tur_cam1_20250209_133216.jpg,0,pen2_tur_cam1_20250209_133216.jpg
crop_134_pen2_tur_cam1_20250123_150508.jpg,0,pen2_tur_cam1_20250123_150508.jpg
crop_135_pen1_tur_cam2_20250203_100047.jpg,0,pen1_tur_cam2_20250203_100047.jpg
crop_136_pen2_tur_cam1_20250123_135757.jpg,0,pen2_tur_cam1_20250123_135757.jpg
crop_137_pen1_tur_cam2_20250122_144605.jpg,0,pen1_tur_cam2_20250122_144605.jpg
crop_138_pen1_tur_cam2_20250207_151945.jpg,0,pen1_tur_cam2_20250207_151945.jpg
crop_139_pen2_tur_cam1_20250120_144711.jpg,0,pen2_tur_cam1_20250120_144711.jpg
crop_140_pen1_tur_cam2_20250127_104823.jpg,0,pen1_tur_cam2_20250127_104823.jpg
crop_141_pen2_tur_cam1_20250209_093018.jpg,0,pen2_tur_cam1_20250209_093018.jpg
crop_142_pen1_tur_cam2_20250207_130754.jpg,0,pen1_tur_cam2_20250207_130754.jpg
crop_143_pen1_tur_cam2_20250127_113326.jpg,0,pen1_tur_cam2_20250127_113326.jpg
crop_144_pen1_tur_cam2_20250202_154444.jpg,0,pen1_tur_cam2_20250202_154444.jpg
crop_145_pen1_tur_cam2_20250122_115851.jpg,0,pen1_tur_cam2_20250122_115851.jpg
crop_146_pen1_tur_cam2_20250125_092151.jpg,0,pen1_tur_cam2_20250125_092151.jpg
crop_147_pen2_tur_cam1_20250120_072748.jpg,0,pen2_tur_cam1_20250120_072748.jpg
crop_148_pen2_tur_cam1_20250209_075511.jpg,0,pen2_tur_cam1_20250209_075511.jpg
crop_149_pen1_tur_cam2_20250203_104050.jpg,0,pen1_tur_cam2_20250203_104050.jpg
crop_150_pen2_tur_cam1_20250209_085515.jpg,0,pen2_tur_cam1_20250209_085515.jpg
crop_151_pen1_tur_cam2_20250207_151443.jpg,0,pen1_tur_cam2_20250207_151443.jpg
crop_152_pen2_tur_cam1_20250209_132716.jpg,0,pen2_tur_cam1_20250209_132716.jpg
crop_153_pen2_tur_cam1_20250120_100258.jpg,0,pen2_tur_cam1_20250120_100258.jpg
crop_154_pen1_tur_cam2_20250207_125254.jpg,0,pen1_tur_cam2_20250207_125254.jpg
crop_155_pen1_tur_cam2_20250126_133413.jpg,0,pen1_tur_cam2_20250126_133413.jpg
crop_156_pen1_tur_cam2_20250125_071308.jpg,0,pen1_tur_cam2_20250125_071308.jpg
crop_157_pen2_tur_cam1_20250109_075740.jpg,0,pen2_tur_cam1_20250109_075740.jpg
crop_158_pen1_tur_cam2_20250126_081529.jpg,0,pen1_tur_cam2_20250126_081529.jpg
crop_159_pen1_orb_cam1_20250108_085621.jpg,0,pen1_orb_cam1_20250108_085621.jpg
crop_160_pen1_tur_cam2_20250126_100025.jpg,0,pen1_tur_cam2_20250126_100025.jpg
crop_161_pen1_orb_cam2_20250108_090722.jpg,0,pen1_orb_cam2_20250108_090722.jpg
crop_162_pen1_orb_cam2_20250108_085657.jpg,0,pen1_orb_cam2_20250108_085657.jpg
crop_163_pen1_tur_cam2_20250125_082019.jpg,0,pen1_tur_cam2_20250125_082019.jpg
crop_164_pen2_tur_cam1_20250120_143347.jpg,0,pen2_tur_cam1_20250120_143347.jpg
crop_165_pen2_orb_cam1_20250108_084124.jpg,0,pen2_orb_cam1_20250108_084124.jpg
crop_166_pen2_tur_cam1_20250120_115947.jpg,0,pen2_tur_cam1_20250120_115947.jpg
crop_167_pen1_tur_cam2_20250125_084250.jpg,0,pen1_tur_cam2_20250125_084250.jpg
crop_168_pen2_tur_cam1_20250120_074930.jpg,0,pen2_tur_cam1_20250120_074930.jpg
crop_169_pen2_tur_cam1_20250120_134703.jpg,0,pen2_tur_cam1_20250120_134703.jpg
crop_170_pen2_tur_cam1_20250120_101940.jpg,0,pen2_tur_cam1_20250120_101940.jpg
crop_171_pen1_orb_cam1_20250108_090122.jpg,0,pen1_orb_cam1_20250108_090122.jpg
crop_172_pen1_tur_cam2_20250127_165352.jpg,0,pen1_tur_cam2_20250127_165352.jpg
crop_173_pen1_orb_cam2_20250108_090441.jpg,0,pen1_orb_cam2_20250108_090441.jpg
crop_174_pen1_tur_cam2_20250126_133053.jpg,0,pen1_tur_cam2_20250126_133053.jpg
crop_175_pen1_tur_cam2_20250203_112052.jpg,0,pen1_tur_cam2_20250203_112052.jpg
crop_176_pen1_tur_cam2_20250126_142917.jpg,0,pen1_tur_cam2_20250126_142917.jpg
crop_177_pen1_tur_cam2_20250127_165852.jpg,0,pen1_tur_cam2_20250127_165852.jpg
crop_178_pen1_tur_cam2_20250125_103336.jpg,0,pen1_tur_cam2_20250125_103336.jpg
crop_179_pen1_tur_cam2_20250201_153407.jpg,0,pen1_tur_cam2_20250201_153407.jpg
crop_180_pen2_tur_cam1_20250209_145723.jpg,0,pen2_tur_cam1_20250209_145723.jpg
crop_181_pen2_tur_cam1_20250209_091156.jpg,0,pen2_tur_cam1_20250209_091156.jpg
crop_182_pen1_tur_cam2_20250207_151803.jpg,0,pen1_tur_cam2_20250207_151803.jpg
crop_183_pen2_tur_cam1_20250123_140457.jpg,0,pen2_tur_cam1_20250123_140457.jpg
crop_184_pen1_tur_cam2_20250201_093731.jpg,0,pen1_tur_cam2_20250201_093731.jpg
crop_185_pen1_tur_cam2_20250126_143059.jpg,0,pen1_tur_cam2_20250126_143059.jpg
crop_186_pen1_orb_cam2_20250108_085732.jpg,0,pen1_orb_cam2_20250108_085732.jpg
crop_187_pen1_tur_cam2_20250207_154447.jpg,0,pen1_tur_cam2_20250207_154447.jpg
crop_188_pen2_tur_cam1_20250109_073900.jpg,0,pen2_tur_cam1_20250109_073900.jpg
crop_189_pen1_tur_cam2_20250125_065418.jpg,0,pen1_tur_cam2_20250125_065418.jpg
crop_190_pen2_orb_cam1_20250108_084256.jpg,0,pen2_orb_cam1_20250108_084256.jpg
crop_191_pen1_orb_cam1_20250108_085823.jpg,0,pen1_orb_cam1_20250108_085823.jpg
crop_192_pen2_tur_cam1_20250209_113527.jpg,0,pen2_tur_cam1_20250209_113527.jpg
crop_193_pen2_tur_cam1_20250109_074127.jpg,0,pen2_tur_cam1_20250109_074127.jpg
crop_194_pen2_tur_cam1_20250120_074750.jpg,0,pen2_tur_cam1_20250120_074750.jpg
crop_195_pen2_tur_cam1_20250123_140457.jpg,0,pen2_tur_cam1_20250123_140457.jpg
crop_196_pen2_tur_cam1_20250109_074141.jpg,0,pen2_tur_cam1_20250109_074141.jpg
crop_197_pen1_orb_cam2_20250108_085959.jpg,0,pen1_orb_cam2_20250108_085959.jpg
crop_198_pen1_tur_cam2_20250122_140921.jpg,0,pen1_tur_cam2_20250122_140921.jpg
crop_199_pen1_tur_cam2_20250125_104337.jpg,0,pen1_tur_cam2_20250125_104337.jpg
crop_200_pen1_tur_cam2_20250201_151837.jpg,0,pen1_tur_cam2_20250201_151837.jpg
crop_201_pen2_tur_cam1_20250209_084655.jpg,0,pen2_tur_cam1_20250209_084655.jpg
crop_202_pen1_tur_cam2_20250127_110324.jpg,0,pen1_tur_cam2_20250127_110324.jpg
crop_203_pen2_tur_cam1_20250209_084515.jpg,0,pen2_tur_cam1_20250209_084515.jpg
crop_204_pen1_tur_cam2_20250207_150443.jpg,0,pen1_tur_cam2_20250207_150443.jpg
crop_205_pen1_tur_cam2_20250207_123433.jpg,0,pen1_tur_cam2_20250207_123433.jpg
crop_206_pen1_tur_cam2_20250125_103837.jpg,0,pen1_tur_cam2_20250125_103837.jpg
crop_207_pen1_tur_cam2_20250125_145719.jpg,0,pen1_tur_cam2_20250125_145719.jpg
crop_208_pen1_orb_cam2_20250108_131953.jpg,0,pen1_orb_cam2_20250108_131953.jpg
crop_209_pen1_tur_cam2_20250207_143942.jpg,0,pen1_tur_cam2_20250207_143942.jpg
crop_210_pen2_tur_cam1_20250209_150223.jpg,0,pen2_tur_cam1_20250209_150223.jpg
crop_211_pen2_tur_cam1_20250209_092017.jpg,0,pen2_tur_cam1_20250209_092017.jpg
crop_212_pen1_orb_cam1_20250108_090233.jpg,0,pen1_orb_cam1_20250108_090233.jpg
crop_213_pen1_tur_cam2_20250126_104655.jpg,0,pen1_tur_cam2_20250126_104655.jpg
crop_214_pen1_tur_cam2_20250207_123252.jpg,0,pen1_tur_cam2_20250207_123252.jpg
crop_215_pen2_tur_cam1_20250209_150045.jpg,0,pen2_tur_cam1_20250209_150045.jpg
crop_216_pen2_tur_cam1_20250209_103202.jpg,0,pen2_tur_cam1_20250209_103202.jpg
crop_217_pen1_tur_cam2_20250220_083027.jpg,0,pen1_tur_cam2_20250220_083027.jpg
crop_218_pen1_tur_cam2_20250207_150302.jpg,0,pen1_tur_cam2_20250207_150302.jpg
crop_219_pen2_tur_cam1_20250123_114509.jpg,0,pen2_tur_cam1_20250123_114509.jpg
crop_220_pen2_tur_cam1_20250109_070009.jpg,0,pen2_tur_cam1_20250109_070009.jpg
crop_221_pen1_tur_cam2_20250220_084028.jpg,0,pen1_tur_cam2_20250220_084028.jpg
crop_222_pen1_orb_cam1_20250108_090107.jpg,0,pen1_orb_cam1_20250108_090107.jpg
crop_223_pen2_tur_cam1_20250209_143721.jpg,0,pen2_tur_cam1_20250209_143721.jpg
crop_224_pen1_tur_cam2_20250127_172400.jpg,0,pen1_tur_cam2_20250127_172400.jpg
crop_225_pen2_tur_cam1_20250209_074010.jpg,0,pen2_tur_cam1_20250209_074010.jpg
crop_226_pen1_tur_cam2_20250127_104503.jpg,0,pen1_tur_cam2_20250127_104503.jpg
crop_227_pen1_tur_cam2_20250207_135438.jpg,0,pen1_tur_cam2_20250207_135438.jpg
crop_228_pen1_tur_cam2_20250125_071308.jpg,0,pen1_tur_cam2_20250125_071308.jpg
crop_229_pen1_tur_cam2_20250207_153306.jpg,0,pen1_tur_cam2_20250207_153306.jpg
crop_230_pen2_tur_cam1_20250124_093638.jpg,0,pen2_tur_cam1_20250124_093638.jpg
crop_231_pen2_tur_cam1_20250209_143221.jpg,0,pen2_tur_cam1_20250209_143221.jpg
crop_232_pen1_tur_cam2_20250125_081659.jpg,0,pen1_tur_cam2_20250125_081659.jpg
crop_233_pen1_orb_cam2_20250108_091412.jpg,0,pen1_orb_cam2_20250108_091412.jpg
crop_234_pen1_tur_cam2_20250201_143716.jpg,0,pen1_tur_cam2_20250201_143716.jpg
crop_235_pen1_orb_cam1_20250108_085843.jpg,0,pen1_orb_cam1_20250108_085843.jpg
crop_236_pen2_tur_cam1_20250109_072748.jpg,0,pen2_tur_cam1_20250109_072748.jpg
crop_237_pen1_tur_cam2_20250201_155958.jpg,0,pen1_tur_cam2_20250201_155958.jpg
crop_238_pen1_orb_cam2_20250108_085707.jpg,0,pen1_orb_cam2_20250108_085707.jpg
crop_239_pen1_tur_cam2_20250125_110158.jpg,0,pen1_tur_cam2_20250125_110158.jpg
crop_240_pen2_tur_cam1_20250123_135437.jpg,0,pen2_tur_cam1_20250123_135437.jpg
crop_241_pen1_tur_cam2_20250207_152305.jpg,0,pen1_tur_cam2_20250207_152305.jpg
crop_242_pen2_tur_cam1_20250120_101259.jpg,0,pen2_tur_cam1_20250120_101259.jpg
crop_243_pen1_tur_cam2_20250201_151837.jpg,0,pen1_tur_cam2_20250201_151837.jpg
crop_244_pen1_tur_cam2_20250220_092030.jpg,0,pen1_tur_cam2_20250220_092030.jpg
crop_245_pen1_tur_cam2_20250207_124753.jpg,0,pen1_tur_cam2_20250207_124753.jpg
crop_246_pen1_tur_cam2_20250203_120415.jpg,0,pen1_tur_cam2_20250203_120415.jpg
crop_247_pen1_tur_cam2_20250127_114007.jpg,0,pen1_tur_cam2_20250127_114007.jpg
crop_248_pen1_tur_cam2_20250207_150803.jpg,0,pen1_tur_cam2_20250207_150803.jpg
crop_249_pen1_tur_cam2_20250203_103049.jpg,0,pen1_tur_cam2_20250203_103049.jpg
crop_250_pen1_tur_cam2_20250122_120042.jpg,0,pen1_tur_cam2_20250122_120042.jpg
crop_251_pen1_tur_cam2_20250125_091332.jpg,0,pen1_tur_cam2_20250125_091332.jpg
crop_252_pen1_tur_cam2_20250127_153026.jpg,0,pen1_tur_cam2_20250127_153026.jpg
crop_253_pen1_tur_cam2_20250207_130754.jpg,0,pen1_tur_cam2_20250207_130754.jpg
crop_254_pen1_tur_cam2_20250122_141422.jpg,0,pen1_tur_cam2_20250122_141422.jpg
crop_255_pen2_tur_cam1_20250209_114708.jpg,0,pen2_tur_cam1_20250209_114708.jpg
crop_256_pen2_tur_cam1_20250123_134737.jpg,0,pen2_tur_cam1_20250123_134737.jpg
crop_257_pen2_tur_cam1_20250209_085515.jpg,0,pen2_tur_cam1_20250209_085515.jpg
crop_258_pen1_orb_cam1_20250108_085652.jpg,0,pen1_orb_cam1_20250108_085652.jpg
crop_259_pen1_orb_cam2_20250108_085914.jpg,0,pen1_orb_cam2_20250108_085914.jpg
crop_260_pen1_tur_cam2_20250220_101034.jpg,0,pen1_tur_cam2_20250220_101034.jpg
crop_261_pen2_tur_cam1_20250109_071156.jpg,0,pen2_tur_cam1_20250109_071156.jpg
crop_262_pen1_orb_cam1_20250108_085531.jpg,0,pen1_orb_cam1_20250108_085531.jpg
crop_263_pen1_orb_cam2_20250108_085632.jpg,0,pen1_orb_cam2_20250108_085632.jpg
crop_264_pen1_tur_cam2_20250207_132936.jpg,0,pen1_tur_cam2_20250207_132936.jpg
crop_265_pen1_orb_cam1_20250108_085736.jpg,0,pen1_orb_cam1_20250108_085736.jpg
crop_266_pen2_tur_cam1_20250209_095519.jpg,0,pen2_tur_cam1_20250209_095519.jpg
crop_267_pen1_orb_cam1_20250108_090122.jpg,0,pen1_orb_cam1_20250108_090122.jpg
crop_268_pen1_tur_cam2_20250126_104655.jpg,0,pen1_tur_cam2_20250126_104655.jpg
crop_269_pen1_tur_cam2_20250207_145942.jpg,0,pen1_tur_cam2_20250207_145942.jpg
crop_270_pen2_tur_cam1_20250120_142347.jpg,0,pen2_tur_cam1_20250120_142347.jpg
crop_271_pen2_tur_cam1_20250109_074010.jpg,0,pen2_tur_cam1_20250109_074010.jpg
crop_272_pen2_tur_cam1_20250109_071011.jpg,0,pen2_tur_cam1_20250109_071011.jpg
crop_273_pen1_tur_cam2_20250127_160528.jpg,0,pen1_tur_cam2_20250127_160528.jpg
crop_274_pen1_orb_cam2_20250108_091254.jpg,0,pen1_orb_cam2_20250108_091254.jpg
crop_275_pen1_tur_cam2_20250125_130624.jpg,0,pen1_tur_cam2_20250125_130624.jpg
crop_276_pen1_tur_cam2_20250125_120233.jpg,0,pen1_tur_cam2_20250125_120233.jpg
crop_277_pen1_tur_cam2_20250220_102535.jpg,0,pen1_tur_cam2_20250220_102535.jpg
crop_278_pen1_tur_cam2_20250202_153944.jpg,0,pen1_tur_cam2_20250202_153944.jpg
crop_279_pen2_tur_cam1_20250124_092457.jpg,0,pen2_tur_cam1_20250124_092457.jpg
crop_280_pen1_tur_cam2_20250125_073028.jpg,0,pen1_tur_cam2_20250125_073028.jpg
crop_281_pen1_orb_cam1_20250108_085606.jpg,0,pen1_orb_cam1_20250108_085606.jpg
crop_282_pen1_tur_cam2_20250125_083229.jpg,0,pen1_tur_cam2_20250125_083229.jpg
crop_283_pen2_tur_cam1_20250123_105505.jpg,0,pen2_tur_cam1_20250123_105505.jpg
crop_284_pen1_tur_cam2_20250127_101321.jpg,0,pen1_tur_cam2_20250127_101321.jpg
crop_285_pen1_tur_cam2_20250203_112413.jpg,0,pen1_tur_cam2_20250203_112413.jpg
crop_286_pen2_orb_cam1_20250108_084032.jpg,0,pen2_orb_cam1_20250108_084032.jpg
crop_287_pen2_tur_cam1_20250124_093457.jpg,0,pen2_tur_cam1_20250124_093457.jpg
crop_288_pen1_orb_cam1_20250108_090213.jpg,0,pen1_orb_cam1_20250108_090213.jpg
crop_289_pen1_tur_cam2_20250220_094032.jpg,0,pen1_tur_cam2_20250220_094032.jpg
crop_290_pen2_tur_cam1_20250123_123012.jpg,0,pen2_tur_cam1_20250123_123012.jpg
crop_291_pen2_tur_cam1_20250120_145217.jpg,0,pen2_tur_cam1_20250120_145217.jpg
crop_292_pen2_tur_cam1_20250123_135437.jpg,0,pen2_tur_cam1_20250123_135437.jpg
crop_293_pen2_tur_cam1_20250209_144041.jpg,0,pen2_tur_cam1_20250209_144041.jpg
crop_294_pen2_tur_cam1_20250209_132716.jpg,0,pen2_tur_cam1_20250209_132716.jpg
crop_295_pen1_orb_cam2_20250108_091233.jpg,0,pen1_orb_cam2_20250108_091233.jpg
crop_296_pen1_tur_cam2_20250127_112826.jpg,0,pen1_tur_cam2_20250127_112826.jpg
crop_297_pen2_tur_cam1_20250120_072248.jpg,0,pen2_tur_cam1_20250120_072248.jpg
crop_298_pen2_tur_cam1_20250209_092658.jpg,0,pen2_tur_cam1_20250209_092658.jpg
crop_299_pen2_tur_cam1_20250109_074731.jpg,0,pen2_tur_cam1_20250109_074731.jpg
crop_300_pen1_tur_cam2_20250126_153810.jpg,0,pen1_tur_cam2_20250126_153810.jpg
crop_301_pen2_tur_cam1_20250120_142709.jpg,0,pen2_tur_cam1_20250120_142709.jpg
crop_302_pen2_tur_cam1_20250120_144348.jpg,0,pen2_tur_cam1_20250120_144348.jpg
crop_303_pen1_orb_cam2_20250108_085612.jpg,0,pen1_orb_cam2_20250108_085612.jpg
crop_304_pen2_tur_cam1_20250123_120010.jpg,0,pen2_tur_cam1_20250123_120010.jpg
crop_305_pen1_tur_cam2_20250207_135939.jpg,0,pen1_tur_cam2_20250207_135939.jpg
crop_306_pen1_tur_cam2_20250207_124934.jpg,0,pen1_tur_cam2_20250207_124934.jpg
crop_307_pen1_tur_cam2_20250126_092054.jpg,0,pen1_tur_cam2_20250126_092054.jpg
crop_308_pen2_tur_cam1_20250109_074738.jpg,0,pen2_tur_cam1_20250109_074738.jpg
crop_309_pen1_tur_cam2_20250201_151327.jpg,0,pen1_tur_cam2_20250201_151327.jpg
crop_310_pen1_tur_cam2_20250127_162350.jpg,0,pen1_tur_cam2_20250127_162350.jpg
crop_311_pen1_orb_cam1_20250108_085541.jpg,0,pen1_orb_cam1_20250108_085541.jpg
crop_312_pen1_tur_cam2_20250122_115021.jpg,0,pen1_tur_cam2_20250122_115021.jpg
crop_313_pen1_tur_cam2_20250126_093624.jpg,0,pen1_tur_cam2_20250126_093624.jpg
crop_314_pen2_tur_cam1_20250209_094519.jpg,0,pen2_tur_cam1_20250209_094519.jpg
crop_315_pen1_tur_cam2_20250125_093653.jpg,0,pen1_tur_cam2_20250125_093653.jpg
crop_316_pen2_tur_cam1_20250209_131215.jpg,0,pen2_tur_cam1_20250209_131215.jpg
crop_317_pen1_tur_cam2_20250127_152846.jpg,0,pen1_tur_cam2_20250127_152846.jpg
crop_318_pen1_tur_cam2_20250207_123433.jpg,0,pen1_tur_cam2_20250207_123433.jpg
crop_319_pen1_tur_cam2_20250207_145443.jpg,0,pen1_tur_cam2_20250207_145443.jpg
crop_320_pen1_orb_cam2_20250108_131948.jpg,0,pen1_orb_cam2_20250108_131948.jpg
crop_321_pen2_tur_cam1_20250209_150223.jpg,0,pen2_tur_cam1_20250209_150223.jpg
crop_322_pen2_tur_cam1_20250209_145041.jpg,0,pen2_tur_cam1_20250209_145041.jpg
crop_323_pen2_tur_cam1_20250109_073839.jpg,0,pen2_tur_cam1_20250109_073839.jpg
crop_324_pen2_tur_cam1_20250209_085015.jpg,0,pen2_tur_cam1_20250209_085015.jpg
crop_325_pen2_tur_cam1_20250109_080522.jpg,0,pen2_tur_cam1_20250109_080522.jpg
crop_326_pen2_tur_cam1_20250120_144213.jpg,0,pen2_tur_cam1_20250120_144213.jpg
crop_327_pen1_tur_cam2_20250127_165852.jpg,0,pen1_tur_cam2_20250127_165852.jpg
crop_328_pen2_tur_cam1_20250209_103522.jpg,0,pen2_tur_cam1_20250209_103522.jpg
crop_329_pen1_tur_cam2_20250125_070248.jpg,0,pen1_tur_cam2_20250125_070248.jpg
crop_330_pen1_tur_cam2_20250127_171033.jpg,0,pen1_tur_cam2_20250127_171033.jpg
crop_331_pen2_tur_cam1_20250209_144544.jpg,0,pen2_tur_cam1_20250209_144544.jpg
crop_332_pen1_tur_cam2_20250125_145359.jpg,0,pen1_tur_cam2_20250125_145359.jpg
crop_333_pen1_tur_cam2_20250127_162350.jpg,0,pen1_tur_cam2_20250127_162350.jpg
crop_334_pen1_tur_cam2_20250125_141145.jpg,0,pen1_tur_cam2_20250125_141145.jpg
crop_335_pen2_tur_cam1_20250209_113027.jpg,0,pen2_tur_cam1_20250209_113027.jpg
crop_336_pen1_tur_cam2_20250126_124550.jpg,0,pen1_tur_cam2_20250126_124550.jpg
crop_337_pen1_orb_cam1_20250108_085721.jpg,0,pen1_orb_cam1_20250108_085721.jpg
crop_338_pen1_tur_cam2_20250126_094454.jpg,0,pen1_tur_cam2_20250126_094454.jpg
crop_339_pen2_tur_cam1_20250120_143231.jpg,0,pen2_tur_cam1_20250120_143231.jpg
crop_340_pen1_orb_cam2_20250108_090911.jpg,0,pen1_orb_cam2_20250108_090911.jpg
crop_341_pen1_tur_cam2_20250220_105357.jpg,0,pen1_tur_cam2_20250220_105357.jpg
crop_342_pen1_tur_cam2_20250220_070021.jpg,0,pen1_tur_cam2_20250220_070021.jpg
crop_343_pen2_tur_cam1_20250109_070009.jpg,0,pen2_tur_cam1_20250109_070009.jpg
crop_344_pen2_tur_cam1_20250209_144721.jpg,0,pen2_tur_cam1_20250209_144721.jpg
crop_345_pen1_orb_cam1_20250108_090018.jpg,0,pen1_orb_cam1_20250108_090018.jpg
crop_346_pen1_tur_cam2_20250220_101354.jpg,0,pen1_tur_cam2_20250220_101354.jpg
crop_347_pen1_orb_cam2_20250108_090346.jpg,0,pen1_orb_cam2_20250108_090346.jpg
crop_348_pen1_tur_cam2_20250125_063847.jpg,0,pen1_tur_cam2_20250125_063847.jpg
crop_349_pen1_tur_cam2_20250207_153946.jpg,0,pen1_tur_cam2_20250207_153946.jpg
crop_350_pen1_orb_cam1_20250108_085657.jpg,0,pen1_orb_cam1_20250108_085657.jpg
crop_351_pen1_tur_cam2_20250126_131412.jpg,0,pen1_tur_cam2_20250126_131412.jpg
crop_352_pen2_tur_cam1_20250109_074045.jpg,0,pen2_tur_cam1_20250109_074045.jpg
crop_353_pen1_orb_cam2_20250108_090502.jpg,0,pen1_orb_cam2_20250108_090502.jpg
crop_354_pen1_tur_cam2_20250122_100149.jpg,0,pen1_tur_cam2_20250122_100149.jpg
crop_355_pen1_tur_cam2_20250207_141300.jpg,0,pen1_tur_cam2_20250207_141300.jpg
crop_356_pen2_tur_cam1_20250209_121530.jpg,0,pen2_tur_cam1_20250209_121530.jpg
crop_357_pen2_tur_cam1_20250209_080012.jpg,0,pen2_tur_cam1_20250209_080012.jpg
crop_358_pen1_tur_cam2_20250127_133222.jpg,0,pen1_tur_cam2_20250127_133222.jpg
crop_359_pen1_tur_cam2_20250125_085630.jpg,0,pen1_tur_cam2_20250125_085630.jpg
crop_360_pen2_tur_cam2_20250120_074930.jpg,0,pen2_tur_cam2_20250120_074930.jpg
crop_361_pen2_tur_cam1_20250209_114208.jpg,0,pen2_tur_cam1_20250209_114208.jpg
crop_362_pen1_tur_cam2_20250207_144442.jpg,0,pen1_tur_cam2_20250207_144442.jpg
crop_363_pen1_tur_cam2_20250125_115913.jpg,0,pen1_tur_cam2_20250125_115913.jpg
crop_364_pen1_tur_cam2_20250207_125434.jpg,0,pen1_tur_cam2_20250207_125434.jpg
crop_365_pen1_tur_cam2_20250202_154625.jpg,0,pen1_tur_cam2_20250202_154625.jpg
crop_366_pen1_tur_cam2_20250127_151524.jpg,0,pen1_tur_cam2_20250127_151524.jpg
crop_367_pen1_tur_cam2_20250127_164851.jpg,0,pen1_tur_cam2_20250127_164851.jpg
crop_368_pen2_tur_cam1_20250209_092658.jpg,0,pen2_tur_cam1_20250209_092658.jpg
crop_369_pen1_tur_cam2_20250203_093045.jpg,0,pen1_tur_cam2_20250203_093045.jpg
crop_370_pen1_tur_cam2_20250207_140259.jpg,0,pen1_tur_cam2_20250207_140259.jpg
crop_371_pen1_tur_cam2_20250201_085101.jpg,0,pen1_tur_cam2_20250201_085101.jpg
crop_372_pen1_orb_cam2_20250108_090906.jpg,0,pen1_orb_cam2_20250108_090906.jpg
crop_373_pen1_tur_cam2_20250125_090140.jpg,0,pen1_tur_cam2_20250125_090140.jpg
crop_374_pen2_tur_cam1_20250123_114509.jpg,0,pen2_tur_cam1_20250123_114509.jpg
crop_375_pen1_tur_cam2_20250127_152526.jpg,0,pen1_tur_cam2_20250127_152526.jpg
crop_376_pen1_tur_cam2_20250201_145607.jpg,0,pen1_tur_cam2_20250201_145607.jpg
crop_377_pen2_tur_cam1_20250209_150045.jpg,0,pen2_tur_cam1_20250209_150045.jpg
crop_378_pen1_tur_cam2_20250207_152946.jpg,0,pen1_tur_cam2_20250207_152946.jpg
crop_379_pen2_tur_cam1_20250209_074010.jpg,0,pen2_tur_cam1_20250209_074010.jpg
crop_380_pen2_tur_cam1_20250109_074038.jpg,0,pen2_tur_cam1_20250109_074038.jpg
crop_381_pen1_tur_cam2_20250220_082847.jpg,0,pen1_tur_cam2_20250220_082847.jpg
crop_382_pen1_orb_cam2_20250108_085758.jpg,0,pen1_orb_cam2_20250108_085758.jpg
crop_383_pen2_tur_cam1_20250109_074457.jpg,0,pen2_tur_cam1_20250109_074457.jpg
crop_384_pen2_tur_cam1_20250123_151018.jpg,0,pen2_tur_cam1_20250123_151018.jpg
crop_385_pen1_orb_cam2_20250108_082916.jpg,0,pen1_orb_cam2_20250108_082916.jpg
crop_386_pen2_tur_cam1_20250120_093937.jpg,0,pen2_tur_cam1_20250120_093937.jpg
crop_387_pen1_tur_cam2_20250127_114007.jpg,0,pen1_tur_cam2_20250127_114007.jpg
crop_388_pen2_tur_cam1_20250123_115329.jpg,0,pen2_tur_cam1_20250123_115329.jpg
crop_389_pen2_orb_cam1_20250108_084101.jpg,0,pen2_orb_cam1_20250108_084101.jpg
crop_390_pen1_tur_cam2_20250126_074847.jpg,0,pen1_tur_cam2_20250126_074847.jpg
crop_391_pen2_tur_cam1_20250120_091436.jpg,0,pen2_tur_cam1_20250120_091436.jpg
crop_392_pen1_tur_cam2_20250207_131936.jpg,0,pen1_tur_cam2_20250207_131936.jpg
crop_393_pen1_orb_cam2_20250108_091458.jpg,0,pen1_orb_cam2_20250108_091458.jpg
crop_394_pen1_tur_cam2_20250220_094853.jpg,0,pen1_tur_cam2_20250220_094853.jpg
crop_395_pen1_tur_cam2_20250207_152444.jpg,0,pen1_tur_cam2_20250207_152444.jpg
crop_396_pen2_tur_cam1_20250209_140038.jpg,0,pen2_tur_cam1_20250209_140038.jpg
crop_397_pen1_orb_cam1_20250108_085903.jpg,0,pen1_orb_cam1_20250108_085903.jpg
crop_398_pen2_tur_cam1_20250109_070016.jpg,0,pen2_tur_cam1_20250109_070016.jpg
crop_399_pen2_tur_cam1_20250209_150223.jpg,0,pen2_tur_cam1_20250209_150223.jpg
crop_400_pen1_orb_cam2_20250108_085939.jpg,0,pen1_orb_cam2_20250108_085939.jpg
crop_401_pen2_tur_cam1_20250120_104302.jpg,0,pen2_tur_cam1_20250120_104302.jpg
crop_402_pen1_orb_cam2_20250108_090803.jpg,0,pen1_orb_cam2_20250108_090803.jpg
crop_403_pen1_tur_cam2_20250127_150334.jpg,0,pen1_tur_cam2_20250127_150334.jpg
crop_404_pen2_tur_cam1_20250209_090015.jpg,0,pen2_tur_cam1_20250209_090015.jpg
crop_405_pen2_tur_cam1_20250209_105704.jpg,0,pen2_tur_cam1_20250209_105704.jpg
crop_406_pen1_tur_cam2_20250207_140759.jpg,0,pen1_tur_cam2_20250207_140759.jpg
crop_407_pen1_tur_cam2_20250122_140421.jpg,0,pen1_tur_cam2_20250122_140421.jpg
crop_408_pen1_tur_cam2_20250125_113340.jpg,0,pen1_tur_cam2_20250125_113340.jpg
crop_409_pen1_tur_cam2_20250125_071458.jpg,0,pen1_tur_cam2_20250125_071458.jpg
crop_410_pen1_tur_cam2_20250127_154346.jpg,0,pen1_tur_cam2_20250127_154346.jpg
crop_411_pen2_tur_cam1_20250109_071121.jpg,0,pen2_tur_cam1_20250109_071121.jpg
crop_412_pen2_tur_cam1_20250209_145222.jpg,0,pen2_tur_cam1_20250209_145222.jpg
crop_413_pen2_tur_cam1_20250109_072802.jpg,0,pen2_tur_cam1_20250109_072802.jpg
crop_414_pen1_tur_cam2_20250207_130935.jpg,0,pen1_tur_cam2_20250207_130935.jpg
crop_415_pen2_tur_cam1_20250109_080206.jpg,0,pen2_tur_cam1_20250109_080206.jpg
crop_416_pen1_tur_cam2_20250122_102550.jpg,0,pen1_tur_cam2_20250122_102550.jpg
crop_417_pen1_orb_cam2_20250108_090154.jpg,0,pen1_orb_cam2_20250108_090154.jpg
crop_418_pen1_orb_cam2_20250108_131853.jpg,0,pen1_orb_cam2_20250108_131853.jpg
crop_419_pen2_tur_cam1_20250209_100521.jpg,0,pen2_tur_cam1_20250209_100521.jpg
crop_420_pen2_tur_cam1_20250109_074031.jpg,0,pen2_tur_cam1_20250109_074031.jpg
crop_421_pen1_orb_cam1_20250108_085721.jpg,0,pen1_orb_cam1_20250108_085721.jpg
crop_422_pen2_tur_cam1_20250209_092658.jpg,0,pen2_tur_cam1_20250209_092658.jpg
crop_423_pen2_tur_cam1_20250120_083933.jpg,0,pen2_tur_cam1_20250120_083933.jpg
crop_424_pen1_tur_cam2_20250127_151344.jpg,0,pen1_tur_cam2_20250127_151344.jpg
crop_425_pen2_orb_cam1_20250108_084447.jpg,0,pen2_orb_cam1_20250108_084447.jpg
crop_426_pen1_tur_cam2_20250122_092859.jpg,0,pen1_tur_cam2_20250122_092859.jpg
crop_427_pen1_orb_cam1_20250108_085536.jpg,0,pen1_orb_cam1_20250108_085536.jpg
crop_428_pen2_tur_cam1_20250209_105203.jpg,0,pen2_tur_cam1_20250209_105203.jpg
crop_429_pen2_tur_cam1_20250209_092017.jpg,0,pen2_tur_cam1_20250209_092017.jpg
crop_430_pen1_orb_cam2_20250108_085612.jpg,0,pen1_orb_cam2_20250108_085612.jpg
crop_431_pen1_tur_cam2_20250207_152444.jpg,0,pen1_tur_cam2_20250207_152444.jpg
crop_432_pen2_orb_cam1_20250108_084314.jpg,0,pen2_orb_cam1_20250108_084314.jpg
crop_433_pen1_orb_cam2_20250108_085914.jpg,0,pen1_orb_cam2_20250108_085914.jpg
crop_434_pen1_tur_cam2_20250125_091831.jpg,0,pen1_tur_cam2_20250125_091831.jpg
crop_435_pen2_tur_cam1_20250209_144721.jpg,0,pen2_tur_cam1_20250209_144721.jpg
crop_436_pen2_tur_cam1_20250209_142220.jpg,0,pen2_tur_cam1_20250209_142220.jpg
crop_437_pen1_tur_cam2_20250207_150943.jpg,0,pen1_tur_cam2_20250207_150943.jpg
crop_438_pen1_tur_cam2_20250122_091538.jpg,0,pen1_tur_cam2_20250122_091538.jpg
crop_439_pen2_tur_cam1_20250209_150543.jpg,0,pen2_tur_cam1_20250209_150543.jpg
crop_440_pen1_tur_cam2_20250122_102740.jpg,0,pen1_tur_cam2_20250122_102740.jpg
crop_441_pen1_tur_cam2_20250201_140125.jpg,0,pen1_tur_cam2_20250201_140125.jpg
crop_442_pen2_tur_cam1_20250209_092517.jpg,0,pen2_tur_cam1_20250209_092517.jpg
crop_443_pen2_orb_cam1_20250108_084509.jpg,0,pen2_orb_cam1_20250108_084509.jpg
crop_444_pen1_orb_cam1_20250108_085833.jpg,0,pen1_orb_cam1_20250108_085833.jpg
crop_445_pen1_tur_cam2_20250202_153944.jpg,0,pen1_tur_cam2_20250202_153944.jpg
crop_446_pen1_orb_cam2_20250108_090507.jpg,0,pen1_orb_cam2_20250108_090507.jpg
crop_447_pen2_tur_cam1_20250209_143040.jpg,0,pen2_tur_cam1_20250209_143040.jpg
crop_448_pen1_tur_cam2_20250201_153407.jpg,0,pen1_tur_cam2_20250201_153407.jpg
crop_449_pen2_tur_cam1_20250209_082153.jpg,0,pen2_tur_cam1_20250209_082153.jpg
crop_450_pen1_orb_cam2_20250108_091448.jpg,0,pen1_orb_cam2_20250108_091448.jpg
crop_451_pen1_orb_cam2_20250108_090512.jpg,0,pen1_orb_cam2_20250108_090512.jpg
crop_452_pen1_tur_cam2_20250122_115851.jpg,0,pen1_tur_cam2_20250122_115851.jpg
crop_453_pen1_tur_cam2_20250125_104657.jpg,0,pen1_tur_cam2_20250125_104657.jpg
crop_454_pen1_orb_cam1_20250108_090023.jpg,0,pen1_orb_cam1_20250108_090023.jpg
crop_455_pen2_orb_cam1_20250108_084101.jpg,0,pen2_orb_cam1_20250108_084101.jpg
crop_456_pen1_orb_cam1_20250108_085927.jpg,0,pen1_orb_cam1_20250108_085927.jpg
crop_457_pen2_tur_cam1_20250209_100700.jpg,0,pen2_tur_cam1_20250209_100700.jpg
crop_458_pen2_tur_cam1_20250123_151208.jpg,0,pen2_tur_cam1_20250123_151208.jpg
crop_459_pen2_tur_cam1_20250120_095758.jpg,0,pen2_tur_cam1_20250120_095758.jpg
crop_460_pen2_tur_cam1_20250123_124013.jpg,0,pen2_tur_cam1_20250123_124013.jpg
crop_461_pen2_orb_cam1_20250108_084245.jpg,0,pen2_orb_cam1_20250108_084245.jpg
crop_462_pen1_tur_cam2_20250126_093114.jpg,0,pen1_tur_cam2_20250126_093114.jpg
crop_463_pen2_tur_cam1_20250209_085015.jpg,0,pen2_tur_cam1_20250209_085015.jpg
crop_464_pen1_tur_cam2_20250201_154937.jpg,0,pen1_tur_cam2_20250201_154937.jpg
crop_465_pen2_tur_cam1_20250123_151718.jpg,0,pen2_tur_cam1_20250123_151718.jpg
crop_466_pen1_tur_cam2_20250127_155028.jpg,0,pen1_tur_cam2_20250127_155028.jpg
crop_467_pen2_tur_cam1_20250120_102940.jpg,0,pen2_tur_cam1_20250120_102940.jpg
crop_468_pen2_tur_cam1_20250120_143711.jpg,0,pen2_tur_cam1_20250120_143711.jpg
crop_469_pen1_tur_cam2_20250201_150627.jpg,0,pen1_tur_cam2_20250201_150627.jpg
crop_470_pen2_tur_cam1_20250120_072929.jpg,0,pen2_tur_cam1_20250120_072929.jpg
crop_471_pen1_tur_cam2_20250203_112913.jpg,0,pen1_tur_cam2_20250203_112913.jpg
crop_472_pen2_tur_cam1_20250120_085254.jpg,0,pen2_tur_cam1_20250120_085254.jpg
crop_473_pen2_tur_cam2_20250120_075430.jpg,0,pen2_tur_cam2_20250120_075430.jpg
crop_474_pen2_tur_cam1_20250109_080049.jpg,0,pen2_tur_cam1_20250109_080049.jpg
crop_475_pen1_tur_cam2_20250122_125415.jpg,0,pen1_tur_cam2_20250122_125415.jpg
crop_476_pen2_tur_cam1_20250209_144721.jpg,0,pen2_tur_cam1_20250209_144721.jpg
crop_477_pen1_orb_cam2_20250108_090906.jpg,0,pen1_orb_cam2_20250108_090906.jpg
crop_478_pen1_tur_cam2_20250126_110735.jpg,0,pen1_tur_cam2_20250126_110735.jpg
crop_479_pen2_tur_cam1_20250209_130214.jpg,0,pen2_tur_cam1_20250209_130214.jpg
crop_480_pen1_tur_cam2_20250220_100033.jpg,0,pen1_tur_cam2_20250220_100033.jpg
crop_481_pen2_tur_cam1_20250209_134717.jpg,0,pen2_tur_cam1_20250209_134717.jpg
crop_482_pen1_tur_cam2_20250125_101655.jpg,0,pen1_tur_cam2_20250125_101655.jpg
crop_483_pen2_tur_cam1_20250209_104523.jpg,0,pen2_tur_cam1_20250209_104523.jpg
crop_484_pen1_orb_cam1_20250108_090152.jpg,0,pen1_orb_cam1_20250108_090152.jpg
crop_485_pen2_tur_cam1_20250209_144222.jpg,0,pen2_tur_cam1_20250209_144222.jpg
crop_486_pen1_orb_cam1_20250108_085903.jpg,0,pen1_orb_cam1_20250108_085903.jpg
crop_487_pen1_orb_cam1_20250108_085526.jpg,0,pen1_orb_cam1_20250108_085526.jpg
crop_488_pen1_tur_cam2_20250126_081349.jpg,0,pen1_tur_cam2_20250126_081349.jpg
crop_489_pen2_tur_cam1_20250109_074518.jpg,0,pen2_tur_cam1_20250109_074518.jpg
crop_490_pen1_orb_cam2_20250108_082846.jpg,0,pen1_orb_cam2_20250108_082846.jpg
crop_491_pen1_tur_cam2_20250126_104845.jpg,0,pen1_tur_cam2_20250126_104845.jpg
crop_492_pen2_tur_cam1_20250209_142540.jpg,0,pen2_tur_cam1_20250209_142540.jpg
crop_493_pen1_tur_cam2_20250127_155848.jpg,0,pen1_tur_cam2_20250127_155848.jpg
crop_494_pen1_tur_cam2_20250127_130442.jpg,0,pen1_tur_cam2_20250127_130442.jpg
crop_495_pen2_orb_cam1_20250108_084336.jpg,0,pen2_orb_cam1_20250108_084336.jpg
crop_496_pen1_tur_cam2_20250126_140055.jpg,0,pen1_tur_cam2_20250126_140055.jpg
crop_497_pen2_tur_cam1_20250120_092756.jpg,0,pen2_tur_cam1_20250120_092756.jpg
crop_498_pen1_tur_cam2_20250207_130434.jpg,0,pen1_tur_cam2_20250207_130434.jpg
crop_499_pen1_tur_cam2_20250220_101854.jpg,0,pen1_tur_cam2_20250220_101854.jpg
crop_500_pen1_tur_cam2_20250127_152526.jpg,0,pen1_tur_cam2_20250127_152526.jpg
crop_501_pen1_orb_cam2_20250108_085717.jpg,0,pen1_orb_cam2_20250108_085717.jpg
crop_502_pen1_tur_cam2_20250126_110927.jpg,0,pen1_tur_cam2_20250126_110927.jpg
crop_503_pen2_tur_cam1_20250120_102440.jpg,0,pen2_tur_cam1_20250120_102440.jpg
crop_504_pen1_tur_cam2_20250127_105824.jpg,0,pen1_tur_cam2_20250127_105824.jpg
crop_505_pen1_tur_cam2_20250127_165532.jpg,0,pen1_tur_cam2_20250127_165532.jpg
crop_506_pen1_tur_cam2_20250125_084100.jpg,0,pen1_tur_cam2_20250125_084100.jpg
crop_507_pen2_tur_cam1_20250209_123532.jpg,0,pen2_tur_cam1_20250209_123532.jpg
crop_508_pen2_tur_cam1_20250123_122331.jpg,0,pen2_tur_cam1_20250123_122331.jpg
crop_509_pen1_tur_cam2_20250125_083549.jpg,0,pen1_tur_cam2_20250125_083549.jpg
crop_510_pen2_orb_cam1_20250108_084221.jpg,0,pen2_orb_cam1_20250108_084221.jpg
crop_511_pen2_tur_cam1_20250109_074546.jpg,0,pen2_tur_cam1_20250109_074546.jpg
crop_512_pen1_tur_cam2_20250207_130754.jpg,0,pen1_tur_cam2_20250207_130754.jpg
crop_513_pen1_tur_cam2_20250125_062637.jpg,0,pen1_tur_cam2_20250125_062637.jpg
crop_514_pen1_orb_cam1_20250108_085737.jpg,0,pen1_orb_cam1_20250108_085737.jpg
crop_515_pen1_tur_cam2_20250201_143206.jpg,0,pen1_tur_cam2_20250201_143206.jpg
crop_516_pen2_tur_cam1_20250209_145222.jpg,0,pen2_tur_cam1_20250209_145222.jpg
crop_517_pen1_tur_cam2_20250125_112659.jpg,0,pen1_tur_cam2_20250125_112659.jpg
crop_518_pen1_orb_cam2_20250108_131908.jpg,0,pen1_orb_cam2_20250108_131908.jpg
crop_519_pen2_tur_cam1_20250123_144107.jpg,0,pen2_tur_cam1_20250123_144107.jpg
crop_520_pen1_tur_cam2_20250207_145942.jpg,0,pen1_tur_cam2_20250207_145942.jpg
crop_521_pen1_tur_cam2_20250126_123049.jpg,0,pen1_tur_cam2_20250126_123049.jpg
crop_522_pen1_tur_cam2_20250125_083740.jpg,0,pen1_tur_cam2_20250125_083740.jpg
crop_523_pen2_tur_cam1_20250109_074024.jpg,0,pen2_tur_cam1_20250109_074024.jpg
crop_524_pen2_tur_cam1_20250209_143040.jpg,0,pen2_tur_cam1_20250209_143040.jpg
crop_525_pen1_tur_cam2_20250125_104657.jpg,0,pen1_tur_cam2_20250125_104657.jpg
crop_526_pen1_tur_cam2_20250127_104503.jpg,0,pen1_tur_cam2_20250127_104503.jpg
crop_527_pen1_tur_cam2_20250207_130254.jpg,0,pen1_tur_cam2_20250207_130254.jpg
crop_528_pen2_tur_cam1_20250120_084934.jpg,0,pen2_tur_cam1_20250120_084934.jpg
crop_529_pen1_orb_cam2_20250108_090119.jpg,0,pen1_orb_cam2_20250108_090119.jpg
crop_530_pen1_tur_cam2_20250127_160348.jpg,0,pen1_tur_cam2_20250127_160348.jpg
crop_531_pen1_tur_cam2_20250207_154306.jpg,0,pen1_tur_cam2_20250207_154306.jpg
crop_532_pen2_tur_cam1_20250209_132536.jpg,0,pen2_tur_cam1_20250209_132536.jpg
crop_533_pen2_tur_cam1_20250120_134203.jpg,0,pen2_tur_cam1_20250120_134203.jpg
crop_534_pen1_orb_cam1_20250108_085204.jpg,0,pen1_orb_cam1_20250108_085204.jpg
crop_535_pen1_tur_cam2_20250207_151803.jpg,0,pen1_tur_cam2_20250207_151803.jpg
crop_536_pen2_tur_cam1_20250209_140219.jpg,0,pen2_tur_cam1_20250209_140219.jpg
crop_537_pen2_tur_cam1_20250120_101940.jpg,0,pen2_tur_cam1_20250120_101940.jpg
crop_538_pen1_tur_cam2_20250122_145625.jpg,0,pen1_tur_cam2_20250122_145625.jpg
crop_539_pen1_tur_cam2_20250125_090330.jpg,0,pen1_tur_cam2_20250125_090330.jpg
crop_540_pen2_orb_cam1_20250108_083827.jpg,0,pen2_orb_cam1_20250108_083827.jpg
crop_541_pen1_tur_cam2_20250125_094153.jpg,0,pen1_tur_cam2_20250125_094153.jpg
crop_542_pen1_orb_cam1_20250108_085833.jpg,0,pen1_orb_cam1_20250108_085833.jpg
crop_543_pen1_tur_cam2_20250126_075527.jpg,0,pen1_tur_cam2_20250126_075527.jpg
crop_544_pen2_tur_cam1_20250209_132716.jpg,0,pen2_tur_cam1_20250209_132716.jpg
crop_545_pen1_tur_cam2_20250125_071458.jpg,0,pen1_tur_cam2_20250125_071458.jpg
crop_546_pen2_tur_cam1_20250109_074003.jpg,0,pen2_tur_cam1_20250109_074003.jpg
crop_547_pen2_tur_cam1_20250209_095519.jpg,0,pen2_tur_cam1_20250209_095519.jpg
crop_548_pen1_tur_cam2_20250125_110338.jpg,0,pen1_tur_cam2_20250125_110338.jpg
crop_549_pen1_tur_cam2_20250125_062637.jpg,0,pen1_tur_cam2_20250125_062637.jpg
crop_550_pen1_orb_cam2_20250108_090451.jpg,0,pen1_orb_cam2_20250108_090451.jpg
crop_551_pen2_tur_cam1_20250120_143848.jpg,0,pen2_tur_cam1_20250120_143848.jpg
crop_552_pen1_orb_cam2_20250108_090642.jpg,0,pen1_orb_cam2_20250108_090642.jpg
crop_553_pen1_tur_cam2_20250126_131552.jpg,0,pen1_tur_cam2_20250126_131552.jpg
crop_554_pen1_tur_cam2_20250207_151945.jpg,0,pen1_tur_cam2_20250207_151945.jpg
crop_555_pen2_tur_cam1_20250209_114528.jpg,0,pen2_tur_cam1_20250209_114528.jpg
crop_556_pen1_tur_cam2_20250207_131754.jpg,0,pen1_tur_cam2_20250207_131754.jpg
crop_557_pen2_tur_cam1_20250209_092157.jpg,0,pen2_tur_cam1_20250209_092157.jpg
crop_558_pen1_orb_cam1_20250108_090228.jpg,0,pen1_orb_cam1_20250108_090228.jpg
crop_559_pen2_tur_cam1_20250209_145041.jpg,0,pen2_tur_cam1_20250209_145041.jpg
crop_560_pen1_tur_cam2_20250220_105858.jpg,0,pen1_tur_cam2_20250220_105858.jpg
crop_561_pen1_tur_cam2_20250127_163851.jpg,0,pen1_tur_cam2_20250127_163851.jpg
crop_562_pen1_orb_cam2_20250108_085829.jpg,0,pen1_orb_cam2_20250108_085829.jpg
crop_563_pen1_orb_cam2_20250108_091548.jpg,0,pen1_orb_cam2_20250108_091548.jpg
crop_564_pen2_tur_cam1_20250123_111506.jpg,0,pen2_tur_cam1_20250123_111506.jpg
crop_565_pen1_tur_cam2_20250122_133418.jpg,0,pen1_tur_cam2_20250122_133418.jpg
crop_566_pen1_orb_cam2_20250108_090916.jpg,0,pen1_orb_cam2_20250108_090916.jpg
crop_567_pen2_tur_cam1_20250209_134217.jpg,0,pen2_tur_cam1_20250209_134217.jpg
crop_568_pen2_tur_cam1_20250123_150508.jpg,0,pen2_tur_cam1_20250123_150508.jpg
crop_569_pen1_tur_cam2_20250220_093852.jpg,0,pen1_tur_cam2_20250220_093852.jpg
crop_570_pen2_tur_cam1_20250120_070427.jpg,0,pen2_tur_cam1_20250120_070427.jpg
crop_571_pen2_orb_cam1_20250108_084037.jpg,0,pen2_orb_cam1_20250108_084037.jpg
crop_572_pen1_tur_cam2_20250201_160508.jpg,0,pen1_tur_cam2_20250201_160508.jpg
crop_573_pen1_tur_cam2_20250125_101655.jpg,0,pen1_tur_cam2_20250125_101655.jpg
crop_574_pen1_orb_cam1_20250108_090223.jpg,0,pen1_orb_cam1_20250108_090223.jpg
crop_575_pen1_tur_cam2_20250126_075527.jpg,0,pen1_tur_cam2_20250126_075527.jpg
crop_576_pen2_tur_cam1_20250123_150508.jpg,0,pen2_tur_cam1_20250123_150508.jpg
crop_577_pen1_tur_cam2_20250127_162350.jpg,0,pen1_tur_cam2_20250127_162350.jpg
crop_578_pen1_tur_cam2_20250220_084848.jpg,0,pen1_tur_cam2_20250220_084848.jpg
crop_579_pen1_tur_cam2_20250127_105323.jpg,0,pen1_tur_cam2_20250127_105323.jpg
crop_580_pen2_tur_cam1_20250120_130701.jpg,0,pen2_tur_cam1_20250120_130701.jpg
crop_581_pen2_orb_cam1_20250108_084118.jpg,0,pen2_orb_cam1_20250108_084118.jpg
crop_582_pen1_tur_cam2_20250201_152157.jpg,0,pen1_tur_cam2_20250201_152157.jpg
crop_583_pen2_tur_cam1_20250209_132035.jpg,0,pen2_tur_cam1_20250209_132035.jpg
crop_584_pen1_tur_cam2_20250122_115341.jpg,0,pen1_tur_cam2_20250122_115341.jpg
crop_585_pen1_orb_cam2_20250108_131843.jpg,0,pen1_orb_cam2_20250108_131843.jpg
crop_586_pen2_tur_cam1_20250123_135247.jpg,0,pen2_tur_cam1_20250123_135247.jpg
crop_587_pen2_tur_cam1_20250109_074656.jpg,0,pen2_tur_cam1_20250109_074656.jpg
crop_588_pen2_tur_cam1_20250209_140539.jpg,0,pen2_tur_cam1_20250209_140539.jpg
crop_589_pen2_tur_cam1_20250120_090935.jpg,0,pen2_tur_cam1_20250120_090935.jpg
crop_590_pen2_tur_cam1_20250209_142220.jpg,0,pen2_tur_cam1_20250209_142220.jpg
crop_591_pen1_tur_cam2_20250125_103837.jpg,0,pen1_tur_cam2_20250125_103837.jpg
crop_592_pen2_tur_cam1_20250120_122308.jpg,0,pen2_tur_cam1_20250120_122308.jpg
crop_593_pen1_tur_cam2_20250201_161848.jpg,0,pen1_tur_cam2_20250201_161848.jpg
crop_594_pen2_tur_cam1_20250123_101321.jpg,0,pen2_tur_cam1_20250123_101321.jpg
crop_595_pen1_tur_cam2_20250207_125254.jpg,0,pen1_tur_cam2_20250207_125254.jpg
crop_596_pen2_tur_cam1_20250209_150543.jpg,0,pen2_tur_cam1_20250209_150543.jpg
crop_597_pen1_tur_cam2_20250126_124910.jpg,0,pen1_tur_cam2_20250126_124910.jpg
crop_598_pen2_tur_cam1_20250123_132716.jpg,0,pen2_tur_cam1_20250123_132716.jpg
crop_599_pen2_tur_cam1_20250120_084434.jpg,0,pen2_tur_cam1_20250120_084434.jpg
crop_600_pen2_tur_cam1_20250209_150543.jpg,0,pen2_tur_cam1_20250209_150543.jpg
crop_601_pen2_tur_cam1_20250124_085635.jpg,0,pen2_tur_cam1_20250124_085635.jpg
crop_602_pen1_tur_cam2_20250125_064207.jpg,0,pen1_tur_cam2_20250125_064207.jpg
crop_603_pen1_orb_cam1_20250108_085526.jpg,0,pen1_orb_cam1_20250108_085526.jpg
crop_604_pen2_tur_cam1_20250124_085635.jpg,0,pen2_tur_cam1_20250124_085635.jpg
crop_605_pen1_tur_cam2_20250220_101534.jpg,0,pen1_tur_cam2_20250220_101534.jpg
crop_606_pen2_tur_cam1_20250123_115009.jpg,0,pen2_tur_cam1_20250123_115009.jpg
crop_607_pen2_tur_cam1_20250209_104022.jpg,0,pen2_tur_cam1_20250209_104022.jpg
crop_608_pen1_tur_cam2_20250127_152345.jpg,0,pen1_tur_cam2_20250127_152345.jpg
crop_609_pen1_tur_cam2_20250125_091150.jpg,0,pen1_tur_cam2_20250125_091150.jpg
crop_610_pen1_tur_cam2_20250207_150302.jpg,0,pen1_tur_cam2_20250207_150302.jpg
crop_611_pen2_tur_cam1_20250109_080152.jpg,0,pen2_tur_cam1_20250109_080152.jpg
crop_612_pen1_tur_cam2_20250125_071458.jpg,0,pen1_tur_cam2_20250125_071458.jpg
crop_613_pen1_tur_cam2_20250203_113053.jpg,0,pen1_tur_cam2_20250203_113053.jpg
crop_614_pen2_orb_cam1_20250108_083833.jpg,0,pen2_orb_cam1_20250108_083833.jpg
crop_615_pen1_tur_cam2_20250203_101909.jpg,0,pen1_tur_cam2_20250203_101909.jpg
crop_616_pen1_tur_cam1_20250201_085101.jpg,0,pen1_tur_cam1_20250201_085101.jpg
crop_617_pen2_tur_cam1_20250120_085935.jpg,0,pen2_tur_cam1_20250120_085935.jpg
crop_618_pen2_tur_cam1_20250123_123012.jpg,0,pen2_tur_cam1_20250123_123012.jpg
crop_619_pen2_tur_cam1_20250123_134927.jpg,0,pen2_tur_cam1_20250123_134927.jpg
crop_620_pen2_tur_cam1_20250109_075733.jpg,0,pen2_tur_cam1_20250109_075733.jpg
crop_621_pen1_tur_cam2_20250207_135438.jpg,0,pen1_tur_cam2_20250207_135438.jpg
crop_622_pen2_tur_cam1_20250209_150223.jpg,0,pen2_tur_cam1_20250209_150223.jpg
crop_623_pen2_tur_cam1_20250123_110506.jpg,0,pen2_tur_cam1_20250123_110506.jpg
crop_624_pen2_orb_cam1_20250108_084014.jpg,0,pen2_orb_cam1_20250108_084014.jpg
crop_625_pen2_orb_cam1_20250108_084330.jpg,0,pen2_orb_cam1_20250108_084330.jpg
crop_626_pen2_tur_cam1_20250123_123332.jpg,0,pen2_tur_cam1_20250123_123332.jpg
crop_627_pen1_tur_cam2_20250127_171353.jpg,0,pen1_tur_cam2_20250127_171353.jpg
crop_628_pen1_tur_cam2_20250207_135258.jpg,0,pen1_tur_cam2_20250207_135258.jpg
crop_629_pen2_tur_cam1_20250209_125032.jpg,0,pen2_tur_cam1_20250209_125032.jpg
crop_630_pen1_tur_cam2_20250125_063657.jpg,0,pen1_tur_cam2_20250125_063657.jpg
crop_631_pen2_tur_cam1_20250209_073009.jpg,0,pen2_tur_cam1_20250209_073009.jpg
crop_632_pen2_orb_cam1_20250108_084251.jpg,0,pen2_orb_cam1_20250108_084251.jpg
crop_633_pen1_orb_cam1_20250108_085726.jpg,0,pen1_orb_cam1_20250108_085726.jpg
crop_634_pen1_tur_cam2_20250127_152345.jpg,0,pen1_tur_cam2_20250127_152345.jpg
crop_635_pen1_orb_cam1_20250108_085224.jpg,0,pen1_orb_cam1_20250108_085224.jpg
crop_636_pen1_tur_cam2_20250125_085820.jpg,0,pen1_tur_cam2_20250125_085820.jpg
crop_637_pen2_tur_cam1_20250209_092658.jpg,0,pen2_tur_cam1_20250209_092658.jpg
crop_638_pen1_tur_cam2_20250201_140125.jpg,0,pen1_tur_cam2_20250201_140125.jpg
crop_639_pen2_tur_cam1_20250120_101259.jpg,0,pen2_tur_cam1_20250120_101259.jpg
crop_640_pen2_tur_cam1_20250109_075712.jpg,0,pen2_tur_cam1_20250109_075712.jpg
crop_641_pen1_orb_cam2_20250108_085954.jpg,0,pen1_orb_cam2_20250108_085954.jpg
crop_642_pen1_tur_cam2_20250122_132558.jpg,0,pen1_tur_cam2_20250122_132558.jpg
crop_643_pen1_tur_cam2_20250201_155257.jpg,0,pen1_tur_cam2_20250201_155257.jpg
crop_644_pen2_tur_cam1_20250209_122211.jpg,0,pen2_tur_cam1_20250209_122211.jpg
crop_645_pen1_tur_cam2_20250207_150302.jpg,0,pen1_tur_cam2_20250207_150302.jpg
crop_646_pen1_orb_cam2_20250108_131838.jpg,0,pen1_orb_cam2_20250108_131838.jpg
crop_647_pen1_orb_cam1_20250108_085612.jpg,0,pen1_orb_cam1_20250108_085612.jpg
crop_648_pen1_tur_cam2_20250125_083549.jpg,0,pen1_tur_cam2_20250125_083549.jpg
crop_649_pen1_orb_cam1_20250108_085642.jpg,0,pen1_orb_cam1_20250108_085642.jpg
crop_650_pen1_tur_cam2_20250125_102657.jpg,0,pen1_tur_cam2_20250125_102657.jpg
crop_651_pen1_tur_cam2_20250127_162530.jpg,0,pen1_tur_cam2_20250127_162530.jpg
crop_652_pen1_tur_cam2_20250207_122752.jpg,0,pen1_tur_cam2_20250207_122752.jpg
crop_653_pen2_tur_cam1_20250209_134537.jpg,0,pen2_tur_cam1_20250209_134537.jpg
crop_654_pen1_tur_cam2_20250201_153727.jpg,0,pen1_tur_cam2_20250201_153727.jpg
crop_655_pen1_tur_cam2_20250207_131754.jpg,0,pen1_tur_cam2_20250207_131754.jpg
crop_656_pen1_tur_cam2_20250207_124934.jpg,0,pen1_tur_cam2_20250207_124934.jpg
crop_657_pen2_tur_cam1_20250209_091657.jpg,0,pen2_tur_cam1_20250209_091657.jpg
crop_658_pen2_tur_cam1_20250209_142040.jpg,0,pen2_tur_cam1_20250209_142040.jpg
crop_659_pen1_orb_cam1_20250108_085731.jpg,0,pen1_orb_cam1_20250108_085731.jpg
crop_660_pen1_tur_cam2_20250202_154444.jpg,0,pen1_tur_cam2_20250202_154444.jpg
crop_661_pen2_tur_cam1_20250109_071011.jpg,0,pen2_tur_cam1_20250109_071011.jpg
crop_662_pen2_tur_cam1_20250209_091016.jpg,0,pen2_tur_cam1_20250209_091016.jpg
crop_663_pen1_tur_cam2_20250207_131434.jpg,0,pen1_tur_cam2_20250207_131434.jpg
crop_664_pen2_tur_cam1_20250120_101800.jpg,0,pen2_tur_cam1_20250120_101800.jpg
crop_665_pen1_orb_cam2_20250108_085702.jpg,0,pen1_orb_cam2_20250108_085702.jpg
crop_666_pen1_tur_cam2_20250207_132256.jpg,0,pen1_tur_cam2_20250207_132256.jpg
crop_667_pen1_tur_cam2_20250207_135438.jpg,0,pen1_tur_cam2_20250207_135438.jpg
crop_668_pen1_tur_cam2_20250122_140101.jpg,0,pen1_tur_cam2_20250122_140101.jpg
crop_669_pen1_tur_cam2_20250207_132256.jpg,0,pen1_tur_cam2_20250207_132256.jpg
crop_670_pen1_tur_cam2_20250126_100214.jpg,0,pen1_tur_cam2_20250126_100214.jpg
crop_671_pen1_tur_cam2_20250220_102355.jpg,0,pen1_tur_cam2_20250220_102355.jpg
crop_672_pen1_tur_cam2_20250125_131455.jpg,0,pen1_tur_cam2_20250125_131455.jpg
crop_673_pen1_tur_cam2_20250125_111839.jpg,0,pen1_tur_cam2_20250125_111839.jpg
crop_674_pen2_tur_cam1_20250124_092637.jpg,0,pen2_tur_cam1_20250124_092637.jpg
crop_675_pen1_tur_cam2_20250125_090140.jpg,0,pen1_tur_cam2_20250125_090140.jpg
crop_676_pen1_tur_cam2_20250125_103156.jpg,0,pen1_tur_cam2_20250125_103156.jpg
crop_677_pen1_tur_cam2_20250126_134915.jpg,0,pen1_tur_cam2_20250126_134915.jpg
crop_678_pen1_tur_cam2_20250201_155257.jpg,0,pen1_tur_cam2_20250201_155257.jpg
crop_679_pen2_tur_cam1_20250123_100320.jpg,0,pen2_tur_cam1_20250123_100320.jpg
crop_680_pen1_tur_cam2_20250207_143802.jpg,0,pen1_tur_cam2_20250207_143802.jpg
crop_681_pen2_tur_cam1_20250109_080529.jpg,0,pen2_tur_cam1_20250109_080529.jpg
crop_682_pen2_tur_cam1_20250209_103202.jpg,0,pen2_tur_cam1_20250209_103202.jpg
crop_683_pen2_orb_cam1_20250108_084112.jpg,0,pen2_orb_cam1_20250108_084112.jpg
crop_684_pen1_tur_cam2_20250126_093944.jpg,0,pen1_tur_cam2_20250126_093944.jpg
crop_685_pen2_tur_cam1_20250209_141539.jpg,0,pen2_tur_cam1_20250209_141539.jpg
crop_686_pen2_tur_cam1_20250209_134717.jpg,0,pen2_tur_cam1_20250209_134717.jpg
crop_687_pen1_tur_cam2_20250126_091904.jpg,0,pen1_tur_cam2_20250126_091904.jpg
crop_688_pen2_tur_cam1_20250209_112526.jpg,0,pen2_tur_cam1_20250209_112526.jpg
crop_689_pen2_tur_cam1_20250209_113207.jpg,0,pen2_tur_cam1_20250209_113207.jpg
crop_690_pen2_tur_cam1_20250209_143721.jpg,0,pen2_tur_cam1_20250209_143721.jpg
crop_691_pen1_tur_cam2_20250207_123753.jpg,0,pen1_tur_cam2_20250207_123753.jpg
crop_692_pen1_tur_cam2_20250207_145942.jpg,0,pen1_tur_cam2_20250207_145942.jpg
crop_693_pen1_orb_cam2_20250108_132833.jpg,0,pen1_orb_cam2_20250108_132833.jpg
crop_694_pen1_tur_cam2_20250125_144357.jpg,0,pen1_tur_cam2_20250125_144357.jpg
crop_695_pen1_tur_cam2_20250127_153346.jpg,0,pen1_tur_cam2_20250127_153346.jpg
crop_696_pen1_tur_cam2_20250125_104657.jpg,0,pen1_tur_cam2_20250125_104657.jpg
crop_697_pen1_orb_cam2_20250108_090248.jpg,0,pen1_orb_cam2_20250108_090248.jpg
crop_698_pen1_orb_cam2_20250108_090321.jpg,0,pen1_orb_cam2_20250108_090321.jpg
crop_699_pen1_tur_cam2_20250126_075027.jpg,0,pen1_tur_cam2_20250126_075027.jpg
crop_700_pen2_tur_cam1_20250209_091516.jpg,0,pen2_tur_cam1_20250209_091516.jpg
crop_701_pen1_tur_cam2_20250220_070341.jpg,0,pen1_tur_cam2_20250220_070341.jpg
crop_702_pen1_tur_cam2_20250207_144442.jpg,0,pen1_tur_cam2_20250207_144442.jpg
crop_703_pen2_tur_cam1_20250120_072929.jpg,0,pen2_tur_cam1_20250120_072929.jpg
crop_704_pen1_tur_cam2_20250125_082529.jpg,0,pen1_tur_cam2_20250125_082529.jpg
crop_705_pen1_tur_cam2_20250207_151443.jpg,0,pen1_tur_cam2_20250207_151443.jpg
crop_706_pen1_orb_cam1_20250108_085757.jpg,0,pen1_orb_cam1_20250108_085757.jpg
crop_707_pen1_tur_cam2_20250201_151137.jpg,0,pen1_tur_cam2_20250201_151137.jpg
crop_708_pen1_orb_cam2_20250108_085803.jpg,0,pen1_orb_cam2_20250108_085803.jpg
crop_709_pen2_tur_cam1_20250209_085155.jpg,0,pen2_tur_cam1_20250209_085155.jpg
crop_710_pen1_tur_cam2_20250207_140259.jpg,0,pen1_tur_cam2_20250207_140259.jpg
crop_711_pen2_tur_cam1_20250109_072706.jpg,0,pen2_tur_cam1_20250109_072706.jpg
crop_712_pen2_tur_cam1_20250109_075754.jpg,0,pen2_tur_cam1_20250109_075754.jpg
crop_713_pen2_tur_cam1_20250123_121831.jpg,0,pen2_tur_cam1_20250123_121831.jpg
crop_714_pen1_tur_cam2_20250126_071844.jpg,0,pen1_tur_cam2_20250126_071844.jpg
crop_715_pen1_tur_cam2_20250126_104655.jpg,0,pen1_tur_cam2_20250126_104655.jpg
crop_716_pen2_orb_cam1_20250108_083918.jpg,0,pen2_orb_cam1_20250108_083918.jpg
crop_717_pen1_tur_cam2_20250203_110411.jpg,0,pen1_tur_cam2_20250203_110411.jpg
crop_718_pen2_tur_cam1_20250209_092517.jpg,0,pen2_tur_cam1_20250209_092517.jpg
crop_719_pen2_tur_cam1_20250120_104302.jpg,0,pen2_tur_cam1_20250120_104302.jpg
crop_720_pen2_tur_cam1_20250209_133036.jpg,0,pen2_tur_cam1_20250209_133036.jpg
crop_721_pen1_tur_cam2_20250220_093852.jpg,0,pen1_tur_cam2_20250220_093852.jpg
crop_722_pen2_tur_cam1_20250209_105523.jpg,0,pen2_tur_cam1_20250209_105523.jpg
crop_723_pen1_tur_cam2_20250127_155848.jpg,0,pen1_tur_cam2_20250127_155848.jpg
crop_724_pen1_tur_cam2_20250201_140445.jpg,0,pen1_tur_cam2_20250201_140445.jpg
crop_725_pen1_tur_cam2_20250125_091831.jpg,0,pen1_tur_cam2_20250125_091831.jpg
crop_726_pen1_orb_cam2_20250108_090552.jpg,0,pen1_orb_cam2_20250108_090552.jpg
crop_727_pen2_tur_cam1_20250209_113207.jpg,0,pen2_tur_cam1_20250209_113207.jpg
crop_728_pen1_tur_cam2_20250127_150844.jpg,0,pen1_tur_cam2_20250127_150844.jpg
crop_729_pen1_tur_cam2_20250201_162548.jpg,0,pen1_tur_cam2_20250201_162548.jpg
crop_730_pen2_tur_cam1_20250123_141007.jpg,0,pen2_tur_cam1_20250123_141007.jpg
crop_731_pen2_tur_cam1_20250120_074429.jpg,0,pen2_tur_cam1_20250120_074429.jpg
crop_732_pen2_tur_cam1_20250123_101001.jpg,0,pen2_tur_cam1_20250123_101001.jpg
crop_733_pen1_tur_cam2_20250126_154320.jpg,0,pen1_tur_cam2_20250126_154320.jpg
crop_734_pen1_tur_cam2_20250207_151803.jpg,0,pen1_tur_cam2_20250207_151803.jpg
crop_735_pen1_tur_cam2_20250125_063657.jpg,0,pen1_tur_cam2_20250125_063657.jpg
crop_736_pen2_tur_cam1_20250209_090156.jpg,0,pen2_tur_cam1_20250209_090156.jpg
crop_737_pen1_tur_cam2_20250201_144227.jpg,0,pen1_tur_cam2_20250201_144227.jpg
crop_738_pen1_tur_cam2_20250126_124910.jpg,0,pen1_tur_cam2_20250126_124910.jpg
crop_739_pen1_orb_cam2_20250108_085839.jpg,0,pen1_orb_cam2_20250108_085839.jpg
crop_740_pen1_orb_cam2_20250108_090441.jpg,0,pen1_orb_cam2_20250108_090441.jpg
crop_741_pen1_orb_cam1_20250108_085546.jpg,0,pen1_orb_cam1_20250108_085546.jpg
crop_742_pen1_tur_cam2_20250201_154427.jpg,0,pen1_tur_cam2_20250201_154427.jpg
crop_743_pen1_tur_cam2_20250207_141439.jpg,0,pen1_tur_cam2_20250207_141439.jpg
crop_744_pen2_orb_cam1_20250108_084020.jpg,0,pen2_orb_cam1_20250108_084020.jpg
crop_745_pen1_tur_cam2_20250207_154807.jpg,0,pen1_tur_cam2_20250207_154807.jpg
crop_746_pen2_tur_cam1_20250209_145222.jpg,0,pen2_tur_cam1_20250209_145222.jpg
crop_747_pen1_tur_cam2_20250207_143942.jpg,0,pen1_tur_cam2_20250207_143942.jpg
crop_748_pen2_tur_cam1_20250123_123012.jpg,0,pen2_tur_cam1_20250123_123012.jpg
crop_749_pen1_tur_cam2_20250127_133542.jpg,0,pen1_tur_cam2_20250127_133542.jpg
crop_750_pen2_tur_cam1_20250209_091156.jpg,0,pen2_tur_cam1_20250209_091156.jpg
crop_751_pen1_orb_cam2_20250108_090204.jpg,0,pen1_orb_cam2_20250108_090204.jpg
crop_752_pen2_tur_cam1_20250109_080152.jpg,0,pen2_tur_cam1_20250109_080152.jpg
crop_753_pen2_tur_cam1_20250209_145542.jpg,0,pen2_tur_cam1_20250209_145542.jpg
crop_754_pen2_tur_cam1_20250209_112206.jpg,0,pen2_tur_cam1_20250209_112206.jpg
crop_755_pen1_tur_cam2_20250207_151945.jpg,0,pen1_tur_cam2_20250207_151945.jpg
crop_756_pen2_orb_cam1_20250108_084043.jpg,0,pen2_orb_cam1_20250108_084043.jpg
crop_757_pen1_tur_cam2_20250125_064718.jpg,0,pen1_tur_cam2_20250125_064718.jpg
crop_758_pen1_tur_cam2_20250220_095533.jpg,0,pen1_tur_cam2_20250220_095533.jpg
crop_759_pen1_orb_cam2_20250108_090421.jpg,0,pen1_orb_cam2_20250108_090421.jpg
crop_760_pen2_tur_cam1_20250120_094438.jpg,0,pen2_tur_cam1_20250120_094438.jpg
crop_761_pen2_tur_cam1_20250123_134417.jpg,0,pen2_tur_cam1_20250123_134417.jpg
crop_762_pen1_tur_cam2_20250127_171854.jpg,0,pen1_tur_cam2_20250127_171854.jpg
crop_763_pen2_tur_cam1_20250120_115446.jpg,0,pen2_tur_cam1_20250120_115446.jpg
crop_764_pen1_orb_cam1_20250108_090102.jpg,0,pen1_orb_cam1_20250108_090102.jpg
crop_765_pen1_orb_cam2_20250108_090234.jpg,0,pen1_orb_cam2_20250108_090234.jpg
crop_766_pen1_tur_cam2_20250207_125754.jpg,0,pen1_tur_cam2_20250207_125754.jpg
crop_767_pen1_orb_cam2_20250108_090214.jpg,0,pen1_orb_cam2_20250108_090214.jpg
crop_768_pen1_orb_cam2_20250108_131928.jpg,0,pen1_orb_cam2_20250108_131928.jpg
crop_769_pen2_tur_cam1_20250209_073150.jpg,0,pen2_tur_cam1_20250209_073150.jpg
crop_770_pen2_tur_cam1_20250209_105203.jpg,0,pen2_tur_cam1_20250209_105203.jpg
crop_771_pen2_tur_cam1_20250120_104802.jpg,0,pen2_tur_cam1_20250120_104802.jpg
crop_772_pen2_tur_cam1_20250209_131034.jpg,0,pen2_tur_cam1_20250209_131034.jpg
crop_773_pen2_tur_cam1_20250120_144348.jpg,0,pen2_tur_cam1_20250120_144348.jpg
crop_774_pen1_tur_cam2_20250201_085101.jpg,0,pen1_tur_cam2_20250201_085101.jpg
crop_775_pen1_tur_cam2_20250207_141940.jpg,0,pen1_tur_cam2_20250207_141940.jpg
crop_776_pen1_tur_cam2_20250220_101354.jpg,0,pen1_tur_cam2_20250220_101354.jpg
crop_777_pen1_orb_cam2_20250108_131848.jpg,0,pen1_orb_cam2_20250108_131848.jpg
crop_778_pen1_tur_cam2_20250126_153620.jpg,0,pen1_tur_cam2_20250126_153620.jpg
crop_779_pen1_tur_cam2_20250207_151803.jpg,0,pen1_tur_cam2_20250207_151803.jpg
crop_780_pen1_tur_cam2_20250125_104157.jpg,0,pen1_tur_cam2_20250125_104157.jpg
crop_781_pen1_tur_cam2_20250125_084100.jpg,0,pen1_tur_cam2_20250125_084100.jpg
crop_782_pen1_orb_cam1_20250108_090258.jpg,0,pen1_orb_cam1_20250108_090258.jpg
crop_783_pen1_tur_cam2_20250220_101034.jpg,0,pen1_tur_cam2_20250220_101034.jpg
crop_784_pen2_tur_cam1_20250209_090516.jpg,0,pen2_tur_cam1_20250209_090516.jpg
crop_785_pen1_tur_cam2_20250201_144546.jpg,0,pen1_tur_cam2_20250201_144546.jpg
crop_786_pen2_tur_cam1_20250120_143711.jpg,0,pen2_tur_cam1_20250120_143711.jpg
crop_787_pen1_tur_cam2_20250127_105824.jpg,0,pen1_tur_cam2_20250127_105824.jpg
crop_788_pen2_tur_cam1_20250120_101259.jpg,0,pen2_tur_cam1_20250120_101259.jpg
crop_789_pen1_tur_cam2_20250126_071524.jpg,0,pen1_tur_cam2_20250126_071524.jpg
crop_790_pen2_tur_cam1_20250120_121307.jpg,0,pen2_tur_cam1_20250120_121307.jpg
crop_791_pen2_tur_cam1_20250109_074553.jpg,0,pen2_tur_cam1_20250109_074553.jpg
crop_792_pen1_tur_cam2_20250126_133413.jpg,0,pen1_tur_cam2_20250126_133413.jpg
crop_793_pen2_tur_cam1_20250124_092637.jpg,0,pen2_tur_cam1_20250124_092637.jpg
crop_794_pen2_tur_cam1_20250120_101800.jpg,0,pen2_tur_cam1_20250120_101800.jpg
crop_795_pen2_tur_cam1_20250209_123532.jpg,0,pen2_tur_cam1_20250209_123532.jpg
crop_796_pen1_tur_cam2_20250127_172034.jpg,0,pen1_tur_cam2_20250127_172034.jpg
crop_797_pen1_tur_cam2_20250220_083347.jpg,0,pen1_tur_cam2_20250220_083347.jpg
crop_798_pen1_orb_cam2_20250108_090712.jpg,0,pen1_orb_cam2_20250108_090712.jpg
crop_799_pen1_tur_cam2_20250207_135758.jpg,0,pen1_tur_cam2_20250207_135758.jpg
crop_800_pen1_tur_cam2_20250126_105355.jpg,0,pen1_tur_cam2_20250126_105355.jpg
crop_801_pen1_tur_cam2_20250125_105658.jpg,0,pen1_tur_cam2_20250125_105658.jpg
crop_802_pen1_orb_cam2_20250108_091132.jpg,0,pen1_orb_cam2_20250108_091132.jpg
crop_803_pen2_tur_cam1_20250123_120010.jpg,0,pen2_tur_cam1_20250123_120010.jpg
crop_804_pen2_tur_cam1_20250124_092957.jpg,0,pen2_tur_cam1_20250124_092957.jpg
crop_805_pen1_tur_cam2_20250125_101835.jpg,0,pen1_tur_cam2_20250125_101835.jpg
crop_806_pen1_orb_cam2_20250108_091558.jpg,0,pen1_orb_cam2_20250108_091558.jpg
crop_807_pen1_tur_cam2_20250201_085421.jpg,0,pen1_tur_cam2_20250201_085421.jpg
crop_808_pen1_orb_cam1_20250108_085927.jpg,0,pen1_orb_cam1_20250108_085927.jpg
crop_809_pen1_tur_cam2_20250207_153946.jpg,0,pen1_tur_cam2_20250207_153946.jpg
crop_810_pen1_tur_cam2_20250220_101534.jpg,0,pen1_tur_cam2_20250220_101534.jpg
crop_811_pen2_tur_cam1_20250209_140038.jpg,0,pen2_tur_cam1_20250209_140038.jpg
crop_812_pen2_tur_cam1_20250123_112327.jpg,0,pen2_tur_cam1_20250123_112327.jpg
crop_813_pen1_tur_cam2_20250207_150302.jpg,0,pen1_tur_cam2_20250207_150302.jpg
crop_814_pen1_orb_cam1_20250108_090003.jpg,0,pen1_orb_cam1_20250108_090003.jpg
crop_815_pen1_orb_cam1_20250108_085908.jpg,0,pen1_orb_cam1_20250108_085908.jpg
crop_816_pen2_tur_cam1_20250124_090135.jpg,0,pen2_tur_cam1_20250124_090135.jpg
crop_817_pen2_tur_cam1_20250120_142847.jpg,0,pen2_tur_cam1_20250120_142847.jpg
crop_818_pen1_tur_cam2_20250207_142801.jpg,0,pen1_tur_cam2_20250207_142801.jpg
crop_819_pen2_tur_cam1_20250123_145958.jpg,0,pen2_tur_cam1_20250123_145958.jpg
crop_820_pen2_tur_cam1_20250209_112025.jpg,0,pen2_tur_cam1_20250209_112025.jpg
crop_821_pen1_tur_cam2_20250122_095129.jpg,0,pen1_tur_cam2_20250122_095129.jpg
crop_822_pen2_tur_cam1_20250209_090656.jpg,0,pen2_tur_cam1_20250209_090656.jpg
crop_823_pen2_tur_cam1_20250123_120330.jpg,0,pen2_tur_cam1_20250123_120330.jpg
crop_824_pen2_tur_cam1_20250124_092137.jpg,0,pen2_tur_cam1_20250124_092137.jpg
crop_825_pen1_tur_cam2_20250207_145803.jpg,0,pen1_tur_cam2_20250207_145803.jpg
crop_826_pen2_orb_cam1_20250108_084520.jpg,0,pen2_orb_cam1_20250108_084520.jpg
crop_827_pen1_orb_cam1_20250108_090028.jpg,0,pen1_orb_cam1_20250108_090028.jpg
crop_828_pen1_tur_cam2_20250127_132712.jpg,0,pen1_tur_cam2_20250127_132712.jpg
crop_829_pen2_tur_cam1_20250209_125213.jpg,0,pen2_tur_cam1_20250209_125213.jpg
crop_830_pen2_orb_cam1_20250108_084532.jpg,0,pen2_orb_cam1_20250108_084532.jpg
crop_831_pen1_tur_cam2_20250207_150943.jpg,0,pen1_tur_cam2_20250207_150943.jpg
crop_832_pen2_tur_cam1_20250123_141837.jpg,0,pen2_tur_cam1_20250123_141837.jpg
crop_833_pen2_tur_cam1_20250120_074249.jpg,0,pen2_tur_cam1_20250120_074249.jpg
crop_834_pen1_orb_cam2_20250108_090727.jpg,0,pen1_orb_cam2_20250108_090727.jpg
crop_835_pen2_tur_cam1_20250209_144041.jpg,0,pen2_tur_cam1_20250209_144041.jpg
crop_836_pen2_orb_cam1_20250108_084026.jpg,0,pen2_orb_cam1_20250108_084026.jpg
crop_837_pen1_tur_cam2_20250126_124410.jpg,0,pen1_tur_cam2_20250126_124410.jpg
crop_838_pen1_tur_cam2_20250127_153346.jpg,0,pen1_tur_cam2_20250127_153346.jpg
crop_839_pen1_tur_cam2_20250207_145303.jpg,0,pen1_tur_cam2_20250207_145303.jpg
crop_840_pen1_tur_cam2_20250125_113200.jpg,0,pen1_tur_cam2_20250125_113200.jpg
crop_841_pen2_tur_cam1_20250209_100521.jpg,0,pen2_tur_cam1_20250209_100521.jpg
crop_842_pen1_orb_cam1_20250108_085521.jpg,0,pen1_orb_cam1_20250108_085521.jpg
crop_843_pen1_tur_cam2_20250125_101835.jpg,0,pen1_tur_cam2_20250125_101835.jpg
crop_844_pen1_tur_cam2_20250207_122752.jpg,0,pen1_tur_cam2_20250207_122752.jpg
crop_845_pen2_tur_cam1_20250120_085254.jpg,0,pen2_tur_cam1_20250120_085254.jpg
crop_846_pen2_tur_cam1_20250109_074834.jpg,0,pen2_tur_cam1_20250109_074834.jpg
crop_847_pen2_tur_cam1_20250123_140307.jpg,0,pen2_tur_cam1_20250123_140307.jpg
crop_848_pen1_tur_cam2_20250125_105338.jpg,0,pen1_tur_cam2_20250125_105338.jpg
crop_849_pen1_tur_cam2_20250126_104335.jpg,0,pen1_tur_cam2_20250126_104335.jpg
crop_850_pen1_orb_cam2_20250108_090737.jpg,0,pen1_orb_cam2_20250108_090737.jpg
crop_851_pen2_tur_cam1_20250120_132341.jpg,0,pen2_tur_cam1_20250120_132341.jpg
crop_852_pen1_tur_cam2_20250127_171534.jpg,0,pen1_tur_cam2_20250127_171534.jpg
crop_853_pen2_tur_cam1_20250109_074827.jpg,0,pen2_tur_cam1_20250109_074827.jpg
crop_854_pen2_tur_cam1_20250120_143347.jpg,0,pen2_tur_cam1_20250120_143347.jpg
crop_855_pen1_orb_cam1_20250108_090052.jpg,0,pen1_orb_cam1_20250108_090052.jpg
crop_856_pen1_orb_cam2_20250108_091127.jpg,0,pen1_orb_cam2_20250108_091127.jpg
crop_857_pen1_tur_cam2_20250207_150803.jpg,0,pen1_tur_cam2_20250207_150803.jpg
crop_858_pen1_tur_cam2_20250207_142941.jpg,0,pen1_tur_cam2_20250207_142941.jpg
crop_859_pen1_orb_cam2_20250108_131913.jpg,0,pen1_orb_cam2_20250108_131913.jpg
crop_860_pen1_orb_cam1_20250108_085953.jpg,0,pen1_orb_cam1_20250108_085953.jpg
crop_861_pen2_tur_cam1_20250209_113527.jpg,0,pen2_tur_cam1_20250209_113527.jpg
crop_862_pen1_tur_cam2_20250125_070248.jpg,0,pen1_tur_cam2_20250125_070248.jpg
crop_863_pen1_tur_cam2_20250126_070023.jpg,0,pen1_tur_cam2_20250126_070023.jpg
crop_864_pen1_tur_cam2_20250203_103049.jpg,0,pen1_tur_cam2_20250203_103049.jpg
crop_865_pen1_orb_cam2_20250108_091538.jpg,0,pen1_orb_cam2_20250108_091538.jpg
crop_866_pen1_tur_cam2_20250207_150943.jpg,0,pen1_tur_cam2_20250207_150943.jpg
crop_867_pen2_tur_cam1_20250209_145542.jpg,0,pen2_tur_cam1_20250209_145542.jpg
crop_868_pen1_tur_cam2_20250220_094532.jpg,0,pen1_tur_cam2_20250220_094532.jpg
crop_869_pen1_tur_cam2_20250203_112553.jpg,0,pen1_tur_cam2_20250203_112553.jpg
crop_870_pen2_tur_cam1_20250209_114528.jpg,0,pen2_tur_cam1_20250209_114528.jpg
crop_871_pen1_tur_cam2_20250122_135920.jpg,0,pen1_tur_cam2_20250122_135920.jpg
crop_872_pen2_tur_cam1_20250209_074150.jpg,0,pen2_tur_cam1_20250209_074150.jpg
crop_873_pen1_tur_cam2_20250127_132522.jpg,0,pen1_tur_cam2_20250127_132522.jpg
crop_874_pen2_tur_cam1_20250120_104442.jpg,0,pen2_tur_cam1_20250120_104442.jpg
crop_875_pen1_tur_cam2_20250126_070023.jpg,0,pen1_tur_cam2_20250126_070023.jpg
crop_876_pen1_orb_cam2_20250108_085844.jpg,0,pen1_orb_cam2_20250108_085844.jpg
crop_877_pen1_orb_cam2_20250108_091218.jpg,0,pen1_orb_cam2_20250108_091218.jpg
crop_878_pen1_tur_cam2_20250127_151344.jpg,0,pen1_tur_cam2_20250127_151344.jpg
crop_879_pen1_tur_cam2_20250127_104823.jpg,0,pen1_tur_cam2_20250127_104823.jpg
crop_880_pen2_tur_cam1_20250209_074010.jpg,0,pen2_tur_cam1_20250209_074010.jpg
crop_881_pen1_orb_cam2_20250108_131918.jpg,0,pen1_orb_cam2_20250108_131918.jpg
crop_882_pen2_tur_cam1_20250123_143557.jpg,0,pen2_tur_cam1_20250123_143557.jpg
crop_883_pen1_tur_cam2_20250220_095853.jpg,0,pen1_tur_cam2_20250220_095853.jpg
crop_884_pen2_tur_cam1_20250209_143541.jpg,0,pen2_tur_cam1_20250209_143541.jpg
crop_885_pen1_tur_cam2_20250127_132712.jpg,0,pen1_tur_cam2_20250127_132712.jpg
crop_886_pen2_tur_cam1_20250209_143721.jpg,0,pen2_tur_cam1_20250209_143721.jpg
crop_887_pen2_tur_cam1_20250109_074504.jpg,0,pen2_tur_cam1_20250109_074504.jpg
crop_888_pen2_tur_cam1_20250123_121831.jpg,0,pen2_tur_cam1_20250123_121831.jpg
crop_889_pen1_tur_cam2_20250125_081659.jpg,0,pen1_tur_cam2_20250125_081659.jpg
crop_890_pen1_tur_cam2_20250122_113451.jpg,0,pen1_tur_cam2_20250122_113451.jpg
crop_891_pen1_tur_cam2_20250201_140445.jpg,0,pen1_tur_cam2_20250201_140445.jpg
crop_892_pen1_orb_cam1_20250108_085229.jpg,0,pen1_orb_cam1_20250108_085229.jpg
crop_893_pen1_tur_cam2_20250207_153446.jpg,0,pen1_tur_cam2_20250207_153446.jpg
crop_894_pen1_tur_cam2_20250127_152526.jpg,0,pen1_tur_cam2_20250127_152526.jpg
crop_895_pen1_orb_cam2_20250108_131943.jpg,0,pen1_orb_cam2_20250108_131943.jpg
crop_896_pen2_tur_cam1_20250209_080152.jpg,0,pen2_tur_cam1_20250209_080152.jpg
crop_897_pen1_tur_cam2_20250127_130632.jpg,0,pen1_tur_cam2_20250127_130632.jpg
crop_898_pen1_orb_cam2_20250108_091518.jpg,0,pen1_orb_cam2_20250108_091518.jpg
crop_899_pen1_tur_cam2_20250125_103656.jpg,0,pen1_tur_cam2_20250125_103656.jpg
crop_900_pen1_orb_cam1_20250108_090047.jpg,0,pen1_orb_cam1_20250108_090047.jpg
crop_901_pen1_tur_cam2_20250125_111159.jpg,0,pen1_tur_cam2_20250125_111159.jpg
crop_902_pen1_tur_cam2_20250126_122548.jpg,0,pen1_tur_cam2_20250126_122548.jpg
crop_903_pen2_tur_cam1_20250120_141718.jpg,0,pen2_tur_cam1_20250120_141718.jpg
crop_904_pen1_tur_cam2_20250125_082209.jpg,0,pen1_tur_cam2_20250125_082209.jpg
crop_905_pen2_tur_cam1_20250209_094018.jpg,0,pen2_tur_cam1_20250209_094018.jpg
crop_906_pen1_tur_cam2_20250127_111325.jpg,0,pen1_tur_cam2_20250127_111325.jpg
crop_907_pen2_tur_cam1_20250124_093638.jpg,0,pen2_tur_cam1_20250124_093638.jpg
crop_908_pen1_tur_cam2_20250207_134257.jpg,0,pen1_tur_cam2_20250207_134257.jpg
crop_909_pen1_tur_cam2_20250201_085101.jpg,0,pen1_tur_cam2_20250201_085101.jpg
crop_910_pen2_tur_cam1_20250209_091657.jpg,0,pen2_tur_cam1_20250209_091657.jpg
crop_911_pen1_orb_cam2_20250108_085536.jpg,0,pen1_orb_cam2_20250108_085536.jpg
crop_912_pen2_tur_cam1_20250109_073935.jpg,0,pen2_tur_cam1_20250109_073935.jpg
crop_913_pen1_tur_cam2_20250125_063847.jpg,0,pen1_tur_cam2_20250125_063847.jpg
crop_914_pen1_tur_cam2_20250125_064207.jpg,0,pen1_tur_cam2_20250125_064207.jpg
crop_915_pen2_tur_cam1_20250209_130214.jpg,0,pen2_tur_cam1_20250209_130214.jpg
crop_916_pen2_tur_cam1_20250209_145723.jpg,0,pen2_tur_cam1_20250209_145723.jpg
crop_917_pen1_tur_cam2_20250126_080528.jpg,0,pen1_tur_cam2_20250126_080528.jpg
crop_918_pen2_tur_cam1_20250209_092658.jpg,0,pen2_tur_cam1_20250209_092658.jpg
crop_919_pen1_tur_cam2_20250127_164031.jpg,0,pen1_tur_cam2_20250127_164031.jpg
crop_920_pen2_tur_cam1_20250209_142720.jpg,0,pen2_tur_cam1_20250209_142720.jpg
crop_921_pen2_tur_cam1_20250209_093158.jpg,0,pen2_tur_cam1_20250209_093158.jpg
crop_922_pen1_tur_cam2_20250207_152444.jpg,0,pen1_tur_cam2_20250207_152444.jpg
crop_923_pen1_tur_cam2_20250125_090650.jpg,0,pen1_tur_cam2_20250125_090650.jpg
crop_924_pen2_tur_cam1_20250123_100320.jpg,0,pen2_tur_cam1_20250123_100320.jpg
crop_925_pen2_tur_cam1_20250120_091436.jpg,0,pen2_tur_cam1_20250120_091436.jpg
crop_926_pen1_orb_cam2_20250108_085854.jpg,0,pen1_orb_cam2_20250108_085854.jpg
crop_927_pen1_tur_cam2_20250207_131936.jpg,0,pen1_tur_cam2_20250207_131936.jpg
crop_928_pen2_tur_cam1_20250120_071248.jpg,0,pen2_tur_cam1_20250120_071248.jpg
crop_929_pen1_orb_cam2_20250108_085526.jpg,0,pen1_orb_cam2_20250108_085526.jpg
crop_930_pen1_tur_cam2_20250207_150302.jpg,0,pen1_tur_cam2_20250207_150302.jpg
crop_931_pen1_tur_cam2_20250207_125434.jpg,0,pen1_tur_cam2_20250207_125434.jpg
crop_932_pen1_orb_cam2_20250108_131833.jpg,0,pen1_orb_cam2_20250108_131833.jpg
crop_933_pen1_tur_cam2_20250203_101548.jpg,0,pen1_tur_cam2_20250203_101548.jpg
crop_934_pen2_tur_cam1_20250123_145447.jpg,0,pen2_tur_cam1_20250123_145447.jpg
crop_935_pen2_tur_cam1_20250209_095159.jpg,0,pen2_tur_cam1_20250209_095159.jpg
crop_936_pen1_tur_cam2_20250127_160028.jpg,0,pen1_tur_cam2_20250127_160028.jpg
crop_937_pen2_tur_cam1_20250123_123512.jpg,0,pen2_tur_cam1_20250123_123512.jpg
crop_938_pen2_tur_cam1_20250123_104824.jpg,0,pen2_tur_cam1_20250123_104824.jpg
crop_939_pen1_orb_cam1_20250108_085927.jpg,0,pen1_orb_cam1_20250108_085927.jpg
crop_940_pen1_orb_cam1_20250108_090132.jpg,0,pen1_orb_cam1_20250108_090132.jpg
crop_941_pen1_tur_cam2_20250126_105205.jpg,0,pen1_tur_cam2_20250126_105205.jpg
crop_942_pen2_tur_cam1_20250123_122831.jpg,0,pen2_tur_cam1_20250123_122831.jpg
crop_943_pen1_tur_cam2_20250126_092054.jpg,0,pen1_tur_cam2_20250126_092054.jpg
crop_944_pen1_orb_cam2_20250108_131958.jpg,0,pen1_orb_cam2_20250108_131958.jpg
crop_945_pen1_orb_cam1_20250108_085922.jpg,0,pen1_orb_cam1_20250108_085922.jpg
crop_946_pen2_tur_cam1_20250109_072816.jpg,0,pen2_tur_cam1_20250109_072816.jpg
crop_947_pen1_tur_cam2_20250125_143857.jpg,0,pen1_tur_cam2_20250125_143857.jpg
crop_948_pen1_tur_cam2_20250126_071844.jpg,0,pen1_tur_cam2_20250126_071844.jpg
crop_949_pen2_tur_cam1_20250209_105704.jpg,0,pen2_tur_cam1_20250209_105704.jpg
crop_950_pen1_tur_cam2_20250220_082847.jpg,0,pen1_tur_cam2_20250220_082847.jpg
crop_951_pen2_tur_cam1_20250209_113708.jpg,0,pen2_tur_cam1_20250209_113708.jpg
crop_952_pen2_tur_cam1_20250123_121331.jpg,0,pen2_tur_cam1_20250123_121331.jpg
crop_953_pen1_tur_cam2_20250122_100659.jpg,0,pen1_tur_cam2_20250122_100659.jpg
crop_954_pen1_tur_cam2_20250207_152946.jpg,0,pen1_tur_cam2_20250207_152946.jpg
crop_955_pen2_tur_cam1_20250209_135037.jpg,0,pen2_tur_cam1_20250209_135037.jpg
crop_956_pen1_tur_cam2_20250201_153727.jpg,0,pen1_tur_cam2_20250201_153727.jpg
crop_957_pen1_tur_cam2_20250126_110415.jpg,0,pen1_tur_cam2_20250126_110415.jpg
crop_958_pen2_tur_cam1_20250209_114027.jpg,0,pen2_tur_cam1_20250209_114027.jpg
crop_959_pen1_orb_cam1_20250108_090238.jpg,0,pen1_orb_cam1_20250108_090238.jpg
crop_960_pen1_orb_cam2_20250108_131903.jpg,0,pen1_orb_cam2_20250108_131903.jpg
crop_961_pen2_tur_cam1_20250109_074518.jpg,0,pen2_tur_cam1_20250109_074518.jpg
crop_962_pen2_tur_cam1_20250209_073650.jpg,0,pen2_tur_cam1_20250209_073650.jpg
crop_963_pen1_tur_cam2_20250127_171353.jpg,0,pen1_tur_cam2_20250127_171353.jpg
crop_964_pen1_tur_cam2_20250127_133222.jpg,0,pen1_tur_cam2_20250127_133222.jpg
crop_965_pen2_tur_cam1_20250109_074642.jpg,0,pen2_tur_cam1_20250109_074642.jpg
crop_966_pen2_tur_cam1_20250109_075726.jpg,0,pen2_tur_cam1_20250109_075726.jpg
crop_967_pen2_tur_cam1_20250209_141220.jpg,0,pen2_tur_cam1_20250209_141220.jpg
crop_968_pen1_tur_cam2_20250207_153946.jpg,0,pen1_tur_cam2_20250207_153946.jpg
crop_969_pen1_orb_cam2_20250108_085819.jpg,0,pen1_orb_cam2_20250108_085819.jpg
crop_970_pen1_orb_cam1_20250108_085918.jpg,0,pen1_orb_cam1_20250108_085918.jpg
crop_971_pen2_tur_cam1_20250120_121948.jpg,0,pen2_tur_cam1_20250120_121948.jpg
crop_972_pen1_orb_cam1_20250108_085601.jpg,0,pen1_orb_cam1_20250108_085601.jpg
crop_973_pen1_tur_cam2_20250125_082529.jpg,0,pen1_tur_cam2_20250125_082529.jpg
crop_974_pen2_tur_cam1_20250209_090656.jpg,0,pen2_tur_cam1_20250209_090656.jpg
crop_975_pen1_tur_cam2_20250122_120042.jpg,0,pen1_tur_cam2_20250122_120042.jpg
crop_976_pen2_tur_cam1_20250120_135204.jpg,0,pen2_tur_cam1_20250120_135204.jpg
crop_977_pen2_tur_cam1_20250209_121030.jpg,0,pen2_tur_cam1_20250209_121030.jpg
crop_978_pen1_tur_cam2_20250125_103656.jpg,0,pen1_tur_cam2_20250125_103656.jpg
crop_979_pen2_tur_cam1_20250120_134343.jpg,0,pen2_tur_cam1_20250120_134343.jpg
crop_980_pen1_tur_cam2_20250125_063657.jpg,0,pen1_tur_cam2_20250125_063657.jpg
crop_981_pen1_orb_cam1_20250108_090303.jpg,0,pen1_orb_cam1_20250108_090303.jpg
crop_982_pen2_tur_cam1_20250120_143231.jpg,0,pen2_tur_cam1_20250120_143231.jpg
crop_983_pen2_orb_cam1_20250108_084336.jpg,0,pen2_orb_cam1_20250108_084336.jpg
crop_984_pen2_tur_cam1_20250109_074532.jpg,0,pen2_tur_cam1_20250109_074532.jpg
crop_985_pen2_tur_cam1_20250120_120947.jpg,0,pen2_tur_cam1_20250120_120947.jpg
crop_986_pen1_tur_cam2_20250207_142801.jpg,0,pen1_tur_cam2_20250207_142801.jpg
crop_987_pen2_orb_cam1_20250108_084325.jpg,0,pen2_orb_cam1_20250108_084325.jpg
crop_988_pen1_tur_cam2_20250126_093434.jpg,0,pen1_tur_cam2_20250126_093434.jpg
crop_989_pen1_orb_cam1_20250108_085632.jpg,0,pen1_orb_cam1_20250108_085632.jpg
crop_990_pen1_tur_cam2_20250126_110225.jpg,0,pen1_tur_cam2_20250126_110225.jpg
crop_991_pen1_tur_cam2_20250126_122548.jpg,0,pen1_tur_cam2_20250126_122548.jpg
crop_992_pen2_tur_cam1_20250209_091516.jpg,0,pen2_tur_cam1_20250209_091516.jpg
crop_993_pen1_tur_cam2_20250202_154124.jpg,0,pen1_tur_cam2_20250202_154124.jpg
crop_994_pen2_tur_cam1_20250209_125213.jpg,0,pen2_tur_cam1_20250209_125213.jpg
crop_995_pen2_tur_cam1_20250209_091016.jpg,0,pen2_tur_cam1_20250209_091016.jpg
crop_996_pen2_tur_cam1_20250209_142040.jpg,0,pen2_tur_cam1_20250209_142040.jpg
crop_997_pen1_tur_cam2_20250127_153026.jpg,0,pen1_tur_cam2_20250127_153026.jpg
crop_998_pen1_orb_cam1_20250108_090218.jpg,0,pen1_orb_cam1_20250108_090218.jpg
crop_999_pen2_tur_cam1_20250123_145447.jpg,0,pen2_tur_cam1_20250123_145447.jpg
crop_1000_pen1_tur_cam2_20250203_113053.jpg,0,pen1_tur_cam2_20250203_113053.jpg
crop_1001_pen1_tur_cam2_20250220_104857.jpg,0,pen1_tur_cam2_20250220_104857.jpg
crop_1002_pen1_tur_cam2_20250125_111339.jpg,0,pen1_tur_cam2_20250125_111339.jpg
crop_1003_pen1_tur_cam2_20250126_100724.jpg,0,pen1_tur_cam2_20250126_100724.jpg
crop_1004_pen1_tur_cam2_20250125_105658.jpg,0,pen1_tur_cam2_20250125_105658.jpg
crop_1005_pen1_tur_cam2_20250125_063657.jpg,0,pen1_tur_cam2_20250125_063657.jpg
crop_1006_pen2_tur_cam1_20250120_144348.jpg,0,pen2_tur_cam1_20250120_144348.jpg
crop_1007_pen2_tur_cam1_20250123_123012.jpg,0,pen2_tur_cam1_20250123_123012.jpg
crop_1008_pen2_tur_cam1_20250209_082653.jpg,0,pen2_tur_cam1_20250209_082653.jpg
crop_1009_pen1_tur_cam2_20250122_125556.jpg,0,pen1_tur_cam2_20250122_125556.jpg
crop_1010_pen1_tur_cam2_20250127_130442.jpg,0,pen1_tur_cam2_20250127_130442.jpg
crop_1011_pen2_tur_cam1_20250209_091657.jpg,0,pen2_tur_cam1_20250209_091657.jpg
crop_1012_pen1_orb_cam1_20250108_085838.jpg,0,pen1_orb_cam1_20250108_085838.jpg
crop_1013_pen2_tur_cam1_20250123_145958.jpg,0,pen2_tur_cam1_20250123_145958.jpg
crop_1014_pen1_tur_cam2_20250220_070341.jpg,0,pen1_tur_cam2_20250220_070341.jpg
crop_1015_pen1_tur_cam2_20250220_103536.jpg,0,pen1_tur_cam2_20250220_103536.jpg
crop_1016_pen1_tur_cam2_20250122_112941.jpg,0,pen1_tur_cam2_20250122_112941.jpg
crop_1017_pen1_tur_cam2_20250127_153026.jpg,0,pen1_tur_cam2_20250127_153026.jpg
crop_1018_pen2_tur_cam1_20250109_074841.jpg,0,pen2_tur_cam1_20250109_074841.jpg
crop_1019_pen1_tur_cam2_20250125_071458.jpg,0,pen1_tur_cam2_20250125_071458.jpg
crop_1020_pen1_orb_cam1_20250108_085742.jpg,0,pen1_orb_cam1_20250108_085742.jpg
crop_1021_pen1_tur_cam2_20250203_102909.jpg,0,pen1_tur_cam2_20250203_102909.jpg
crop_1022_pen1_tur_cam2_20250126_072845.jpg,0,pen1_tur_cam2_20250126_072845.jpg
crop_1023_pen2_tur_cam1_20250209_072509.jpg,0,pen2_tur_cam1_20250209_072509.jpg
crop_1024_pen1_tur_cam2_20250207_144802.jpg,0,pen1_tur_cam2_20250207_144802.jpg
crop_1025_pen2_tur_cam1_20250209_104203.jpg,0,pen2_tur_cam1_20250209_104203.jpg
crop_1026_pen1_tur_cam2_20250207_154306.jpg,0,pen1_tur_cam2_20250207_154306.jpg
crop_1027_pen1_tur_cam2_20250126_082349.jpg,0,pen1_tur_cam2_20250126_082349.jpg
crop_1028_pen1_tur_cam2_20250126_071344.jpg,0,pen1_tur_cam2_20250126_071344.jpg
crop_1029_pen1_tur_cam2_20250207_143942.jpg,0,pen1_tur_cam2_20250207_143942.jpg
crop_1030_pen1_orb_cam2_20250108_090229.jpg,0,pen1_orb_cam2_20250108_090229.jpg
crop_1031_pen1_orb_cam2_20250108_085732.jpg,0,pen1_orb_cam2_20250108_085732.jpg
crop_1032_pen1_orb_cam2_20250108_131918.jpg,0,pen1_orb_cam2_20250108_131918.jpg
crop_1033_pen2_tur_cam1_20250209_095519.jpg,0,pen2_tur_cam1_20250209_095519.jpg
crop_1034_pen2_tur_cam1_20250209_093158.jpg,0,pen2_tur_cam1_20250209_093158.jpg
crop_1035_pen1_orb_cam2_20250108_090808.jpg,0,pen1_orb_cam2_20250108_090808.jpg
crop_1036_pen1_tur_cam2_20250125_140315.jpg,0,pen1_tur_cam2_20250125_140315.jpg
crop_1037_pen1_orb_cam1_20250108_090047.jpg,0,pen1_orb_cam1_20250108_090047.jpg
crop_1038_pen1_tur_cam2_20250127_160028.jpg,0,pen1_tur_cam2_20250127_160028.jpg
crop_1039_pen1_orb_cam2_20250108_090846.jpg,0,pen1_orb_cam2_20250108_090846.jpg
crop_1040_pen1_tur_cam2_20250125_104337.jpg,0,pen1_tur_cam2_20250125_104337.jpg
crop_1041_pen2_tur_cam1_20250209_092517.jpg,0,pen2_tur_cam1_20250209_092517.jpg
crop_1042_pen2_tur_cam1_20250124_091456.jpg,0,pen2_tur_cam1_20250124_091456.jpg
crop_1043_pen2_tur_cam1_20250209_080652.jpg,0,pen2_tur_cam1_20250209_080652.jpg
crop_1044_pen1_orb_cam2_20250108_091208.jpg,0,pen1_orb_cam2_20250108_091208.jpg
crop_1045_pen2_tur_cam1_20250209_142540.jpg,0,pen2_tur_cam1_20250209_142540.jpg
crop_1046_pen2_tur_cam1_20250209_093158.jpg,0,pen2_tur_cam1_20250209_093158.jpg
crop_1047_pen1_orb_cam2_20250108_131903.jpg,0,pen1_orb_cam2_20250108_131903.jpg
crop_1048_pen1_tur_cam2_20250126_153620.jpg,0,pen1_tur_cam2_20250126_153620.jpg
crop_1049_pen2_tur_cam1_20250120_134844.jpg,0,pen2_tur_cam1_20250120_134844.jpg
crop_1050_pen2_tur_cam1_20250123_135247.jpg,0,pen2_tur_cam1_20250123_135247.jpg
crop_1051_pen2_tur_cam1_20250209_142040.jpg,0,pen2_tur_cam1_20250209_142040.jpg
crop_1052_pen1_orb_cam1_20250108_090107.jpg,0,pen1_orb_cam1_20250108_090107.jpg
crop_1053_pen1_tur_cam2_20250126_124049.jpg,0,pen1_tur_cam2_20250126_124049.jpg
crop_1054_pen1_tur_cam2_20250126_080028.jpg,0,pen1_tur_cam2_20250126_080028.jpg
crop_1055_pen1_tur_cam2_20250220_103536.jpg,0,pen1_tur_cam2_20250220_103536.jpg
crop_1056_pen1_tur_cam2_20250207_152444.jpg,0,pen1_tur_cam2_20250207_152444.jpg
crop_1057_pen1_tur_cam2_20250203_113553.jpg,0,pen1_tur_cam2_20250203_113553.jpg
crop_1058_pen1_tur_cam2_20250207_143301.jpg,0,pen1_tur_cam2_20250207_143301.jpg
crop_1059_pen1_tur_cam2_20250125_101335.jpg,0,pen1_tur_cam2_20250125_101335.jpg
crop_1060_pen1_tur_cam2_20250125_112339.jpg,0,pen1_tur_cam2_20250125_112339.jpg
crop_1061_pen1_tur_cam2_20250125_103336.jpg,0,pen1_tur_cam2_20250125_103336.jpg
crop_1062_pen2_tur_cam1_20250123_120330.jpg,0,pen2_tur_cam1_20250123_120330.jpg
crop_1063_pen2_tur_cam1_20250120_075930.jpg,0,pen2_tur_cam1_20250120_075930.jpg
crop_1064_pen2_tur_cam1_20250209_082653.jpg,0,pen2_tur_cam1_20250209_082653.jpg
crop_1065_pen1_tur_cam2_20250127_155528.jpg,0,pen1_tur_cam2_20250127_155528.jpg
crop_1066_pen2_tur_cam1_20250209_092157.jpg,0,pen2_tur_cam1_20250209_092157.jpg
crop_1067_pen2_tur_cam1_20250209_101701.jpg,0,pen2_tur_cam1_20250209_101701.jpg
crop_1068_pen1_tur_cam2_20250125_115913.jpg,0,pen1_tur_cam2_20250125_115913.jpg
crop_1069_pen1_tur_cam2_20250202_153624.jpg,0,pen1_tur_cam2_20250202_153624.jpg
crop_1070_pen2_tur_cam1_20250109_074415.jpg,0,pen2_tur_cam1_20250109_074415.jpg
crop_1071_pen1_orb_cam2_20250108_131958.jpg,0,pen1_orb_cam2_20250108_131958.jpg
crop_1072_pen2_tur_cam1_20250209_082653.jpg,0,pen2_tur_cam1_20250209_082653.jpg
crop_1073_pen1_orb_cam1_20250108_085652.jpg,0,pen1_orb_cam1_20250108_085652.jpg
crop_1074_pen2_tur_cam1_20250209_125714.jpg,0,pen2_tur_cam1_20250209_125714.jpg
crop_1075_pen1_tur_cam2_20250125_131134.jpg,0,pen1_tur_cam2_20250125_131134.jpg
crop_1076_pen2_tur_cam1_20250209_102021.jpg,0,pen2_tur_cam1_20250209_102021.jpg
crop_1077_pen1_tur_cam2_20250220_095033.jpg,0,pen1_tur_cam2_20250220_095033.jpg
crop_1078_pen1_tur_cam2_20250126_073846.jpg,0,pen1_tur_cam2_20250126_073846.jpg
crop_1079_pen2_orb_cam1_20250108_084342.jpg,0,pen2_orb_cam1_20250108_084342.jpg
crop_1080_pen1_orb_cam2_20250108_085859.jpg,0,pen1_orb_cam2_20250108_085859.jpg
crop_1081_pen2_tur_cam1_20250209_122211.jpg,0,pen2_tur_cam1_20250209_122211.jpg
crop_1082_pen2_tur_cam1_20250120_131201.jpg,0,pen2_tur_cam1_20250120_131201.jpg
crop_1083_pen2_tur_cam1_20250209_133536.jpg,0,pen2_tur_cam1_20250209_133536.jpg
crop_1084_pen1_tur_cam2_20250126_134414.jpg,0,pen1_tur_cam2_20250126_134414.jpg
crop_1085_pen1_orb_cam1_20250108_085716.jpg,0,pen1_orb_cam1_20250108_085716.jpg
crop_1086_pen1_tur_cam2_20250207_135939.jpg,0,pen1_tur_cam2_20250207_135939.jpg
crop_1087_pen1_orb_cam2_20250108_090224.jpg,0,pen1_orb_cam2_20250108_090224.jpg
crop_1088_pen1_orb_cam1_20250108_085938.jpg,0,pen1_orb_cam1_20250108_085938.jpg
crop_1089_pen1_tur_cam2_20250122_115531.jpg,0,pen1_tur_cam2_20250122_115531.jpg
crop_1090_pen1_tur_cam2_20250203_104550.jpg,0,pen1_tur_cam2_20250203_104550.jpg
crop_1091_pen1_orb_cam2_20250108_090722.jpg,0,pen1_orb_cam2_20250108_090722.jpg
crop_1092_pen2_tur_cam1_20250209_133717.jpg,0,pen2_tur_cam1_20250209_133717.jpg
crop_1093_pen2_tur_cam1_20250209_072149.jpg,0,pen2_tur_cam1_20250209_072149.jpg
crop_1094_pen2_tur_cam1_20250209_143541.jpg,0,pen2_tur_cam1_20250209_143541.jpg
crop_1095_pen1_tur_cam2_20250127_103502.jpg,0,pen1_tur_cam2_20250127_103502.jpg
crop_1096_pen2_tur_cam1_20250209_100200.jpg,0,pen2_tur_cam1_20250209_100200.jpg
crop_1097_pen2_tur_cam1_20250123_111006.jpg,0,pen2_tur_cam1_20250123_111006.jpg
crop_1098_pen1_tur_cam2_20250122_115341.jpg,0,pen1_tur_cam2_20250122_115341.jpg
crop_1099_pen1_orb_cam2_20250108_131858.jpg,0,pen1_orb_cam2_20250108_131858.jpg
crop_1100_pen2_tur_cam1_20250120_115306.jpg,0,pen2_tur_cam1_20250120_115306.jpg
crop_1101_pen2_tur_cam1_20250209_142540.jpg,0,pen2_tur_cam1_20250209_142540.jpg
crop_1102_pen2_tur_cam1_20250123_151718.jpg,0,pen2_tur_cam1_20250123_151718.jpg
crop_1103_pen2_tur_cam1_20250123_112007.jpg,0,pen2_tur_cam1_20250123_112007.jpg
crop_1104_pen1_tur_cam2_20250125_070438.jpg,0,pen1_tur_cam2_20250125_070438.jpg
crop_1105_pen2_tur_cam1_20250209_103022.jpg,0,pen2_tur_cam1_20250209_103022.jpg
crop_1106_pen2_tur_cam1_20250209_105523.jpg,0,pen2_tur_cam1_20250209_105523.jpg
crop_1107_pen1_tur_cam2_20250126_093624.jpg,0,pen1_tur_cam2_20250126_093624.jpg
crop_1108_pen1_orb_cam1_20250108_085546.jpg,0,pen1_orb_cam1_20250108_085546.jpg
crop_1109_pen2_tur_cam1_20250123_150658.jpg,0,pen2_tur_cam1_20250123_150658.jpg
crop_1110_pen1_tur_cam2_20250122_102550.jpg,0,pen1_tur_cam2_20250122_102550.jpg
crop_1111_pen1_tur_cam2_20250125_085820.jpg,0,pen1_tur_cam2_20250125_085820.jpg
crop_1112_pen1_orb_cam2_20250108_090044.jpg,0,pen1_orb_cam2_20250108_090044.jpg
crop_1113_pen2_tur_cam1_20250120_132341.jpg,0,pen2_tur_cam1_20250120_132341.jpg
crop_1114_pen2_tur_cam1_20250120_140205.jpg,0,pen2_tur_cam1_20250120_140205.jpg
crop_1115_pen1_tur_cam2_20250207_151443.jpg,0,pen1_tur_cam2_20250207_151443.jpg
crop_1116_pen2_tur_cam1_20250120_095938.jpg,0,pen2_tur_cam1_20250120_095938.jpg
crop_1117_pen2_tur_cam1_20250120_135204.jpg,0,pen2_tur_cam1_20250120_135204.jpg
crop_1118_pen1_orb_cam1_20250108_085918.jpg,0,pen1_orb_cam1_20250108_085918.jpg
crop_1119_pen1_tur_cam2_20250207_152804.jpg,0,pen1_tur_cam2_20250207_152804.jpg
crop_1120_pen1_tur_cam2_20250220_083528.jpg,0,pen1_tur_cam2_20250220_083528.jpg
crop_1121_pen1_tur_cam2_20250126_091904.jpg,0,pen1_tur_cam2_20250126_091904.jpg
crop_1122_pen1_tur_cam2_20250207_132756.jpg,0,pen1_tur_cam2_20250207_132756.jpg
crop_1123_pen1_tur_cam2_20250220_083347.jpg,0,pen1_tur_cam2_20250220_083347.jpg
crop_1124_pen1_tur_cam2_20250201_152707.jpg,0,pen1_tur_cam2_20250201_152707.jpg
crop_1125_pen1_tur_cam2_20250207_150302.jpg,0,pen1_tur_cam2_20250207_150302.jpg
crop_1126_pen1_tur_cam2_20250207_152946.jpg,0,pen1_tur_cam2_20250207_152946.jpg
crop_1127_pen2_tur_cam1_20250209_105023.jpg,0,pen2_tur_cam1_20250209_105023.jpg
crop_1128_pen1_tur_cam2_20250126_122548.jpg,0,pen1_tur_cam2_20250126_122548.jpg
crop_1129_pen2_tur_cam1_20250123_110506.jpg,0,pen2_tur_cam1_20250123_110506.jpg
crop_1130_pen1_tur_cam2_20250127_152025.jpg,0,pen1_tur_cam2_20250127_152025.jpg
crop_1131_pen1_orb_cam2_20250108_091528.jpg,0,pen1_orb_cam2_20250108_091528.jpg
crop_1132_pen1_tur_cam2_20250125_083549.jpg,0,pen1_tur_cam2_20250125_083549.jpg
crop_1133_pen1_tur_cam2_20250125_104837.jpg,0,pen1_tur_cam2_20250125_104837.jpg
crop_1134_pen1_tur_cam2_20250125_103837.jpg,0,pen1_tur_cam2_20250125_103837.jpg
crop_1135_pen1_tur_cam2_20250122_141602.jpg,0,pen1_tur_cam2_20250122_141602.jpg
crop_1136_pen1_tur_cam2_20250122_092539.jpg,0,pen1_tur_cam2_20250122_092539.jpg
crop_1137_pen2_tur_cam1_20250120_122809.jpg,0,pen2_tur_cam1_20250120_122809.jpg
crop_1138_pen1_orb_cam1_20250108_090047.jpg,0,pen1_orb_cam1_20250108_090047.jpg
crop_1139_pen1_tur_cam2_20250207_153446.jpg,0,pen1_tur_cam2_20250207_153446.jpg
crop_1140_pen2_tur_cam1_20250209_092517.jpg,0,pen2_tur_cam1_20250209_092517.jpg
crop_1141_pen1_tur_cam2_20250127_154847.jpg,0,pen1_tur_cam2_20250127_154847.jpg
crop_1142_pen2_tur_cam1_20250120_141718.jpg,0,pen2_tur_cam1_20250120_141718.jpg
crop_1143_pen1_tur_cam2_20250125_065418.jpg,0,pen1_tur_cam2_20250125_065418.jpg
crop_1144_pen1_tur_cam2_20250127_165352.jpg,0,pen1_tur_cam2_20250127_165352.jpg
crop_1145_pen2_tur_cam1_20250209_133717.jpg,0,pen2_tur_cam1_20250209_133717.jpg
crop_1146_pen1_tur_cam2_20250125_064718.jpg,0,pen1_tur_cam2_20250125_064718.jpg
crop_1147_pen1_tur_cam2_20250122_101019.jpg,0,pen1_tur_cam2_20250122_101019.jpg
crop_1148_pen1_tur_cam2_20250127_153346.jpg,0,pen1_tur_cam2_20250127_153346.jpg
crop_1149_pen1_orb_cam1_20250108_090253.jpg,0,pen1_orb_cam1_20250108_090253.jpg
crop_1150_pen1_tur_cam2_20250122_093049.jpg,0,pen1_tur_cam2_20250122_093049.jpg
crop_1151_pen2_tur_cam1_20250209_095519.jpg,0,pen2_tur_cam1_20250209_095519.jpg
crop_1152_pen1_tur_cam2_20250125_093833.jpg,0,pen1_tur_cam2_20250125_093833.jpg
crop_1153_pen1_tur_cam2_20250127_153526.jpg,0,pen1_tur_cam2_20250127_153526.jpg
crop_1154_pen1_tur_cam2_20250126_122908.jpg,0,pen1_tur_cam2_20250126_122908.jpg
crop_1155_pen1_tur_cam2_20250127_162850.jpg,0,pen1_tur_cam2_20250127_162850.jpg
crop_1156_pen1_tur_cam2_20250207_131434.jpg,0,pen1_tur_cam2_20250207_131434.jpg
crop_1157_pen1_tur_cam2_20250126_081349.jpg,0,pen1_tur_cam2_20250126_081349.jpg
crop_1158_pen1_orb_cam2_20250108_091147.jpg,0,pen1_orb_cam2_20250108_091147.jpg
crop_1159_pen1_tur_cam2_20250203_102049.jpg,0,pen1_tur_cam2_20250203_102049.jpg
crop_1160_pen1_tur_cam2_20250127_153026.jpg,0,pen1_tur_cam2_20250127_153026.jpg
crop_1161_pen2_orb_cam1_20250108_084210.jpg,0,pen2_orb_cam1_20250108_084210.jpg
crop_1162_pen2_tur_cam1_20250120_142847.jpg,0,pen2_tur_cam1_20250120_142847.jpg
crop_1163_pen2_tur_cam1_20250123_140457.jpg,0,pen2_tur_cam1_20250123_140457.jpg
crop_1164_pen2_tur_cam1_20250109_071149.jpg,0,pen2_tur_cam1_20250109_071149.jpg
crop_1165_pen1_orb_cam1_20250108_090233.jpg,0,pen1_orb_cam1_20250108_090233.jpg
crop_1166_pen2_tur_cam1_20250209_074150.jpg,0,pen2_tur_cam1_20250209_074150.jpg
crop_1167_pen1_orb_cam2_20250108_090607.jpg,0,pen1_orb_cam2_20250108_090607.jpg
crop_1168_pen2_tur_cam1_20250123_100320.jpg,0,pen2_tur_cam1_20250123_100320.jpg
crop_1169_pen2_tur_cam1_20250120_094258.jpg,0,pen2_tur_cam1_20250120_094258.jpg
crop_1170_pen1_tur_cam2_20250207_123252.jpg,0,pen1_tur_cam2_20250207_123252.jpg
crop_1171_pen1_tur_cam2_20250207_132936.jpg,0,pen1_tur_cam2_20250207_132936.jpg
crop_1172_pen2_tur_cam1_20250123_153058.jpg,0,pen2_tur_cam1_20250123_153058.jpg
crop_1173_pen2_tur_cam1_20250120_101259.jpg,0,pen2_tur_cam1_20250120_101259.jpg
crop_1174_pen1_tur_cam2_20250207_130434.jpg,0,pen1_tur_cam2_20250207_130434.jpg
crop_1175_pen1_tur_cam2_20250201_155807.jpg,0,pen1_tur_cam2_20250201_155807.jpg
crop_1176_pen2_tur_cam1_20250123_101001.jpg,0,pen2_tur_cam1_20250123_101001.jpg
crop_1177_pen1_tur_cam2_20250125_094333.jpg,0,pen1_tur_cam2_20250125_094333.jpg
crop_1178_pen1_tur_cam2_20250125_104837.jpg,0,pen1_tur_cam2_20250125_104837.jpg
crop_1179_pen1_orb_cam2_20250108_090154.jpg,0,pen1_orb_cam2_20250108_090154.jpg
crop_1180_pen1_tur_cam2_20250220_070021.jpg,0,pen1_tur_cam2_20250220_070021.jpg
crop_1181_pen1_orb_cam2_20250108_090341.jpg,0,pen1_orb_cam2_20250108_090341.jpg
crop_1182_pen2_tur_cam1_20250120_144213.jpg,0,pen2_tur_cam1_20250120_144213.jpg
crop_1183_pen1_tur_cam2_20250207_154306.jpg,0,pen1_tur_cam2_20250207_154306.jpg
crop_1184_pen2_tur_cam1_20250120_103300.jpg,0,pen2_tur_cam1_20250120_103300.jpg
crop_1185_pen2_tur_cam1_20250124_092457.jpg,0,pen2_tur_cam1_20250124_092457.jpg
crop_1186_pen2_orb_cam1_20250108_084548.jpg,0,pen2_orb_cam1_20250108_084548.jpg
crop_1187_pen1_tur_cam2_20250207_140259.jpg,0,pen1_tur_cam2_20250207_140259.jpg
crop_1188_pen2_tur_cam1_20250120_133703.jpg,0,pen2_tur_cam1_20250120_133703.jpg
crop_1189_pen1_tur_cam2_20250220_084848.jpg,0,pen1_tur_cam2_20250220_084848.jpg
crop_1190_pen1_orb_cam1_20250108_085747.jpg,0,pen1_orb_cam1_20250108_085747.jpg
crop_1191_pen2_tur_cam1_20250209_103702.jpg,0,pen2_tur_cam1_20250209_103702.jpg
crop_1192_pen1_tur_cam2_20250125_091831.jpg,0,pen1_tur_cam2_20250125_091831.jpg
crop_1193_pen1_tur_cam2_20250125_125924.jpg,0,pen1_tur_cam2_20250125_125924.jpg
crop_1194_pen1_tur_cam2_20250126_111246.jpg,0,pen1_tur_cam2_20250126_111246.jpg
crop_1195_pen2_tur_cam1_20250209_141539.jpg,0,pen2_tur_cam1_20250209_141539.jpg
crop_1196_pen2_tur_cam1_20250209_121210.jpg,0,pen2_tur_cam1_20250209_121210.jpg
crop_1197_pen2_tur_cam1_20250123_134927.jpg,0,pen2_tur_cam1_20250123_134927.jpg
crop_1198_pen1_tur_cam2_20250125_102155.jpg,0,pen1_tur_cam2_20250125_102155.jpg
crop_1199_pen1_tur_cam2_20250125_063847.jpg,0,pen1_tur_cam2_20250125_063847.jpg
crop_1200_pen2_tur_cam1_20250209_080012.jpg,0,pen2_tur_cam1_20250209_080012.jpg
crop_1201_pen1_tur_cam2_20250207_142300.jpg,0,pen1_tur_cam2_20250207_142300.jpg
crop_1202_pen2_tur_cam1_20250209_091016.jpg,0,pen2_tur_cam1_20250209_091016.jpg
crop_1203_pen2_tur_cam1_20250209_090516.jpg,0,pen2_tur_cam1_20250209_090516.jpg
crop_1204_pen1_tur_cam2_20250122_105841.jpg,0,pen1_tur_cam2_20250122_105841.jpg
crop_1205_pen1_tur_cam2_20250127_104823.jpg,0,pen1_tur_cam2_20250127_104823.jpg
crop_1206_pen1_tur_cam2_20250122_100509.jpg,0,pen1_tur_cam2_20250122_100509.jpg
crop_1207_pen2_tur_cam1_20250120_121448.jpg,0,pen2_tur_cam1_20250120_121448.jpg
crop_1208_pen2_tur_cam1_20250209_144721.jpg,0,pen2_tur_cam1_20250209_144721.jpg
crop_1209_pen1_tur_cam2_20250125_131645.jpg,0,pen1_tur_cam2_20250125_131645.jpg
crop_1210_pen1_tur_cam2_20250126_124049.jpg,0,pen1_tur_cam2_20250126_124049.jpg
crop_1211_pen1_tur_cam2_20250126_100214.jpg,0,pen1_tur_cam2_20250126_100214.jpg
crop_1212_pen1_tur_cam2_20250127_161529.jpg,0,pen1_tur_cam2_20250127_161529.jpg
crop_1213_pen2_tur_cam1_20250120_103801.jpg,0,pen2_tur_cam1_20250120_103801.jpg
crop_1214_pen1_tur_cam2_20250126_105715.jpg,0,pen1_tur_cam2_20250126_105715.jpg
crop_1215_pen1_orb_cam1_20250108_085702.jpg,0,pen1_orb_cam1_20250108_085702.jpg
crop_1216_pen2_tur_cam1_20250123_110826.jpg,0,pen2_tur_cam1_20250123_110826.jpg
crop_1217_pen1_orb_cam2_20250108_090647.jpg,0,pen1_orb_cam2_20250108_090647.jpg
crop_1218_pen2_tur_cam1_20250120_150225.jpg,0,pen2_tur_cam1_20250120_150225.jpg
crop_1219_pen1_tur_cam2_20250126_075527.jpg,0,pen1_tur_cam2_20250126_075527.jpg
crop_1220_pen1_tur_cam2_20250220_085029.jpg,0,pen1_tur_cam2_20250220_085029.jpg
crop_1221_pen1_orb_cam1_20250108_085647.jpg,0,pen1_orb_cam1_20250108_085647.jpg
crop_1222_pen1_tur_cam2_20250126_150520.jpg,0,pen1_tur_cam2_20250126_150520.jpg
crop_1223_pen2_tur_cam1_20250120_141345.jpg,0,pen2_tur_cam1_20250120_141345.jpg
crop_1224_pen1_orb_cam2_20250108_131913.jpg,0,pen1_orb_cam2_20250108_131913.jpg
crop_1225_pen1_orb_cam1_20250108_085853.jpg,0,pen1_orb_cam1_20250108_085853.jpg
crop_1226_pen2_tur_cam1_20250120_140205.jpg,0,pen2_tur_cam1_20250120_140205.jpg
crop_1227_pen1_tur_cam2_20250207_141940.jpg,0,pen1_tur_cam2_20250207_141940.jpg
crop_1228_pen1_orb_cam1_20250108_085642.jpg,0,pen1_orb_cam1_20250108_085642.jpg
crop_1229_pen1_tur_cam2_20250127_133222.jpg,0,pen1_tur_cam2_20250127_133222.jpg
crop_1230_pen1_orb_cam1_20250108_085903.jpg,0,pen1_orb_cam1_20250108_085903.jpg
crop_1231_pen1_tur_cam2_20250126_100535.jpg,0,pen1_tur_cam2_20250126_100535.jpg
crop_1232_pen2_tur_cam1_20250209_092517.jpg,0,pen2_tur_cam1_20250209_092517.jpg
crop_1233_pen2_tur_cam1_20250123_123332.jpg,0,pen2_tur_cam1_20250123_123332.jpg
crop_1234_pen1_tur_cam2_20250126_134554.jpg,0,pen1_tur_cam2_20250126_134554.jpg
crop_1235_pen1_tur_cam2_20250125_141145.jpg,0,pen1_tur_cam2_20250125_141145.jpg
crop_1236_pen1_tur_cam2_20250207_153306.jpg,0,pen1_tur_cam2_20250207_153306.jpg
crop_1237_pen1_tur_cam2_20250125_134555.jpg,0,pen1_tur_cam2_20250125_134555.jpg
crop_1238_pen2_tur_cam1_20250123_123832.jpg,0,pen2_tur_cam1_20250123_123832.jpg
crop_1239_pen2_tur_cam1_20250120_102800.jpg,0,pen2_tur_cam1_20250120_102800.jpg
crop_1240_pen2_tur_cam1_20250209_113527.jpg,0,pen2_tur_cam1_20250209_113527.jpg
crop_1241_pen1_tur_cam2_20250201_085421.jpg,0,pen1_tur_cam2_20250201_085421.jpg
crop_1242_pen2_tur_cam1_20250120_141228.jpg,0,pen2_tur_cam1_20250120_141228.jpg
crop_1243_pen1_tur_cam2_20250127_110324.jpg,0,pen1_tur_cam2_20250127_110324.jpg
crop_1244_pen1_tur_cam2_20250207_132756.jpg,0,pen1_tur_cam2_20250207_132756.jpg
crop_1245_pen1_tur_cam2_20250125_105658.jpg,0,pen1_tur_cam2_20250125_105658.jpg
crop_1246_pen2_tur_cam1_20250209_102521.jpg,0,pen2_tur_cam1_20250209_102521.jpg
crop_1247_pen1_orb_cam1_20250108_090228.jpg,0,pen1_orb_cam1_20250108_090228.jpg
crop_1248_pen2_tur_cam1_20250120_131842.jpg,0,pen2_tur_cam1_20250120_131842.jpg
crop_1249_pen1_tur_cam2_20250127_115327.jpg,0,pen1_tur_cam2_20250127_115327.jpg
crop_1250_pen1_tur_cam2_20250201_085421.jpg,0,pen1_tur_cam2_20250201_085421.jpg
crop_1251_pen1_tur_cam2_20250126_110735.jpg,0,pen1_tur_cam2_20250126_110735.jpg
crop_1252_pen1_tur_cam2_20250125_101835.jpg,0,pen1_tur_cam2_20250125_101835.jpg
crop_1253_pen2_tur_cam1_20250120_094258.jpg,0,pen2_tur_cam1_20250120_094258.jpg
crop_1254_pen1_tur_cam2_20250127_142403.jpg,0,pen1_tur_cam2_20250127_142403.jpg
crop_1255_pen1_tur_cam2_20250202_153624.jpg,0,pen1_tur_cam2_20250202_153624.jpg
crop_1256_pen1_tur_cam2_20250126_075027.jpg,0,pen1_tur_cam2_20250126_075027.jpg
crop_1257_pen2_tur_cam1_20250123_120830.jpg,0,pen2_tur_cam1_20250123_120830.jpg
crop_1258_pen1_tur_cam2_20250122_093559.jpg,0,pen1_tur_cam2_20250122_093559.jpg
crop_1259_pen2_tur_cam1_20250209_132716.jpg,0,pen2_tur_cam1_20250209_132716.jpg
crop_1260_pen1_orb_cam2_20250108_131928.jpg,0,pen1_orb_cam2_20250108_131928.jpg
crop_1261_pen2_tur_cam1_20250209_122030.jpg,0,pen2_tur_cam1_20250209_122030.jpg
crop_1262_pen1_tur_cam2_20250207_145443.jpg,0,pen1_tur_cam2_20250207_145443.jpg
crop_1263_pen1_tur_cam2_20250207_151303.jpg,0,pen1_tur_cam2_20250207_151303.jpg
crop_1264_pen1_orb_cam1_20250108_085606.jpg,0,pen1_orb_cam1_20250108_085606.jpg
crop_1265_pen1_tur_cam2_20250125_110658.jpg,0,pen1_tur_cam2_20250125_110658.jpg
crop_1266_pen2_tur_cam1_20250120_140846.jpg,0,pen2_tur_cam1_20250120_140846.jpg
crop_1267_pen2_tur_cam1_20250109_071018.jpg,0,pen2_tur_cam1_20250109_071018.jpg
crop_1268_pen1_orb_cam2_20250108_085909.jpg,0,pen1_orb_cam2_20250108_085909.jpg
crop_1269_pen1_tur_cam2_20250127_105824.jpg,0,pen1_tur_cam2_20250127_105824.jpg
crop_1270_pen1_orb_cam1_20250108_085903.jpg,0,pen1_orb_cam1_20250108_085903.jpg
crop_1271_pen2_orb_cam1_20250108_083952.jpg,0,pen2_orb_cam1_20250108_083952.jpg
crop_1272_pen2_tur_cam1_20250209_115028.jpg,0,pen2_tur_cam1_20250209_115028.jpg
crop_1273_pen2_tur_cam1_20250109_080049.jpg,0,pen2_tur_cam1_20250109_080049.jpg
crop_1274_pen1_tur_cam2_20250207_150443.jpg,0,pen1_tur_cam2_20250207_150443.jpg
crop_1275_pen1_orb_cam1_20250108_085808.jpg,0,pen1_orb_cam1_20250108_085808.jpg
crop_1276_pen1_tur_cam2_20250125_064358.jpg,0,pen1_tur_cam2_20250125_064358.jpg
crop_1277_pen1_tur_cam2_20250126_070023.jpg,0,pen1_tur_cam2_20250126_070023.jpg
crop_1278_pen2_orb_cam1_20250108_084303.jpg,0,pen2_orb_cam1_20250108_084303.jpg
crop_1279_pen1_tur_cam2_20250125_145359.jpg,0,pen1_tur_cam2_20250125_145359.jpg
crop_1280_pen1_tur_cam2_20250127_105323.jpg,0,pen1_tur_cam2_20250127_105323.jpg
crop_1281_pen1_tur_cam2_20250126_074527.jpg,0,pen1_tur_cam2_20250126_074527.jpg
crop_1282_pen2_tur_cam1_20250209_082653.jpg,0,pen2_tur_cam1_20250209_082653.jpg
crop_1283_pen1_orb_cam1_20250108_085922.jpg,0,pen1_orb_cam1_20250108_085922.jpg
crop_1284_pen1_tur_cam2_20250127_153846.jpg,0,pen1_tur_cam2_20250127_153846.jpg
crop_1285_pen2_tur_cam1_20250120_121448.jpg,0,pen2_tur_cam1_20250120_121448.jpg
crop_1286_pen2_tur_cam1_20250120_080431.jpg,0,pen2_tur_cam1_20250120_080431.jpg
crop_1287_pen1_tur_cam2_20250207_125254.jpg,0,pen1_tur_cam2_20250207_125254.jpg
crop_1288_pen2_tur_cam1_20250120_085754.jpg,0,pen2_tur_cam1_20250120_085754.jpg
crop_1289_pen2_tur_cam1_20250209_150045.jpg,0,pen2_tur_cam1_20250209_150045.jpg
crop_1290_pen1_tur_cam2_20250125_071458.jpg,0,pen1_tur_cam2_20250125_071458.jpg
crop_1291_pen2_tur_cam1_20250209_141220.jpg,0,pen2_tur_cam1_20250209_141220.jpg
crop_1292_pen2_tur_cam1_20250109_072652.jpg,0,pen2_tur_cam1_20250109_072652.jpg
crop_1293_pen2_tur_cam1_20250124_092957.jpg,0,pen2_tur_cam1_20250124_092957.jpg
crop_1294_pen2_tur_cam1_20250209_130534.jpg,0,pen2_tur_cam1_20250209_130534.jpg
crop_1295_pen2_tur_cam1_20250120_102440.jpg,0,pen2_tur_cam1_20250120_102440.jpg
crop_1296_pen2_tur_cam1_20250209_143221.jpg,0,pen2_tur_cam1_20250209_143221.jpg
crop_1297_pen2_tur_cam1_20250120_103941.jpg,0,pen2_tur_cam1_20250120_103941.jpg
crop_1298_pen2_tur_cam1_20250209_094159.jpg,0,pen2_tur_cam1_20250209_094159.jpg
crop_1299_pen2_tur_cam1_20250123_110506.jpg,0,pen2_tur_cam1_20250123_110506.jpg
crop_1300_pen1_tur_cam2_20250127_104503.jpg,0,pen1_tur_cam2_20250127_104503.jpg
crop_1301_pen1_tur_cam2_20250127_112826.jpg,0,pen1_tur_cam2_20250127_112826.jpg
crop_1302_pen1_orb_cam1_20250108_085551.jpg,0,pen1_orb_cam1_20250108_085551.jpg
crop_1303_pen1_tur_cam2_20250207_142300.jpg,0,pen1_tur_cam2_20250207_142300.jpg
crop_1304_pen1_tur_cam2_20250125_113700.jpg,0,pen1_tur_cam2_20250125_113700.jpg
crop_1305_pen1_tur_cam2_20250202_154625.jpg,0,pen1_tur_cam2_20250202_154625.jpg
crop_1306_pen1_tur_cam2_20250125_135105.jpg,0,pen1_tur_cam2_20250125_135105.jpg
crop_1307_pen2_tur_cam1_20250209_131215.jpg,0,pen2_tur_cam1_20250209_131215.jpg
crop_1308_pen2_tur_cam1_20250209_144041.jpg,0,pen2_tur_cam1_20250209_144041.jpg
crop_1309_pen1_tur_cam2_20250127_162030.jpg,0,pen1_tur_cam2_20250127_162030.jpg
crop_1310_pen1_tur_cam2_20250207_124934.jpg,0,pen1_tur_cam2_20250207_124934.jpg
crop_1311_pen1_tur_cam2_20250207_150943.jpg,0,pen1_tur_cam2_20250207_150943.jpg
crop_1312_pen2_tur_cam1_20250209_100020.jpg,0,pen2_tur_cam1_20250209_100020.jpg
crop_1313_pen1_tur_cam2_20250207_130754.jpg,0,pen1_tur_cam2_20250207_130754.jpg
crop_1314_pen1_tur_cam2_20250207_124433.jpg,0,pen1_tur_cam2_20250207_124433.jpg
crop_1315_pen2_tur_cam1_20250123_105825.jpg,0,pen2_tur_cam1_20250123_105825.jpg
crop_1316_pen1_orb_cam1_20250108_085521.jpg,0,pen1_orb_cam1_20250108_085521.jpg
crop_1317_pen1_tur_cam2_20250126_071844.jpg,0,pen1_tur_cam2_20250126_071844.jpg
crop_1318_pen2_tur_cam1_20250124_092957.jpg,0,pen2_tur_cam1_20250124_092957.jpg
crop_1319_pen1_tur_cam2_20250220_082527.jpg,0,pen1_tur_cam2_20250220_082527.jpg
crop_1320_pen2_tur_cam1_20250123_135247.jpg,0,pen2_tur_cam1_20250123_135247.jpg
crop_1321_pen1_orb_cam2_20250108_090916.jpg,0,pen1_orb_cam2_20250108_090916.jpg
crop_1322_pen2_orb_cam1_20250108_082137.jpg,1,pen2_orb_cam1_20250108_082137.jpg
crop_1323_pen1_tur_cam2_20250126_072025.jpg,1,pen1_tur_cam2_20250126_072025.jpg
crop_1324_pen2_orb_cam1_20250108_085854.jpg,1,pen2_orb_cam1_20250108_085854.jpg
crop_1325_pen2_tur_cam1_20250109_073427.jpg,1,pen2_tur_cam1_20250109_073427.jpg
crop_1326_pen2_tur_cam1_20250209_102702.jpg,1,pen2_tur_cam1_20250209_102702.jpg
crop_1327_pen2_tur_cam1_20250209_080512.jpg,1,pen2_tur_cam1_20250209_080512.jpg
crop_1328_pen2_tur_cam1_20250123_111006.jpg,1,pen2_tur_cam1_20250123_111006.jpg
crop_1329_pen1_tur_cam2_20250127_155348.jpg,1,pen1_tur_cam2_20250127_155348.jpg
crop_1330_pen1_tur_cam2_20250125_110158.jpg,1,pen1_tur_cam2_20250125_110158.jpg
crop_1331_pen2_orb_cam1_20250108_083959.jpg,1,pen2_orb_cam1_20250108_083959.jpg
crop_1332_pen1_tur_cam2_20250207_142441.jpg,1,pen1_tur_cam2_20250207_142441.jpg
crop_1333_pen2_orb_cam1_20250108_083940.jpg,1,pen2_orb_cam1_20250108_083940.jpg
crop_1334_pen2_tur_cam1_20250109_070002.jpg,1,pen2_tur_cam1_20250109_070002.jpg
crop_1335_pen1_tur_cam2_20250201_162358.jpg,1,pen1_tur_cam2_20250201_162358.jpg
crop_1336_pen1_tur_cam2_20250127_130632.jpg,1,pen1_tur_cam2_20250127_130632.jpg
crop_1337_pen1_orb_cam1_20250108_090152.jpg,1,pen1_orb_cam1_20250108_090152.jpg
crop_1338_pen1_tur_cam2_20250122_110711.jpg,1,pen1_tur_cam2_20250122_110711.jpg
crop_1339_pen1_tur_cam2_20250207_141759.jpg,1,pen1_tur_cam2_20250207_141759.jpg
crop_1340_pen2_tur_cam1_20250109_070112.jpg,1,pen2_tur_cam1_20250109_070112.jpg
crop_1341_pen2_orb_cam1_20250108_082417.jpg,1,pen2_orb_cam1_20250108_082417.jpg
crop_1342_pen2_tur_cam1_20250120_102800.jpg,1,pen2_tur_cam1_20250120_102800.jpg
crop_1343_pen1_orb_cam1_20250108_090018.jpg,1,pen1_orb_cam1_20250108_090018.jpg
crop_1344_pen2_tur_cam1_20250120_121808.jpg,1,pen2_tur_cam1_20250120_121808.jpg
crop_1345_pen2_orb_cam1_20250108_084441.jpg,1,pen2_orb_cam1_20250108_084441.jpg
crop_1346_pen1_tur_cam2_20250127_130632.jpg,1,pen1_tur_cam2_20250127_130632.jpg
crop_1347_pen1_orb_cam1_20250108_090107.jpg,1,pen1_orb_cam1_20250108_090107.jpg
crop_1348_pen2_tur_cam1_20250109_074916.jpg,1,pen2_tur_cam1_20250109_074916.jpg
crop_1349_pen2_orb_cam1_20250108_085017.jpg,1,pen2_orb_cam1_20250108_085017.jpg
crop_1350_pen1_tur_cam2_20250127_160528.jpg,1,pen1_tur_cam2_20250127_160528.jpg
crop_1351_pen2_tur_cam1_20250109_073804.jpg,1,pen2_tur_cam1_20250109_073804.jpg
crop_1352_pen2_tur_cam1_20250120_133203.jpg,1,pen2_tur_cam1_20250120_133203.jpg
crop_1353_pen2_orb_cam1_20250108_085424.jpg,1,pen2_orb_cam1_20250108_085424.jpg
crop_1354_pen2_tur_cam1_20250109_073942.jpg,1,pen2_tur_cam1_20250109_073942.jpg
crop_1355_pen2_orb_cam1_20250108_082100.jpg,1,pen2_orb_cam1_20250108_082100.jpg
crop_1356_pen2_tur_cam1_20250120_084934.jpg,1,pen2_tur_cam1_20250120_084934.jpg
crop_1357_pen1_orb_cam1_20250108_085702.jpg,1,pen1_orb_cam1_20250108_085702.jpg
crop_1358_pen2_tur_cam1_20250109_072158.jpg,1,pen2_tur_cam1_20250109_072158.jpg
crop_1359_pen1_tur_cam2_20250203_105050.jpg,1,pen1_tur_cam2_20250203_105050.jpg
crop_1360_pen1_tur_cam2_20250207_154807.jpg,1,pen1_tur_cam2_20250207_154807.jpg
crop_1361_pen2_tur_cam1_20250109_073022.jpg,1,pen2_tur_cam1_20250109_073022.jpg
crop_1362_pen2_tur_cam1_20250109_073345.jpg,1,pen2_tur_cam1_20250109_073345.jpg
crop_1363_pen1_orb_cam1_20250108_085828.jpg,1,pen1_orb_cam1_20250108_085828.jpg
crop_1364_pen2_orb_cam1_20250108_085330.jpg,1,pen2_orb_cam1_20250108_085330.jpg
crop_1365_pen2_tur_cam1_20250120_090755.jpg,1,pen2_tur_cam1_20250120_090755.jpg
crop_1366_pen1_tur_cam2_20250125_092652.jpg,1,pen1_tur_cam2_20250125_092652.jpg
crop_1367_pen1_tur_cam2_20250126_073846.jpg,1,pen1_tur_cam2_20250126_073846.jpg
crop_1368_pen1_orb_cam1_20250108_085903.jpg,1,pen1_orb_cam1_20250108_085903.jpg
crop_1369_pen2_tur_cam1_20250109_073050.jpg,1,pen2_tur_cam1_20250109_073050.jpg
crop_1370_pen2_orb_cam1_20250108_080555.jpg,1,pen2_orb_cam1_20250108_080555.jpg
crop_1371_pen2_tur_cam1_20250120_095438.jpg,1,pen2_tur_cam1_20250120_095438.jpg
crop_1372_pen2_tur_cam1_20250109_072858.jpg,1,pen2_tur_cam1_20250109_072858.jpg
crop_1373_pen1_tur_cam2_20250203_101048.jpg,1,pen1_tur_cam2_20250203_101048.jpg
crop_1374_pen2_tur_cam1_20250109_072425.jpg,1,pen2_tur_cam1_20250109_072425.jpg
crop_1375_pen1_orb_cam1_20250108_085606.jpg,1,pen1_orb_cam1_20250108_085606.jpg
crop_1376_pen2_tur_cam1_20250109_072926.jpg,1,pen2_tur_cam1_20250109_072926.jpg
crop_1377_pen2_orb_cam1_20250108_084336.jpg,1,pen2_orb_cam1_20250108_084336.jpg
crop_1378_pen2_tur_cam1_20250123_105005.jpg,1,pen2_tur_cam1_20250123_105005.jpg
crop_1379_pen2_tur_cam1_20250109_072638.jpg,1,pen2_tur_cam1_20250109_072638.jpg
crop_1380_pen2_tur_cam1_20250109_072830.jpg,1,pen2_tur_cam1_20250109_072830.jpg
crop_1381_pen1_tur_cam2_20250220_074524.jpg,1,pen1_tur_cam2_20250220_074524.jpg
crop_1382_pen2_tur_cam1_20250109_072912.jpg,1,pen2_tur_cam1_20250109_072912.jpg
crop_1383_pen2_tur_cam2_20250120_072748.jpg,1,pen2_tur_cam2_20250120_072748.jpg
crop_1384_pen2_orb_cam1_20250108_082535.jpg,1,pen2_orb_cam1_20250108_082535.jpg
crop_1385_pen2_tur_cam1_20250109_072905.jpg,1,pen2_tur_cam1_20250109_072905.jpg
crop_1386_pen2_orb_cam1_20250108_082708.jpg,1,pen2_orb_cam1_20250108_082708.jpg
crop_1387_pen1_tur_cam2_20250203_112913.jpg,1,pen1_tur_cam2_20250203_112913.jpg
crop_1388_pen1_tur_cam2_20250122_102230.jpg,1,pen1_tur_cam2_20250122_102230.jpg
crop_1389_pen2_tur_cam1_20250120_084434.jpg,1,pen2_tur_cam1_20250120_084434.jpg
crop_1390_pen1_tur_cam2_20250203_101548.jpg,1,pen1_tur_cam2_20250203_101548.jpg
crop_1391_pen2_tur_cam1_20250209_123212.jpg,1,pen2_tur_cam1_20250209_123212.jpg
crop_1392_pen1_tur_cam2_20250125_132705.jpg,1,pen1_tur_cam2_20250125_132705.jpg
crop_1393_pen2_tur_cam1_20250109_072659.jpg,1,pen2_tur_cam1_20250109_072659.jpg
crop_1394_pen1_tur_cam2_20250122_101019.jpg,1,pen1_tur_cam2_20250122_101019.jpg
crop_1395_pen2_orb_cam1_20250108_081852.jpg,1,pen2_orb_cam1_20250108_081852.jpg
crop_1396_pen2_tur_cam1_20250109_074113.jpg,1,pen2_tur_cam1_20250109_074113.jpg
crop_1397_pen1_tur_cam2_20250207_133757.jpg,1,pen1_tur_cam2_20250207_133757.jpg
crop_1398_pen2_tur_cam1_20250109_072109.jpg,1,pen2_tur_cam1_20250109_072109.jpg
crop_1399_pen2_orb_cam1_20250108_082913.jpg,1,pen2_orb_cam1_20250108_082913.jpg
crop_1400_pen2_tur_cam1_20250123_152548.jpg,1,pen2_tur_cam1_20250123_152548.jpg
crop_1401_pen1_tur_cam2_20250207_132256.jpg,1,pen1_tur_cam2_20250207_132256.jpg
crop_1402_pen1_tur_cam2_20250122_093559.jpg,1,pen1_tur_cam2_20250122_093559.jpg
crop_1403_pen1_tur_cam2_20250127_164351.jpg,1,pen1_tur_cam2_20250127_164351.jpg
crop_1404_pen2_tur_cam1_20250123_100821.jpg,1,pen2_tur_cam1_20250123_100821.jpg
crop_1405_pen2_orb_cam1_20250108_085129.jpg,1,pen2_orb_cam1_20250108_085129.jpg
crop_1406_pen1_orb_cam1_20250108_085803.jpg,1,pen1_orb_cam1_20250108_085803.jpg
crop_1407_pen1_tur_cam2_20250122_101210.jpg,1,pen1_tur_cam2_20250122_101210.jpg
crop_1408_pen1_tur_cam2_20250202_154124.jpg,1,pen1_tur_cam2_20250202_154124.jpg
crop_1409_pen1_tur_cam2_20250126_072525.jpg,1,pen1_tur_cam2_20250126_072525.jpg
crop_1410_pen1_tur_cam2_20250220_094853.jpg,1,pen1_tur_cam2_20250220_094853.jpg
crop_1411_pen2_tur_cam1_20250109_074223.jpg,1,pen2_tur_cam1_20250109_074223.jpg
crop_1412_pen2_orb_cam1_20250108_081846.jpg,1,pen2_orb_cam1_20250108_081846.jpg
crop_1413_pen2_tur_cam1_20250109_072322.jpg,1,pen2_tur_cam1_20250109_072322.jpg
crop_1414_pen2_tur_cam1_20250109_073956.jpg,1,pen2_tur_cam1_20250109_073956.jpg
crop_1415_pen2_orb_cam1_20250108_083117.jpg,1,pen2_orb_cam1_20250108_083117.jpg
crop_1416_pen1_orb_cam1_20250108_085657.jpg,1,pen1_orb_cam1_20250108_085657.jpg
crop_1417_pen2_tur_cam1_20250120_095938.jpg,1,pen2_tur_cam1_20250120_095938.jpg
crop_1418_pen1_tur_cam2_20250220_074344.jpg,1,pen1_tur_cam2_20250220_074344.jpg
crop_1419_pen2_tur_cam1_20250209_123212.jpg,1,pen2_tur_cam1_20250209_123212.jpg
crop_1420_pen2_tur_cam1_20250109_074532.jpg,1,pen2_tur_cam1_20250109_074532.jpg
crop_1421_pen1_tur_cam2_20250220_075024.jpg,1,pen1_tur_cam2_20250220_075024.jpg
crop_1422_pen1_tur_cam2_20250201_151327.jpg,1,pen1_tur_cam2_20250201_151327.jpg
crop_1423_pen1_tur_cam2_20250201_144737.jpg,1,pen1_tur_cam2_20250201_144737.jpg
crop_1424_pen2_tur_cam1_20250123_101321.jpg,1,pen2_tur_cam1_20250123_101321.jpg
crop_1425_pen1_tur_cam2_20250202_154444.jpg,1,pen1_tur_cam2_20250202_154444.jpg
crop_1426_pen1_tur_cam2_20250122_105140.jpg,1,pen1_tur_cam2_20250122_105140.jpg
crop_1427_pen1_tur_cam2_20250125_114703.jpg,1,pen1_tur_cam2_20250125_114703.jpg
crop_1428_pen1_orb_cam1_20250108_085711.jpg,1,pen1_orb_cam1_20250108_085711.jpg
crop_1429_pen2_tur_cam1_20250120_093256.jpg,1,pen2_tur_cam1_20250120_093256.jpg
crop_1430_pen1_tur_cam2_20250125_110839.jpg,1,pen1_tur_cam2_20250125_110839.jpg
crop_1431_pen2_tur_cam1_20250109_074251.jpg,1,pen2_tur_cam1_20250109_074251.jpg
crop_1432_pen1_tur_cam2_20250126_114346.jpg,1,pen1_tur_cam2_20250126_114346.jpg
crop_1433_pen2_tur_cam1_20250120_092436.jpg,1,pen2_tur_cam1_20250120_092436.jpg
crop_1434_pen2_tur_cam1_20250109_072713.jpg,1,pen2_tur_cam1_20250109_072713.jpg
crop_1435_pen1_tur_cam2_20250207_152804.jpg,1,pen1_tur_cam2_20250207_152804.jpg
crop_1436_pen1_tur_cam2_20250201_150307.jpg,1,pen1_tur_cam2_20250201_150307.jpg
crop_1437_pen2_tur_cam1_20250209_134217.jpg,1,pen2_tur_cam1_20250209_134217.jpg
crop_1438_pen1_tur_cam2_20250203_102409.jpg,1,pen1_tur_cam2_20250203_102409.jpg
crop_1439_pen1_tur_cam2_20250122_132558.jpg,1,pen1_tur_cam2_20250122_132558.jpg
crop_1440_pen2_tur_cam1_20250123_144617.jpg,1,pen2_tur_cam1_20250123_144617.jpg
crop_1441_pen1_tur_cam2_20250203_104410.jpg,1,pen1_tur_cam2_20250203_104410.jpg
crop_1442_pen1_tur_cam2_20250203_112052.jpg,1,pen1_tur_cam2_20250203_112052.jpg
crop_1443_pen1_tur_cam2_20250127_164351.jpg,1,pen1_tur_cam2_20250127_164351.jpg
crop_1444_pen1_tur_cam2_20250220_092350.jpg,1,pen1_tur_cam2_20250220_092350.jpg
crop_1445_pen2_tur_cam1_20250109_074003.jpg,1,pen2_tur_cam1_20250109_074003.jpg
crop_1446_pen1_orb_cam2_20250108_134311.jpg,1,pen1_orb_cam2_20250108_134311.jpg
crop_1447_pen2_tur_cam1_20250109_072809.jpg,1,pen2_tur_cam1_20250109_072809.jpg
crop_1448_pen2_tur_cam1_20250109_072219.jpg,1,pen2_tur_cam1_20250109_072219.jpg
crop_1449_pen1_tur_cam2_20250127_135113.jpg,1,pen1_tur_cam2_20250127_135113.jpg
crop_1450_pen1_tur_cam2_20250122_093049.jpg,1,pen1_tur_cam2_20250122_093049.jpg
crop_1451_pen1_orb_cam1_20250108_085853.jpg,1,pen1_orb_cam1_20250108_085853.jpg
crop_1452_pen2_tur_cam1_20250123_123332.jpg,1,pen2_tur_cam1_20250123_123332.jpg
crop_1453_pen2_orb_cam1_20250108_081909.jpg,1,pen2_orb_cam1_20250108_081909.jpg
crop_1454_pen2_tur_cam1_20250209_100521.jpg,1,pen2_tur_cam1_20250209_100521.jpg
crop_1455_pen1_tur_cam2_20250125_110658.jpg,1,pen1_tur_cam2_20250125_110658.jpg
crop_1456_pen1_tur_cam2_20250207_145803.jpg,1,pen1_tur_cam2_20250207_145803.jpg
crop_1457_pen1_tur_cam2_20250201_145607.jpg,1,pen1_tur_cam2_20250201_145607.jpg
crop_1458_pen1_tur_cam2_20250220_082026.jpg,1,pen1_tur_cam2_20250220_082026.jpg
crop_1459_pen1_tur_cam2_20250220_110538.jpg,1,pen1_tur_cam2_20250220_110538.jpg
crop_1460_pen1_tur_cam2_20250207_124433.jpg,1,pen1_tur_cam2_20250207_124433.jpg
crop_1461_pen2_tur_cam1_20250123_151018.jpg,1,pen2_tur_cam1_20250123_151018.jpg
crop_1462_pen1_tur_cam2_20250127_142213.jpg,1,pen1_tur_cam2_20250127_142213.jpg
crop_1463_pen1_tur_cam2_20250126_085531.jpg,1,pen1_tur_cam2_20250126_085531.jpg
crop_1464_pen2_tur_cam1_20250109_074120.jpg,1,pen2_tur_cam1_20250109_074120.jpg
crop_1465_pen2_tur_cam1_20250209_081512.jpg,1,pen2_tur_cam1_20250209_081512.jpg
crop_1466_pen2_tur_cam1_20250209_081512.jpg,1,pen2_tur_cam1_20250209_081512.jpg
crop_1467_pen2_tur_cam1_20250123_110826.jpg,1,pen2_tur_cam1_20250123_110826.jpg
crop_1468_pen2_tur_cam1_20250109_072631.jpg,1,pen2_tur_cam1_20250109_072631.jpg
crop_1469_pen2_tur_cam1_20250109_073626.jpg,1,pen2_tur_cam1_20250109_073626.jpg
crop_1470_pen2_tur_cam1_20250123_104324.jpg,1,pen2_tur_cam1_20250123_104324.jpg
crop_1471_pen2_orb_cam1_20250108_082238.jpg,1,pen2_orb_cam1_20250108_082238.jpg
crop_1472_pen1_tur_cam2_20250125_113340.jpg,1,pen1_tur_cam2_20250125_113340.jpg
crop_1473_pen1_orb_cam1_20250108_090218.jpg,1,pen1_orb_cam1_20250108_090218.jpg
crop_1474_pen1_tur_cam2_20250201_155958.jpg,1,pen1_tur_cam2_20250201_155958.jpg
crop_1475_pen2_tur_cam1_20250209_120029.jpg,1,pen2_tur_cam1_20250209_120029.jpg
crop_1476_pen2_tur_cam1_20250123_103503.jpg,1,pen2_tur_cam1_20250123_103503.jpg
crop_1477_pen1_tur_cam2_20250127_165852.jpg,1,pen1_tur_cam2_20250127_165852.jpg
crop_1478_pen1_tur_cam2_20250220_081026.jpg,1,pen1_tur_cam2_20250220_081026.jpg
crop_1479_pen2_tur_cam1_20250123_113328.jpg,1,pen2_tur_cam1_20250123_113328.jpg
crop_1480_pen1_tur_cam2_20250203_105050.jpg,1,pen1_tur_cam2_20250203_105050.jpg
crop_1481_pen1_tur_cam2_20250201_093031.jpg,1,pen1_tur_cam2_20250201_093031.jpg
crop_1482_pen2_orb_cam1_20250108_085529.jpg,1,pen2_orb_cam1_20250108_085529.jpg
crop_1483_pen2_tur_cam1_20250109_074216.jpg,1,pen2_tur_cam1_20250109_074216.jpg
crop_1484_pen2_tur_cam1_20250123_150508.jpg,1,pen2_tur_cam1_20250123_150508.jpg
crop_1485_pen2_tur_cam1_20250109_072926.jpg,1,pen2_tur_cam1_20250109_072926.jpg
crop_1486_pen2_tur_cam1_20250120_100759.jpg,1,pen2_tur_cam1_20250120_100759.jpg
crop_1487_pen1_tur_cam2_20250126_075027.jpg,1,pen1_tur_cam2_20250126_075027.jpg
crop_1488_pen1_tur_cam2_20250125_110839.jpg,1,pen1_tur_cam2_20250125_110839.jpg
crop_1489_pen2_orb_cam1_20250108_083527.jpg,1,pen2_orb_cam1_20250108_083527.jpg
crop_1490_pen2_tur_cam1_20250209_091657.jpg,1,pen2_tur_cam1_20250209_091657.jpg
crop_1491_pen2_orb_cam1_20250108_081734.jpg,1,pen2_orb_cam1_20250108_081734.jpg
crop_1492_pen2_tur_cam1_20250109_074553.jpg,1,pen2_tur_cam1_20250109_074553.jpg
crop_1493_pen1_tur_cam2_20250220_082026.jpg,1,pen1_tur_cam2_20250220_082026.jpg
crop_1494_pen1_orb_cam1_20250108_090208.jpg,1,pen1_orb_cam1_20250108_090208.jpg
crop_1495_pen2_tur_cam1_20250209_131215.jpg,1,pen2_tur_cam1_20250209_131215.jpg
crop_1496_pen1_tur_cam2_20250125_123014.jpg,1,pen1_tur_cam2_20250125_123014.jpg
crop_1497_pen2_tur_cam1_20250109_073605.jpg,1,pen2_tur_cam1_20250109_073605.jpg
crop_1498_pen2_orb_cam1_20250108_082708.jpg,1,pen2_orb_cam1_20250108_082708.jpg
crop_1499_pen2_tur_cam1_20250120_070427.jpg,1,pen2_tur_cam1_20250120_070427.jpg
crop_1500_pen2_orb_cam1_20250108_084927.jpg,1,pen2_orb_cam1_20250108_084927.jpg
crop_1501_pen2_tur_cam1_20250109_072418.jpg,1,pen2_tur_cam1_20250109_072418.jpg
crop_1502_pen2_tur_cam1_20250123_113828.jpg,1,pen2_tur_cam1_20250123_113828.jpg
crop_1503_pen2_tur_cam1_20250109_074017.jpg,1,pen2_tur_cam1_20250109_074017.jpg
crop_1504_pen1_tur_cam2_20250207_145443.jpg,1,pen1_tur_cam2_20250207_145443.jpg
crop_1505_pen2_tur_cam1_20250109_072734.jpg,1,pen2_tur_cam1_20250109_072734.jpg
crop_1506_pen1_tur_cam2_20250220_095533.jpg,1,pen1_tur_cam2_20250220_095533.jpg
crop_1507_pen2_tur_cam1_20250123_121511.jpg,1,pen2_tur_cam1_20250123_121511.jpg
crop_1508_pen2_tur_cam1_20250120_070427.jpg,1,pen2_tur_cam1_20250120_070427.jpg
crop_1509_pen1_tur_cam2_20250122_113301.jpg,1,pen1_tur_cam2_20250122_113301.jpg
crop_1510_pen1_tur_cam2_20250207_154447.jpg,1,pen1_tur_cam2_20250207_154447.jpg
crop_1511_pen2_tur_cam1_20250209_082153.jpg,1,pen2_tur_cam1_20250209_082153.jpg
crop_1512_pen1_tur_cam2_20250127_170854.jpg,1,pen1_tur_cam2_20250127_170854.jpg
crop_1513_pen2_tur_cam1_20250109_072315.jpg,1,pen2_tur_cam1_20250109_072315.jpg
crop_1514_pen2_tur_cam1_20250209_124212.jpg,1,pen2_tur_cam1_20250209_124212.jpg
crop_1515_pen2_tur_cam1_20250109_073633.jpg,1,pen2_tur_cam1_20250109_073633.jpg
crop_1516_pen2_tur_cam1_20250120_101440.jpg,1,pen2_tur_cam1_20250120_101440.jpg
crop_1517_pen2_tur_cam1_20250209_093518.jpg,1,pen2_tur_cam1_20250209_093518.jpg
crop_1518_pen1_tur_cam2_20250122_101720.jpg,1,pen1_tur_cam2_20250122_101720.jpg
crop_1519_pen2_tur_cam1_20250209_101521.jpg,1,pen2_tur_cam1_20250209_101521.jpg
crop_1520_pen2_tur_cam1_20250109_072652.jpg,1,pen2_tur_cam1_20250109_072652.jpg
crop_1521_pen2_tur_cam1_20250109_074038.jpg,1,pen2_tur_cam1_20250109_074038.jpg
crop_1522_pen1_tur_cam2_20250126_075027.jpg,1,pen1_tur_cam2_20250126_075027.jpg
crop_1523_pen1_orb_cam1_20250108_085214.jpg,1,pen1_orb_cam1_20250108_085214.jpg
crop_1524_pen1_tur_cam2_20250127_124041.jpg,1,pen1_tur_cam2_20250127_124041.jpg
crop_1525_pen2_tur_cam1_20250120_100258.jpg,1,pen2_tur_cam1_20250120_100258.jpg
crop_1526_pen1_tur_cam2_20250125_061315.jpg,1,pen1_tur_cam2_20250125_061315.jpg
crop_1527_pen1_tur_cam2_20250126_083350.jpg,1,pen1_tur_cam2_20250126_083350.jpg
crop_1528_pen2_tur_cam1_20250109_072514.jpg,1,pen2_tur_cam1_20250109_072514.jpg
crop_1529_pen1_tur_cam2_20250127_113006.jpg,1,pen1_tur_cam2_20250127_113006.jpg
crop_1530_pen2_orb_cam1_20250108_084938.jpg,1,pen2_orb_cam1_20250108_084938.jpg
crop_1531_pen2_tur_cam1_20250109_072947.jpg,1,pen2_tur_cam1_20250109_072947.jpg
crop_1532_pen1_tur_cam2_20250127_163851.jpg,1,pen1_tur_cam2_20250127_163851.jpg
crop_1533_pen2_tur_cam1_20250109_074621.jpg,1,pen2_tur_cam1_20250109_074621.jpg
crop_1534_pen2_orb_cam1_20250108_083952.jpg,1,pen2_orb_cam1_20250108_083952.jpg
crop_1535_pen1_tur_cam2_20250207_154807.jpg,1,pen1_tur_cam2_20250207_154807.jpg
crop_1536_pen1_tur_cam2_20250203_115414.jpg,1,pen1_tur_cam2_20250203_115414.jpg
crop_1537_pen2_tur_cam1_20250120_131842.jpg,1,pen2_tur_cam1_20250120_131842.jpg
crop_1538_pen2_tur_cam1_20250209_124031.jpg,1,pen2_tur_cam1_20250209_124031.jpg
crop_1539_pen2_tur_cam1_20250109_074209.jpg,1,pen2_tur_cam1_20250109_074209.jpg
crop_1540_pen1_tur_cam2_20250201_161338.jpg,1,pen1_tur_cam2_20250201_161338.jpg
crop_1541_pen2_tur_cam1_20250123_114328.jpg,1,pen2_tur_cam1_20250123_114328.jpg
crop_1542_pen1_tur_cam2_20250122_112431.jpg,1,pen1_tur_cam2_20250122_112431.jpg
crop_1543_pen2_tur_cam1_20250109_072151.jpg,1,pen2_tur_cam1_20250109_072151.jpg
crop_1544_pen2_tur_cam1_20250109_074209.jpg,1,pen2_tur_cam1_20250109_074209.jpg
crop_1545_pen1_tur_cam2_20250126_071024.jpg,1,pen1_tur_cam2_20250126_071024.jpg
crop_1546_pen1_tur_cam2_20250122_115021.jpg,1,pen1_tur_cam2_20250122_115021.jpg
crop_1547_pen1_tur_cam2_20250125_091332.jpg,1,pen1_tur_cam2_20250125_091332.jpg
crop_1548_pen2_tur_cam1_20250120_102940.jpg,1,pen2_tur_cam1_20250120_102940.jpg
crop_1549_pen1_tur_cam2_20250203_112913.jpg,1,pen1_tur_cam2_20250203_112913.jpg
crop_1550_pen2_orb_cam1_20250108_085547.jpg,1,pen2_orb_cam1_20250108_085547.jpg
crop_1551_pen2_tur_cam1_20250209_131034.jpg,1,pen2_tur_cam1_20250209_131034.jpg
crop_1552_pen2_tur_cam1_20250109_072137.jpg,1,pen2_tur_cam1_20250109_072137.jpg
crop_1553_pen2_tur_cam1_20250209_131715.jpg,1,pen2_tur_cam1_20250209_131715.jpg
crop_1554_pen1_tur_cam2_20250203_113053.jpg,1,pen1_tur_cam2_20250203_113053.jpg
crop_1555_pen2_orb_cam1_20250108_085340.jpg,1,pen2_orb_cam1_20250108_085340.jpg
crop_1556_pen1_tur_cam2_20250127_100500.jpg,1,pen1_tur_cam2_20250127_100500.jpg
crop_1557_pen2_orb_cam1_20250108_083805.jpg,1,pen2_orb_cam1_20250108_083805.jpg
crop_1558_pen2_orb_cam1_20250108_085930.jpg,1,pen2_orb_cam1_20250108_085930.jpg
crop_1559_pen1_tur_cam2_20250125_131645.jpg,1,pen1_tur_cam2_20250125_131645.jpg
crop_1560_pen2_tur_cam1_20250109_074113.jpg,1,pen2_tur_cam1_20250109_074113.jpg
crop_1561_pen1_orb_cam1_20250108_085903.jpg,1,pen1_orb_cam1_20250108_085903.jpg
crop_1562_pen2_tur_cam1_20250109_074148.jpg,1,pen2_tur_cam1_20250109_074148.jpg
crop_1563_pen2_tur_cam1_20250123_100320.jpg,1,pen2_tur_cam1_20250123_100320.jpg
crop_1564_pen2_orb_cam1_20250108_085900.jpg,1,pen2_orb_cam1_20250108_085900.jpg
crop_1565_pen1_orb_cam1_20250108_085726.jpg,1,pen1_orb_cam1_20250108_085726.jpg
crop_1566_pen2_orb_cam1_20250108_085652.jpg,1,pen2_orb_cam1_20250108_085652.jpg
crop_1567_pen1_tur_cam2_20250203_105551.jpg,1,pen1_tur_cam2_20250203_105551.jpg
crop_1568_pen1_orb_cam1_20250108_090203.jpg,1,pen1_orb_cam1_20250108_090203.jpg
crop_1569_pen1_tur_cam2_20250125_112659.jpg,1,pen1_tur_cam2_20250125_112659.jpg
crop_1570_pen1_tur_cam2_20250125_131455.jpg,1,pen1_tur_cam2_20250125_131455.jpg
crop_1571_pen1_tur_cam2_20250220_070521.jpg,1,pen1_tur_cam2_20250220_070521.jpg
crop_1572_pen2_orb_cam1_20250108_085113.jpg,1,pen2_orb_cam1_20250108_085113.jpg
crop_1573_pen1_tur_cam2_20250126_074527.jpg,1,pen1_tur_cam2_20250126_074527.jpg
crop_1574_pen2_tur_cam1_20250123_151208.jpg,1,pen2_tur_cam1_20250123_151208.jpg
crop_1575_pen1_tur_cam2_20250127_154026.jpg,1,pen1_tur_cam2_20250127_154026.jpg
crop_1576_pen2_tur_cam1_20250120_072428.jpg,1,pen2_tur_cam1_20250120_072428.jpg
crop_1577_pen1_tur_cam2_20250127_162350.jpg,1,pen1_tur_cam2_20250127_162350.jpg
crop_1578_pen1_tur_cam2_20250203_093045.jpg,1,pen1_tur_cam2_20250203_093045.jpg
crop_1579_pen2_tur_cam1_20250109_074230.jpg,1,pen2_tur_cam1_20250109_074230.jpg
crop_1580_pen2_orb_cam1_20250108_081609.jpg,1,pen2_orb_cam1_20250108_081609.jpg
crop_1581_pen1_orb_cam1_20250108_085536.jpg,1,pen1_orb_cam1_20250108_085536.jpg
crop_1582_pen2_orb_cam1_20250108_082327.jpg,1,pen2_orb_cam1_20250108_082327.jpg
crop_1583_pen2_orb_cam1_20250108_081714.jpg,1,pen2_orb_cam1_20250108_081714.jpg
crop_1584_pen1_tur_cam2_20250127_163350.jpg,1,pen1_tur_cam2_20250127_163350.jpg
crop_1585_pen1_tur_cam2_20250125_114343.jpg,1,pen1_tur_cam2_20250125_114343.jpg
crop_1586_pen1_tur_cam2_20250125_111839.jpg,1,pen1_tur_cam2_20250125_111839.jpg
crop_1587_pen1_tur_cam2_20250207_142441.jpg,1,pen1_tur_cam2_20250207_142441.jpg
crop_1588_pen1_tur_cam2_20250201_161018.jpg,1,pen1_tur_cam2_20250201_161018.jpg
crop_1589_pen2_tur_cam1_20250109_075438.jpg,1,pen2_tur_cam1_20250109_075438.jpg
crop_1590_pen1_tur_cam2_20250220_092531.jpg,1,pen1_tur_cam2_20250220_092531.jpg
crop_1591_pen1_tur_cam2_20250126_075027.jpg,1,pen1_tur_cam2_20250126_075027.jpg
crop_1592_pen2_orb_cam1_20250108_085917.jpg,1,pen2_orb_cam1_20250108_085917.jpg
crop_1593_pen2_tur_cam1_20250120_094258.jpg,1,pen2_tur_cam1_20250120_094258.jpg
crop_1594_pen2_tur_cam1_20250109_080700.jpg,1,pen2_tur_cam1_20250109_080700.jpg
crop_1595_pen1_tur_cam2_20250122_111921.jpg,1,pen1_tur_cam2_20250122_111921.jpg
crop_1596_pen2_orb_cam1_20250108_085412.jpg,1,pen2_orb_cam1_20250108_085412.jpg
crop_1597_pen1_tur_cam2_20250126_072025.jpg,1,pen1_tur_cam2_20250126_072025.jpg
crop_1598_pen2_tur_cam1_20250109_072830.jpg,1,pen2_tur_cam1_20250109_072830.jpg
crop_1599_pen2_tur_cam1_20250120_094438.jpg,1,pen2_tur_cam1_20250120_094438.jpg
crop_1600_pen1_tur_cam2_20250126_143059.jpg,1,pen1_tur_cam2_20250126_143059.jpg
crop_1601_pen2_orb_cam1_20250108_083924.jpg,1,pen2_orb_cam1_20250108_083924.jpg
crop_1602_pen2_tur_cam1_20250120_084934.jpg,1,pen2_tur_cam1_20250120_084934.jpg
crop_1603_pen2_tur_cam1_20250109_074024.jpg,1,pen2_tur_cam1_20250109_074024.jpg
crop_1604_pen1_tur_cam2_20250203_115054.jpg,1,pen1_tur_cam2_20250203_115054.jpg
crop_1605_pen2_tur_cam1_20250109_074134.jpg,1,pen2_tur_cam1_20250109_074134.jpg
crop_1606_pen2_orb_cam1_20250108_083329.jpg,1,pen2_orb_cam1_20250108_083329.jpg
crop_1607_pen1_tur_cam2_20250203_112913.jpg,1,pen1_tur_cam2_20250203_112913.jpg
crop_1608_pen2_tur_cam1_20250209_074010.jpg,1,pen2_tur_cam1_20250209_074010.jpg
crop_1609_pen2_tur_cam1_20250109_073605.jpg,1,pen2_tur_cam1_20250109_073605.jpg
crop_1610_pen2_tur_cam1_20250109_073303.jpg,1,pen2_tur_cam1_20250109_073303.jpg
crop_1611_pen2_orb_cam2_20250217_125559.jpg,1,pen2_orb_cam2_20250217_125559.jpg
crop_1612_pen2_tur_cam1_20250120_070427.jpg,1,pen2_tur_cam1_20250120_070427.jpg
crop_1613_pen2_tur_cam1_20250209_122710.jpg,1,pen2_tur_cam1_20250209_122710.jpg
crop_1614_pen1_tur_cam2_20250220_075525.jpg,1,pen1_tur_cam2_20250220_075525.jpg
crop_1615_pen1_tur_cam2_20250201_152857.jpg,1,pen1_tur_cam2_20250201_152857.jpg
crop_1616_pen2_tur_cam1_20250120_085754.jpg,1,pen2_tur_cam1_20250120_085754.jpg
crop_1617_pen1_tur_cam2_20250122_112431.jpg,1,pen1_tur_cam2_20250122_112431.jpg
crop_1618_pen2_tur_cam1_20250123_145637.jpg,1,pen2_tur_cam1_20250123_145637.jpg
crop_1619_pen2_orb_cam1_20250108_083401.jpg,1,pen2_orb_cam1_20250108_083401.jpg
crop_1620_pen1_orb_cam1_20250108_085606.jpg,1,pen1_orb_cam1_20250108_085606.jpg
crop_1621_pen1_tur_cam2_20250125_112840.jpg,1,pen1_tur_cam2_20250125_112840.jpg
crop_1622_pen1_tur_cam2_20250127_153846.jpg,1,pen1_tur_cam2_20250127_153846.jpg
crop_1623_pen2_tur_cam1_20250209_123711.jpg,1,pen2_tur_cam1_20250209_123711.jpg
crop_1624_pen2_orb_cam1_20250108_090113.jpg,1,pen2_orb_cam1_20250108_090113.jpg
crop_1625_pen1_tur_cam2_20250126_074847.jpg,1,pen1_tur_cam2_20250126_074847.jpg
crop_1626_pen1_orb_cam1_20250108_085843.jpg,1,pen1_orb_cam1_20250108_085843.jpg
crop_1627_pen1_tur_cam2_20250127_155848.jpg,1,pen1_tur_cam2_20250127_155848.jpg
crop_1628_pen2_orb_cam1_20250108_082918.jpg,1,pen2_orb_cam1_20250108_082918.jpg
crop_1629_pen1_tur_cam2_20250125_120233.jpg,1,pen1_tur_cam2_20250125_120233.jpg
crop_1630_pen2_orb_cam1_20250108_085941.jpg,1,pen2_orb_cam1_20250108_085941.jpg
crop_1631_pen1_orb_cam1_20250108_085531.jpg,1,pen1_orb_cam1_20250108_085531.jpg
crop_1632_pen1_orb_cam1_20250108_085848.jpg,1,pen1_orb_cam1_20250108_085848.jpg
crop_1633_pen1_tur_cam2_20250201_162548.jpg,1,pen1_tur_cam2_20250201_162548.jpg
crop_1634_pen2_orb_cam1_20250108_084921.jpg,1,pen2_orb_cam1_20250108_084921.jpg
crop_1635_pen1_tur_cam2_20250207_140759.jpg,1,pen1_tur_cam2_20250207_140759.jpg
crop_1636_pen2_orb_cam1_20250108_085407.jpg,1,pen2_orb_cam1_20250108_085407.jpg
crop_1637_pen1_tur_cam2_20250127_172400.jpg,1,pen1_tur_cam2_20250127_172400.jpg
crop_1638_pen2_tur_cam1_20250209_110024.jpg,1,pen2_tur_cam1_20250209_110024.jpg
crop_1639_pen2_tur_cam1_20250109_073502.jpg,1,pen2_tur_cam1_20250109_073502.jpg
crop_1640_pen2_tur_cam1_20250123_110506.jpg,1,pen2_tur_cam1_20250123_110506.jpg
crop_1641_pen2_tur_cam1_20250109_074759.jpg,1,pen2_tur_cam1_20250109_074759.jpg
crop_1642_pen2_orb_cam2_20250217_130242.jpg,1,pen2_orb_cam2_20250217_130242.jpg
crop_1643_pen2_orb_cam1_20250108_081937.jpg,1,pen2_orb_cam1_20250108_081937.jpg
crop_1644_pen1_tur_cam2_20250127_163531.jpg,1,pen1_tur_cam2_20250127_163531.jpg
crop_1645_pen2_tur_cam1_20250120_115947.jpg,1,pen2_tur_cam1_20250120_115947.jpg
crop_1646_pen2_orb_cam1_20250108_082429.jpg,1,pen2_orb_cam1_20250108_082429.jpg
crop_1647_pen2_tur_cam1_20250109_072652.jpg,1,pen2_tur_cam1_20250109_072652.jpg
crop_1648_pen2_orb_cam1_20250108_083128.jpg,1,pen2_orb_cam1_20250108_083128.jpg
crop_1649_pen2_orb_cam1_20250108_080540.jpg,1,pen2_orb_cam1_20250108_080540.jpg
crop_1650_pen1_orb_cam1_20250108_085808.jpg,1,pen1_orb_cam1_20250108_085808.jpg
crop_1651_pen2_orb_cam1_20250108_085837.jpg,1,pen2_orb_cam1_20250108_085837.jpg
crop_1652_pen1_tur_cam2_20250125_060815.jpg,1,pen1_tur_cam2_20250125_060815.jpg
crop_1653_pen2_tur_cam1_20250109_074120.jpg,1,pen2_tur_cam1_20250109_074120.jpg
crop_1654_pen2_tur_cam1_20250109_075005.jpg,1,pen2_tur_cam1_20250109_075005.jpg
crop_1655_pen1_orb_cam1_20250108_085858.jpg,1,pen1_orb_cam1_20250108_085858.jpg
crop_1656_pen2_tur_cam1_20250109_074237.jpg,1,pen2_tur_cam1_20250109_074237.jpg
crop_1657_pen2_tur_cam1_20250109_074202.jpg,1,pen2_tur_cam1_20250109_074202.jpg
crop_1658_pen2_tur_cam1_20250109_072617.jpg,1,pen2_tur_cam1_20250109_072617.jpg
crop_1659_pen2_orb_cam1_20250108_085848.jpg,1,pen2_orb_cam1_20250108_085848.jpg
crop_1660_pen1_tur_cam2_20250201_152857.jpg,1,pen1_tur_cam2_20250201_152857.jpg
crop_1661_pen1_tur_cam2_20250127_165032.jpg,1,pen1_tur_cam2_20250127_165032.jpg
crop_1662_pen2_tur_cam1_20250109_073907.jpg,1,pen2_tur_cam1_20250109_073907.jpg
crop_1663_pen1_tur_cam2_20250201_150307.jpg,1,pen1_tur_cam2_20250201_150307.jpg
crop_1664_pen1_tur_cam2_20250127_115327.jpg,1,pen1_tur_cam2_20250127_115327.jpg
crop_1665_pen1_tur_cam2_20250207_153946.jpg,1,pen1_tur_cam2_20250207_153946.jpg
crop_1666_pen1_orb_cam1_20250108_085843.jpg,1,pen1_orb_cam1_20250108_085843.jpg
crop_1667_pen2_tur_cam1_20250109_073413.jpg,1,pen2_tur_cam1_20250109_073413.jpg
crop_1668_pen2_tur_cam1_20250109_073331.jpg,1,pen2_tur_cam1_20250109_073331.jpg
crop_1669_pen2_tur_cam1_20250120_072428.jpg,1,pen2_tur_cam1_20250120_072428.jpg
crop_1670_pen2_tur_cam1_20250120_072929.jpg,1,pen2_tur_cam1_20250120_072929.jpg
crop_1671_pen1_tur_cam2_20250126_134915.jpg,1,pen1_tur_cam2_20250126_134915.jpg
crop_1672_pen2_tur_cam1_20250209_123030.jpg,1,pen2_tur_cam1_20250209_123030.jpg
crop_1673_pen1_orb_cam1_20250108_085627.jpg,1,pen1_orb_cam1_20250108_085627.jpg
crop_1674_pen1_tur_cam2_20250125_112659.jpg,1,pen1_tur_cam2_20250125_112659.jpg
crop_1675_pen2_orb_cam1_20250108_082618.jpg,1,pen2_orb_cam1_20250108_082618.jpg
crop_1676_pen2_tur_cam1_20250109_072741.jpg,1,pen2_tur_cam1_20250109_072741.jpg
crop_1677_pen2_tur_cam1_20250109_080405.jpg,1,pen2_tur_cam1_20250109_080405.jpg
crop_1678_pen2_tur_cam1_20250209_092157.jpg,1,pen2_tur_cam1_20250209_092157.jpg
crop_1679_pen2_tur_cam1_20250120_093757.jpg,1,pen2_tur_cam1_20250120_093757.jpg
crop_1680_pen2_tur_cam1_20250109_075410.jpg,1,pen2_tur_cam1_20250109_075410.jpg
crop_1681_pen2_tur_cam1_20250209_082013.jpg,1,pen2_tur_cam1_20250209_082013.jpg
crop_1682_pen1_tur_cam2_20250126_084531.jpg,1,pen1_tur_cam2_20250126_084531.jpg
crop_1683_pen1_tur_cam2_20250203_113053.jpg,1,pen1_tur_cam2_20250203_113053.jpg
crop_1684_pen2_tur_cam1_20250209_104523.jpg,1,pen2_tur_cam1_20250209_104523.jpg
crop_1685_pen1_tur_cam2_20250207_144943.jpg,1,pen1_tur_cam2_20250207_144943.jpg
crop_1686_pen2_tur_cam1_20250120_085754.jpg,1,pen2_tur_cam1_20250120_085754.jpg
crop_1687_pen2_tur_cam1_20250109_072727.jpg,1,pen2_tur_cam1_20250109_072727.jpg
crop_1688_pen2_tur_cam1_20250109_073427.jpg,1,pen2_tur_cam1_20250109_073427.jpg
crop_1689_pen2_tur_cam1_20250109_075108.jpg,1,pen2_tur_cam1_20250109_075108.jpg
crop_1690_pen2_tur_cam1_20250123_151718.jpg,1,pen2_tur_cam1_20250123_151718.jpg
crop_1691_pen2_orb_cam1_20250108_085351.jpg,1,pen2_orb_cam1_20250108_085351.jpg
crop_1692_pen2_orb_cam1_20250108_084043.jpg,1,pen2_orb_cam1_20250108_084043.jpg
crop_1693_pen2_orb_cam1_20250108_082751.jpg,1,pen2_orb_cam1_20250108_082751.jpg
crop_1694_pen1_orb_cam1_20250108_085918.jpg,1,pen1_orb_cam1_20250108_085918.jpg
crop_1695_pen1_tur_cam2_20250122_113301.jpg,1,pen1_tur_cam2_20250122_113301.jpg
crop_1696_pen2_tur_cam1_20250120_102440.jpg,1,pen2_tur_cam1_20250120_102440.jpg
crop_1697_pen2_orb_cam1_20250108_082546.jpg,1,pen2_orb_cam1_20250108_082546.jpg
crop_1698_pen1_tur_cam2_20250207_144442.jpg,1,pen1_tur_cam2_20250207_144442.jpg
crop_1699_pen1_tur_cam2_20250127_170534.jpg,1,pen1_tur_cam2_20250127_170534.jpg
crop_1700_pen2_tur_cam1_20250209_080652.jpg,1,pen2_tur_cam1_20250209_080652.jpg
crop_1701_pen1_tur_cam2_20250126_093944.jpg,1,pen1_tur_cam2_20250126_093944.jpg
crop_1702_pen1_tur_cam2_20250126_082531.jpg,1,pen1_tur_cam2_20250126_082531.jpg
crop_1703_pen1_tur_cam2_20250125_070248.jpg,1,pen1_tur_cam2_20250125_070248.jpg
crop_1704_pen1_tur_cam2_20250126_074346.jpg,1,pen1_tur_cam2_20250126_074346.jpg
crop_1705_pen2_tur_cam1_20250109_073434.jpg,1,pen2_tur_cam1_20250109_073434.jpg
crop_1706_pen1_tur_cam2_20250127_171353.jpg,1,pen1_tur_cam2_20250127_171353.jpg
crop_1707_pen1_tur_cam2_20250126_074346.jpg,1,pen1_tur_cam2_20250126_074346.jpg
crop_1708_pen2_tur_cam1_20250109_075115.jpg,1,pen2_tur_cam1_20250109_075115.jpg
crop_1709_pen1_orb_cam1_20250108_085546.jpg,1,pen1_orb_cam1_20250108_085546.jpg
crop_1710_pen2_tur_cam1_20250209_114027.jpg,1,pen2_tur_cam1_20250209_114027.jpg
crop_1711_pen1_tur_cam2_20250202_153944.jpg,1,pen1_tur_cam2_20250202_153944.jpg
crop_1712_pen2_tur_cam1_20250120_111803.jpg,1,pen2_tur_cam1_20250120_111803.jpg
crop_1713_pen2_tur_cam1_20250120_072428.jpg,1,pen2_tur_cam1_20250120_072428.jpg
crop_1714_pen2_orb_cam1_20250108_082856.jpg,1,pen2_orb_cam1_20250108_082856.jpg
crop_1715_pen2_orb_cam1_20250108_085854.jpg,1,pen2_orb_cam1_20250108_085854.jpg
crop_1716_pen2_tur_cam1_20250120_113805.jpg,1,pen2_tur_cam1_20250120_113805.jpg
crop_1717_pen1_tur_cam2_20250203_104410.jpg,1,pen1_tur_cam2_20250203_104410.jpg
crop_1718_pen1_tur_cam2_20250220_082847.jpg,1,pen1_tur_cam2_20250220_082847.jpg
crop_1719_pen1_tur_cam2_20250127_172034.jpg,1,pen1_tur_cam2_20250127_172034.jpg
crop_1720_pen2_tur_cam1_20250123_140457.jpg,1,pen2_tur_cam1_20250123_140457.jpg
crop_1721_pen2_tur_cam1_20250109_072727.jpg,1,pen2_tur_cam1_20250109_072727.jpg
crop_1722_pen1_tur_cam2_20250127_140133.jpg,1,pen1_tur_cam2_20250127_140133.jpg
crop_1723_pen1_tur_cam2_20250126_093624.jpg,1,pen1_tur_cam2_20250126_093624.jpg
crop_1724_pen2_tur_cam1_20250109_074106.jpg,1,pen2_tur_cam1_20250109_074106.jpg
crop_1725_pen2_orb_cam1_20250108_082802.jpg,1,pen2_orb_cam1_20250108_082802.jpg
crop_1726_pen2_tur_cam1_20250109_073235.jpg,1,pen2_tur_cam1_20250109_073235.jpg
crop_1727_pen2_tur_cam1_20250120_075430.jpg,1,pen2_tur_cam1_20250120_075430.jpg
crop_1728_pen2_tur_cam1_20250109_075143.jpg,1,pen2_tur_cam1_20250109_075143.jpg
crop_1729_pen2_tur_cam1_20250120_092256.jpg,1,pen2_tur_cam1_20250120_092256.jpg
crop_1730_pen1_tur_cam2_20250127_135303.jpg,1,pen1_tur_cam2_20250127_135303.jpg
crop_1731_pen2_tur_cam1_20250209_132035.jpg,1,pen2_tur_cam1_20250209_132035.jpg
crop_1732_pen1_tur_cam2_20250207_140940.jpg,1,pen1_tur_cam2_20250207_140940.jpg
crop_1733_pen2_tur_cam1_20250120_102940.jpg,1,pen2_tur_cam1_20250120_102940.jpg
crop_1734_pen2_orb_cam1_20250108_082338.jpg,1,pen2_orb_cam1_20250108_082338.jpg
crop_1735_pen1_tur_cam2_20250203_113914.jpg,1,pen1_tur_cam2_20250203_113914.jpg
crop_1736_pen1_tur_cam2_20250125_085630.jpg,1,pen1_tur_cam2_20250125_085630.jpg
crop_1737_pen1_tur_cam2_20250201_151837.jpg,1,pen1_tur_cam2_20250201_151837.jpg
crop_1738_pen2_tur_cam1_20250109_073530.jpg,1,pen2_tur_cam1_20250109_073530.jpg
crop_1739_pen1_tur_cam2_20250220_084028.jpg,1,pen1_tur_cam2_20250220_084028.jpg
crop_1740_pen2_orb_cam1_20250108_083133.jpg,1,pen2_orb_cam1_20250108_083133.jpg
crop_1741_pen2_tur_cam1_20250109_074223.jpg,1,pen2_tur_cam1_20250109_074223.jpg
crop_1742_pen2_orb_cam1_20250108_083223.jpg,1,pen2_orb_cam1_20250108_083223.jpg
crop_1743_pen2_tur_cam1_20250109_074258.jpg,1,pen2_tur_cam1_20250109_074258.jpg
crop_1744_pen1_tur_cam2_20250126_082029.jpg,1,pen1_tur_cam2_20250126_082029.jpg
crop_1745_pen2_orb_cam1_20250108_082423.jpg,1,pen2_orb_cam1_20250108_082423.jpg
crop_1746_pen1_tur_cam2_20250203_102409.jpg,1,pen1_tur_cam2_20250203_102409.jpg
crop_1747_pen1_tur_cam2_20250125_123014.jpg,1,pen1_tur_cam2_20250125_123014.jpg
crop_1748_pen1_tur_cam2_20250125_084800.jpg,1,pen1_tur_cam2_20250125_084800.jpg
crop_1749_pen2_tur_cam1_20250109_072240.jpg,1,pen2_tur_cam1_20250109_072240.jpg
crop_1750_pen2_orb_cam1_20250108_084112.jpg,1,pen2_orb_cam1_20250108_084112.jpg
crop_1751_pen1_tur_cam2_20250220_095353.jpg,1,pen1_tur_cam2_20250220_095353.jpg
crop_1752_pen1_orb_cam2_20250108_131833.jpg,1,pen1_orb_cam2_20250108_131833.jpg
crop_1753_pen1_tur_cam2_20250207_131434.jpg,1,pen1_tur_cam2_20250207_131434.jpg
crop_1754_pen1_orb_cam1_20250108_090117.jpg,1,pen1_orb_cam1_20250108_090117.jpg
crop_1755_pen2_tur_cam1_20250120_103801.jpg,1,pen2_tur_cam1_20250120_103801.jpg
crop_1756_pen2_tur_cam1_20250109_072137.jpg,1,pen2_tur_cam1_20250109_072137.jpg
crop_1757_pen2_tur_cam1_20250209_113527.jpg,1,pen2_tur_cam1_20250209_113527.jpg
crop_1758_pen2_orb_cam1_20250108_084520.jpg,1,pen2_orb_cam1_20250108_084520.jpg
crop_1759_pen2_tur_cam1_20250120_120947.jpg,1,pen2_tur_cam1_20250120_120947.jpg
crop_1760_pen2_tur_cam1_20250120_104302.jpg,1,pen2_tur_cam1_20250120_104302.jpg
crop_1761_pen2_tur_cam1_20250109_072336.jpg,1,pen2_tur_cam1_20250109_072336.jpg
crop_1762_pen2_orb_cam1_20250108_084542.jpg,1,pen2_orb_cam1_20250108_084542.jpg
crop_1763_pen1_tur_cam2_20250202_154444.jpg,1,pen1_tur_cam2_20250202_154444.jpg
crop_1764_pen2_tur_cam1_20250209_095519.jpg,1,pen2_tur_cam1_20250209_095519.jpg
crop_1765_pen2_orb_cam1_20250108_082636.jpg,1,pen2_orb_cam1_20250108_082636.jpg
crop_1766_pen1_tur_cam2_20250127_152846.jpg,1,pen1_tur_cam2_20250127_152846.jpg
crop_1767_pen1_tur_cam2_20250122_102230.jpg,1,pen1_tur_cam2_20250122_102230.jpg
crop_1768_pen1_tur_cam2_20250201_160828.jpg,1,pen1_tur_cam2_20250201_160828.jpg
crop_1769_pen2_tur_cam1_20250109_072254.jpg,1,pen2_tur_cam1_20250109_072254.jpg
crop_1770_pen1_tur_cam2_20250203_113914.jpg,1,pen1_tur_cam2_20250203_113914.jpg
crop_1771_pen1_tur_cam2_20250127_141703.jpg,1,pen1_tur_cam2_20250127_141703.jpg
crop_1772_pen2_tur_cam1_20250120_101940.jpg,1,pen2_tur_cam1_20250120_101940.jpg
crop_1773_pen2_orb_cam1_20250108_084959.jpg,1,pen2_orb_cam1_20250108_084959.jpg
crop_1774_pen1_tur_cam2_20250201_092711.jpg,1,pen1_tur_cam2_20250201_092711.jpg
crop_1775_pen1_tur_cam2_20250127_123021.jpg,1,pen1_tur_cam2_20250127_123021.jpg
crop_1776_pen2_tur_cam1_20250109_074717.jpg,1,pen2_tur_cam1_20250109_074717.jpg
crop_1777_pen2_tur_cam1_20250123_151528.jpg,1,pen2_tur_cam1_20250123_151528.jpg
crop_1778_pen1_tur_cam2_20250127_113827.jpg,1,pen1_tur_cam2_20250127_113827.jpg
crop_1779_pen2_tur_cam1_20250109_074209.jpg,1,pen2_tur_cam1_20250109_074209.jpg
crop_1780_pen2_tur_cam1_20250109_074024.jpg,1,pen2_tur_cam1_20250109_074024.jpg
crop_1781_pen1_tur_cam2_20250125_085310.jpg,1,pen1_tur_cam2_20250125_085310.jpg
crop_1782_pen1_tur_cam2_20250203_115555.jpg,1,pen1_tur_cam2_20250203_115555.jpg
crop_1783_pen2_tur_cam1_20250109_072816.jpg,1,pen2_tur_cam1_20250109_072816.jpg
crop_1784_pen1_tur_cam2_20250220_094532.jpg,1,pen1_tur_cam2_20250220_094532.jpg
crop_1785_pen1_tur_cam2_20250126_153810.jpg,1,pen1_tur_cam2_20250126_153810.jpg
crop_1786_pen1_tur_cam2_20250207_133256.jpg,1,pen1_tur_cam2_20250207_133256.jpg
crop_1787_pen2_tur_cam1_20250109_073448.jpg,1,pen2_tur_cam1_20250109_073448.jpg
crop_1788_pen2_tur_cam1_20250120_074429.jpg,1,pen2_tur_cam1_20250120_074429.jpg
crop_1789_pen1_tur_cam2_20250126_075347.jpg,1,pen1_tur_cam2_20250126_075347.jpg
crop_1790_pen1_tur_cam2_20250125_135615.jpg,1,pen1_tur_cam2_20250125_135615.jpg
crop_1791_pen2_tur_cam1_20250209_115528.jpg,1,pen2_tur_cam1_20250209_115528.jpg
crop_1792_pen1_tur_cam2_20250220_075344.jpg,1,pen1_tur_cam2_20250220_075344.jpg
crop_1793_pen2_orb_cam1_20250108_085302.jpg,1,pen2_orb_cam1_20250108_085302.jpg
crop_1794_pen2_tur_cam1_20250109_074244.jpg,1,pen2_tur_cam1_20250109_074244.jpg
crop_1795_pen1_tur_cam2_20250203_113914.jpg,1,pen1_tur_cam2_20250203_113914.jpg
crop_1796_pen1_tur_cam2_20250122_145625.jpg,1,pen1_tur_cam2_20250122_145625.jpg
crop_1797_pen2_tur_cam1_20250209_122211.jpg,1,pen2_tur_cam1_20250209_122211.jpg
crop_1798_pen1_tur_cam2_20250125_105838.jpg,1,pen1_tur_cam2_20250125_105838.jpg
crop_1799_pen2_tur_cam1_20250120_100439.jpg,1,pen2_tur_cam1_20250120_100439.jpg
crop_1800_pen2_tur_cam1_20250109_072720.jpg,1,pen2_tur_cam1_20250109_072720.jpg
crop_1801_pen1_tur_cam2_20250207_150943.jpg,1,pen1_tur_cam2_20250207_150943.jpg
crop_1802_pen1_tur_cam2_20250127_151844.jpg,1,pen1_tur_cam2_20250127_151844.jpg
crop_1803_pen1_tur_cam2_20250125_114343.jpg,1,pen1_tur_cam2_20250125_114343.jpg
crop_1804_pen1_tur_cam2_20250207_141940.jpg,1,pen1_tur_cam2_20250207_141940.jpg
crop_1805_pen2_tur_cam1_20250109_073338.jpg,1,pen2_tur_cam1_20250109_073338.jpg
crop_1806_pen2_orb_cam1_20250108_083901.jpg,1,pen2_orb_cam1_20250108_083901.jpg
crop_1807_pen1_tur_cam2_20250201_153917.jpg,1,pen1_tur_cam2_20250201_153917.jpg
crop_1808_pen2_tur_cam1_20250109_074436.jpg,1,pen2_tur_cam1_20250109_074436.jpg
crop_1809_pen1_tur_cam2_20250207_152946.jpg,1,pen1_tur_cam2_20250207_152946.jpg
crop_1810_pen1_orb_cam1_20250108_085808.jpg,1,pen1_orb_cam1_20250108_085808.jpg
crop_1811_pen1_tur_cam2_20250207_144943.jpg,1,pen1_tur_cam2_20250207_144943.jpg
crop_1812_pen2_tur_cam1_20250123_141327.jpg,1,pen2_tur_cam1_20250123_141327.jpg
crop_1813_pen1_tur_cam2_20250201_161848.jpg,1,pen1_tur_cam2_20250201_161848.jpg
crop_1814_pen1_tur_cam2_20250127_172400.jpg,1,pen1_tur_cam2_20250127_172400.jpg
crop_1815_pen2_tur_cam1_20250109_073942.jpg,1,pen2_tur_cam1_20250109_073942.jpg
crop_1816_pen2_tur_cam1_20250109_072905.jpg,1,pen2_tur_cam1_20250109_072905.jpg
crop_1817_pen1_tur_cam1_20250203_094407.jpg,1,pen1_tur_cam1_20250203_094407.jpg
crop_1818_pen1_tur_cam2_20250125_132515.jpg,1,pen1_tur_cam2_20250125_132515.jpg
crop_1819_pen1_tur_cam2_20250127_165352.jpg,1,pen1_tur_cam2_20250127_165352.jpg
crop_1820_pen1_tur_cam2_20250126_072025.jpg,1,pen1_tur_cam2_20250126_072025.jpg
crop_1821_pen1_tur_cam2_20250203_114414.jpg,1,pen1_tur_cam2_20250203_114414.jpg
crop_1822_pen1_tur_cam2_20250126_075527.jpg,1,pen1_tur_cam2_20250126_075527.jpg
crop_1823_pen2_tur_cam1_20250109_074106.jpg,1,pen2_tur_cam1_20250109_074106.jpg
crop_1824_pen1_tur_cam2_20250125_091150.jpg,1,pen1_tur_cam2_20250125_091150.jpg
crop_1825_pen2_tur_cam1_20250123_112507.jpg,1,pen2_tur_cam1_20250123_112507.jpg
crop_1826_pen2_tur_cam1_20250109_074738.jpg,1,pen2_tur_cam1_20250109_074738.jpg
crop_1827_pen2_tur_cam1_20250109_072940.jpg,1,pen2_tur_cam1_20250109_072940.jpg
crop_1828_pen1_tur_cam2_20250126_072845.jpg,1,pen1_tur_cam2_20250126_072845.jpg
crop_1829_pen2_orb_cam1_20250108_082557.jpg,1,pen2_orb_cam1_20250108_082557.jpg
crop_1830_pen1_tur_cam2_20250126_095514.jpg,1,pen1_tur_cam2_20250126_095514.jpg
crop_1831_pen1_tur_cam2_20250126_070343.jpg,1,pen1_tur_cam2_20250126_070343.jpg
crop_1832_pen1_tur_cam2_20250220_095033.jpg,1,pen1_tur_cam2_20250220_095033.jpg
crop_1833_pen1_orb_cam1_20250108_090038.jpg,1,pen1_orb_cam1_20250108_090038.jpg
crop_1834_pen1_tur_cam2_20250125_064207.jpg,1,pen1_tur_cam2_20250125_064207.jpg
crop_1835_pen1_tur_cam2_20250127_122831.jpg,1,pen1_tur_cam2_20250127_122831.jpg
crop_1836_pen2_orb_cam1_20250108_083149.jpg,1,pen2_orb_cam1_20250108_083149.jpg
crop_1837_pen1_tur_cam2_20250201_150307.jpg,1,pen1_tur_cam2_20250201_150307.jpg
crop_1838_pen1_tur_cam2_20250127_125612.jpg,1,pen1_tur_cam2_20250127_125612.jpg
crop_1839_pen2_tur_cam1_20250109_074340.jpg,1,pen2_tur_cam1_20250109_074340.jpg
crop_1840_pen2_orb_cam1_20250108_081659.jpg,1,pen2_orb_cam1_20250108_081659.jpg
crop_1841_pen1_tur_cam2_20250127_165852.jpg,1,pen1_tur_cam2_20250127_165852.jpg
crop_1842_pen1_tur_cam2_20250125_064358.jpg,1,pen1_tur_cam2_20250125_064358.jpg
crop_1843_pen2_tur_cam1_20250209_081653.jpg,1,pen2_tur_cam1_20250209_081653.jpg
crop_1844_pen2_tur_cam1_20250109_074230.jpg,1,pen2_tur_cam1_20250109_074230.jpg
crop_1845_pen1_tur_cam2_20250122_105140.jpg,1,pen1_tur_cam2_20250122_105140.jpg
crop_1846_pen1_tur_cam2_20250125_111839.jpg,1,pen1_tur_cam2_20250125_111839.jpg
crop_1847_pen2_tur_cam1_20250109_072556.jpg,1,pen2_tur_cam1_20250109_072556.jpg
crop_1848_pen2_orb_cam1_20250108_083257.jpg,1,pen2_orb_cam1_20250108_083257.jpg
crop_1849_pen2_orb_cam1_20250108_083538.jpg,1,pen2_orb_cam1_20250108_083538.jpg
crop_1850_pen1_tur_cam2_20250122_100659.jpg,1,pen1_tur_cam2_20250122_100659.jpg
crop_1851_pen2_tur_cam1_20250109_074024.jpg,1,pen2_tur_cam1_20250109_074024.jpg
crop_1852_pen2_orb_cam1_20250108_083455.jpg,1,pen2_orb_cam1_20250108_083455.jpg
crop_1853_pen1_orb_cam1_20250108_085828.jpg,1,pen1_orb_cam1_20250108_085828.jpg
crop_1854_pen2_tur_cam1_20250109_073057.jpg,1,pen2_tur_cam1_20250109_073057.jpg
crop_1855_pen2_orb_cam1_20250108_085935.jpg,1,pen2_orb_cam1_20250108_085935.jpg
crop_1856_pen2_tur_cam1_20250109_073345.jpg,1,pen2_tur_cam1_20250109_073345.jpg
crop_1857_pen2_orb_cam1_20250108_085946.jpg,1,pen2_orb_cam1_20250108_085946.jpg
crop_1858_pen2_orb_cam1_20250108_081857.jpg,1,pen2_orb_cam1_20250108_081857.jpg
crop_1859_pen2_tur_cam1_20250209_110204.jpg,1,pen2_tur_cam1_20250209_110204.jpg
crop_1860_pen1_orb_cam1_20250108_090303.jpg,1,pen1_orb_cam1_20250108_090303.jpg
crop_1861_pen2_orb_cam1_20250108_082918.jpg,1,pen2_orb_cam1_20250108_082918.jpg
crop_1862_pen2_tur_cam1_20250123_140307.jpg,1,pen2_tur_cam1_20250123_140307.jpg
crop_1863_pen2_tur_cam1_20250209_074150.jpg,1,pen2_tur_cam1_20250209_074150.jpg
crop_1864_pen1_orb_cam1_20250108_085752.jpg,1,pen1_orb_cam1_20250108_085752.jpg
crop_1865_pen2_tur_cam1_20250123_135947.jpg,1,pen2_tur_cam1_20250123_135947.jpg
crop_1866_pen1_tur_cam2_20250126_083850.jpg,1,pen1_tur_cam2_20250126_083850.jpg
crop_1867_pen1_tur_cam2_20250207_141439.jpg,1,pen1_tur_cam2_20250207_141439.jpg
crop_1868_pen2_tur_cam1_20250109_073757.jpg,1,pen2_tur_cam1_20250109_073757.jpg
crop_1869_pen2_orb_cam2_20250217_125559.jpg,1,pen2_orb_cam2_20250217_125559.jpg
crop_1870_pen1_tur_cam2_20250127_130952.jpg,1,pen1_tur_cam2_20250127_130952.jpg
crop_1871_pen1_tur_cam2_20250201_160828.jpg,1,pen1_tur_cam2_20250201_160828.jpg
crop_1872_pen1_tur_cam2_20250127_115327.jpg,1,pen1_tur_cam2_20250127_115327.jpg
crop_1873_pen1_tur_cam2_20250125_110658.jpg,1,pen1_tur_cam2_20250125_110658.jpg
crop_1874_pen1_tur_cam2_20250207_143942.jpg,1,pen1_tur_cam2_20250207_143942.jpg
crop_1875_pen1_orb_cam1_20250108_090122.jpg,1,pen1_orb_cam1_20250108_090122.jpg
crop_1876_pen2_orb_cam1_20250108_083234.jpg,1,pen2_orb_cam1_20250108_083234.jpg
crop_1877_pen2_tur_cam1_20250109_072500.jpg,1,pen2_tur_cam1_20250109_072500.jpg
crop_1878_pen2_orb_cam1_20250108_080510.jpg,1,pen2_orb_cam1_20250108_080510.jpg
crop_1879_pen2_tur_cam1_20250209_094519.jpg,1,pen2_tur_cam1_20250209_094519.jpg
crop_1880_pen2_orb_cam1_20250108_083432.jpg,1,pen2_orb_cam1_20250108_083432.jpg
crop_1881_pen1_tur_cam2_20250127_163030.jpg,1,pen1_tur_cam2_20250127_163030.jpg
crop_1882_pen2_orb_cam1_20250108_083406.jpg,1,pen2_orb_cam1_20250108_083406.jpg
crop_1883_pen1_tur_cam2_20250127_122330.jpg,1,pen1_tur_cam2_20250127_122330.jpg
crop_1884_pen2_tur_cam1_20250209_092658.jpg,1,pen2_tur_cam1_20250209_092658.jpg
crop_1885_pen2_orb_cam1_20250108_083701.jpg,1,pen2_orb_cam1_20250108_083701.jpg
crop_1886_pen2_tur_cam1_20250109_073406.jpg,1,pen2_tur_cam1_20250109_073406.jpg
crop_1887_pen2_tur_cam1_20250123_120010.jpg,1,pen2_tur_cam1_20250123_120010.jpg
crop_1888_pen1_tur_cam2_20250202_154444.jpg,1,pen1_tur_cam2_20250202_154444.jpg
crop_1889_pen1_orb_cam2_20250108_134431.jpg,1,pen1_orb_cam2_20250108_134431.jpg
crop_1890_pen2_tur_cam1_20250109_073352.jpg,1,pen2_tur_cam1_20250109_073352.jpg
crop_1891_pen2_tur_cam1_20250209_085155.jpg,1,pen2_tur_cam1_20250209_085155.jpg
crop_1892_pen1_tur_cam2_20250127_151524.jpg,1,pen1_tur_cam2_20250127_151524.jpg
crop_1893_pen1_orb_cam1_20250108_090303.jpg,1,pen1_orb_cam1_20250108_090303.jpg
crop_1894_pen2_tur_cam1_20250120_074930.jpg,1,pen2_tur_cam1_20250120_074930.jpg
crop_1895_pen2_tur_cam1_20250120_113805.jpg,1,pen2_tur_cam1_20250120_113805.jpg
crop_1896_pen1_tur_cam2_20250201_152707.jpg,1,pen1_tur_cam2_20250201_152707.jpg
crop_1897_pen2_tur_cam1_20250123_105005.jpg,1,pen2_tur_cam1_20250123_105005.jpg
crop_1898_pen1_tur_cam2_20250220_083347.jpg,1,pen1_tur_cam2_20250220_083347.jpg
crop_1899_pen2_tur_cam1_20250123_110506.jpg,1,pen2_tur_cam1_20250123_110506.jpg
crop_1900_pen2_orb_cam1_20250108_084413.jpg,1,pen2_orb_cam1_20250108_084413.jpg
crop_1901_pen2_tur_cam1_20250209_121530.jpg,1,pen2_tur_cam1_20250209_121530.jpg
crop_1902_pen1_tur_cam2_20250207_152804.jpg,1,pen1_tur_cam2_20250207_152804.jpg
crop_1903_pen1_tur_cam2_20250125_065928.jpg,1,pen1_tur_cam2_20250125_065928.jpg
crop_1904_pen1_tur_cam2_20250203_112553.jpg,1,pen1_tur_cam2_20250203_112553.jpg
crop_1905_pen1_tur_cam2_20250201_093221.jpg,1,pen1_tur_cam2_20250201_093221.jpg
crop_1906_pen2_tur_cam1_20250109_073654.jpg,1,pen2_tur_cam1_20250109_073654.jpg
crop_1907_pen1_tur_cam2_20250207_151443.jpg,1,pen1_tur_cam2_20250207_151443.jpg
crop_1908_pen2_tur_cam1_20250123_112327.jpg,1,pen2_tur_cam1_20250123_112327.jpg
crop_1909_pen1_tur_cam2_20250207_142300.jpg,1,pen1_tur_cam2_20250207_142300.jpg
crop_1910_pen1_tur_cam2_20250125_070248.jpg,1,pen1_tur_cam2_20250125_070248.jpg
crop_1911_pen2_orb_cam1_20250108_082351.jpg,1,pen2_orb_cam1_20250108_082351.jpg
crop_1912_pen2_orb_cam1_20250108_083505.jpg,1,pen2_orb_cam1_20250108_083505.jpg
crop_1913_pen1_tur_cam2_20250125_093833.jpg,1,pen1_tur_cam2_20250125_093833.jpg
crop_1914_pen2_orb_cam1_20250108_082730.jpg,1,pen2_orb_cam1_20250108_082730.jpg
crop_1915_pen1_tur_cam2_20250203_100047.jpg,1,pen1_tur_cam2_20250203_100047.jpg
crop_1916_pen1_orb_cam1_20250108_085637.jpg,1,pen1_orb_cam1_20250108_085637.jpg
crop_1917_pen2_orb_cam1_20250108_082812.jpg,1,pen2_orb_cam1_20250108_082812.jpg
crop_1918_pen1_tur_cam2_20250203_114554.jpg,1,pen1_tur_cam2_20250203_114554.jpg
crop_1919_pen2_tur_cam1_20250109_074120.jpg,1,pen2_tur_cam1_20250109_074120.jpg
crop_1920_pen1_tur_cam2_20250201_153727.jpg,1,pen1_tur_cam2_20250201_153727.jpg
crop_1921_pen1_tur_cam2_20250207_135939.jpg,1,pen1_tur_cam2_20250207_135939.jpg
crop_1922_pen2_tur_cam1_20250120_104942.jpg,1,pen2_tur_cam1_20250120_104942.jpg
crop_1923_pen1_tur_cam2_20250125_072008.jpg,1,pen1_tur_cam2_20250125_072008.jpg
crop_1924_pen2_tur_cam1_20250123_112327.jpg,1,pen2_tur_cam1_20250123_112327.jpg
crop_1925_pen2_orb_cam2_20250217_125259.jpg,1,pen2_orb_cam2_20250217_125259.jpg
crop_1926_pen1_tur_cam2_20250201_141446.jpg,1,pen1_tur_cam2_20250201_141446.jpg
crop_1927_pen2_orb_cam1_20250108_090113.jpg,1,pen2_orb_cam1_20250108_090113.jpg
crop_1928_pen2_tur_cam1_20250209_111705.jpg,1,pen2_tur_cam1_20250209_111705.jpg
crop_1929_pen2_tur_cam1_20250209_114528.jpg,1,pen2_tur_cam1_20250209_114528.jpg
crop_1930_pen1_tur_cam2_20250127_141153.jpg,1,pen1_tur_cam2_20250127_141153.jpg
crop_1931_pen1_tur_cam2_20250127_141703.jpg,1,pen1_tur_cam2_20250127_141703.jpg
crop_1932_pen1_tur_cam2_20250220_080025.jpg,1,pen1_tur_cam2_20250220_080025.jpg
crop_1933_pen1_tur_cam2_20250220_092350.jpg,1,pen1_tur_cam2_20250220_092350.jpg
crop_1934_pen2_tur_cam1_20250109_072659.jpg,1,pen2_tur_cam1_20250109_072659.jpg
crop_1935_pen1_orb_cam1_20250108_085652.jpg,1,pen1_orb_cam1_20250108_085652.jpg
crop_1936_pen1_tur_cam2_20250201_150117.jpg,1,pen1_tur_cam2_20250201_150117.jpg
crop_1937_pen2_orb_cam1_20250108_084408.jpg,1,pen2_orb_cam1_20250108_084408.jpg
crop_1938_pen2_tur_cam1_20250123_115009.jpg,1,pen2_tur_cam1_20250123_115009.jpg
crop_1939_pen1_tur_cam2_20250127_162530.jpg,1,pen1_tur_cam2_20250127_162530.jpg
crop_1940_pen1_tur_cam2_20250126_075527.jpg,1,pen1_tur_cam2_20250126_075527.jpg
crop_1941_pen2_tur_cam1_20250109_080145.jpg,1,pen2_tur_cam1_20250109_080145.jpg
crop_1942_pen2_tur_cam1_20250109_073750.jpg,1,pen2_tur_cam1_20250109_073750.jpg
crop_1943_pen2_tur_cam1_20250120_075750.jpg,1,pen2_tur_cam1_20250120_075750.jpg
crop_1944_pen1_tur_cam2_20250122_132058.jpg,1,pen1_tur_cam2_20250122_132058.jpg
crop_1945_pen1_tur_cam2_20250201_155257.jpg,1,pen1_tur_cam2_20250201_155257.jpg
crop_1946_pen1_tur_cam2_20250203_094047.jpg,1,pen1_tur_cam2_20250203_094047.jpg
crop_1947_pen2_tur_cam1_20250209_093658.jpg,1,pen2_tur_cam1_20250209_093658.jpg
crop_1948_pen1_tur_cam2_20250220_080846.jpg,1,pen1_tur_cam2_20250220_080846.jpg
crop_1949_pen2_orb_cam1_20250108_084014.jpg,1,pen2_orb_cam1_20250108_084014.jpg
crop_1950_pen2_tur_cam1_20250209_122531.jpg,1,pen2_tur_cam1_20250209_122531.jpg
crop_1951_pen2_tur_cam1_20250120_084434.jpg,1,pen2_tur_cam1_20250120_084434.jpg
crop_1952_pen2_orb_cam1_20250108_082818.jpg,1,pen2_orb_cam1_20250108_082818.jpg
crop_1953_pen2_tur_cam1_20250109_073736.jpg,1,pen2_tur_cam1_20250109_073736.jpg
crop_1954_pen1_tur_cam2_20250127_155528.jpg,1,pen1_tur_cam2_20250127_155528.jpg
crop_1955_pen1_tur_cam2_20250207_150302.jpg,1,pen1_tur_cam2_20250207_150302.jpg
crop_1956_pen2_tur_cam1_20250120_071928.jpg,1,pen2_tur_cam1_20250120_071928.jpg
crop_1957_pen1_orb_cam1_20250108_090303.jpg,1,pen1_orb_cam1_20250108_090303.jpg
crop_1958_pen2_orb_cam1_20250108_080555.jpg,1,pen2_orb_cam1_20250108_080555.jpg
crop_1959_pen2_tur_cam1_20250123_114829.jpg,1,pen2_tur_cam1_20250123_114829.jpg
crop_1960_pen2_tur_cam1_20250120_100439.jpg,1,pen2_tur_cam1_20250120_100439.jpg
crop_1961_pen1_tur_cam2_20250207_125434.jpg,1,pen1_tur_cam2_20250207_125434.jpg
crop_1962_pen2_orb_cam2_20250217_125913.jpg,1,pen2_orb_cam2_20250217_125913.jpg
crop_1963_pen1_tur_cam2_20250125_072328.jpg,1,pen1_tur_cam2_20250125_072328.jpg
crop_1964_pen2_tur_cam1_20250109_073839.jpg,1,pen2_tur_cam1_20250109_073839.jpg
crop_1965_pen1_tur_cam2_20250126_081349.jpg,1,pen1_tur_cam2_20250126_081349.jpg
crop_1966_pen2_orb_cam1_20250108_080510.jpg,1,pen2_orb_cam1_20250108_080510.jpg
crop_1967_pen2_tur_cam1_20250109_072748.jpg,1,pen2_tur_cam1_20250109_072748.jpg
crop_1968_pen1_orb_cam1_20250108_085818.jpg,1,pen1_orb_cam1_20250108_085818.jpg
crop_1969_pen1_tur_cam2_20250127_123341.jpg,1,pen1_tur_cam2_20250127_123341.jpg
crop_1970_pen1_orb_cam1_20250108_085828.jpg,1,pen1_orb_cam1_20250108_085828.jpg
crop_1971_pen1_tur_cam2_20250125_130435.jpg,1,pen1_tur_cam2_20250125_130435.jpg
crop_1972_pen1_tur_cam2_20250126_084531.jpg,1,pen1_tur_cam2_20250126_084531.jpg
crop_1973_pen2_tur_cam1_20250109_080700.jpg,1,pen2_tur_cam1_20250109_080700.jpg
crop_1974_pen2_orb_cam1_20250108_083617.jpg,1,pen2_orb_cam1_20250108_083617.jpg
crop_1975_pen2_tur_cam1_20250120_104302.jpg,1,pen2_tur_cam1_20250120_104302.jpg
crop_1976_pen2_tur_cam1_20250123_143918.jpg,1,pen2_tur_cam1_20250123_143918.jpg
crop_1977_pen2_orb_cam1_20250108_083018.jpg,1,pen2_orb_cam1_20250108_083018.jpg
crop_1978_pen1_orb_cam1_20250108_090122.jpg,1,pen1_orb_cam1_20250108_090122.jpg
crop_1979_pen1_tur_cam2_20250125_072838.jpg,1,pen1_tur_cam2_20250125_072838.jpg
crop_1980_pen1_tur_cam2_20250127_130122.jpg,1,pen1_tur_cam2_20250127_130122.jpg
crop_1981_pen1_tur_cam2_20250127_171534.jpg,1,pen1_tur_cam2_20250127_171534.jpg
crop_1982_pen2_tur_cam1_20250109_073221.jpg,1,pen2_tur_cam1_20250109_073221.jpg
crop_1983_pen2_tur_cam1_20250120_092436.jpg,1,pen2_tur_cam1_20250120_092436.jpg
crop_1984_pen1_orb_cam1_20250108_090047.jpg,1,pen1_orb_cam1_20250108_090047.jpg
crop_1985_pen1_tur_cam2_20250220_073843.jpg,1,pen1_tur_cam2_20250220_073843.jpg
crop_1986_pen1_tur_cam2_20250127_154346.jpg,1,pen1_tur_cam2_20250127_154346.jpg
crop_1987_pen1_tur_cam2_20250127_164531.jpg,1,pen1_tur_cam2_20250127_164531.jpg
crop_1988_pen2_orb_cam1_20250108_081809.jpg,1,pen2_orb_cam1_20250108_081809.jpg
crop_1989_pen2_orb_cam1_20250108_083617.jpg,1,pen2_orb_cam1_20250108_083617.jpg
crop_1990_pen1_tur_cam2_20250201_093731.jpg,1,pen1_tur_cam2_20250201_093731.jpg
crop_1991_pen2_orb_cam1_20250108_081644.jpg,1,pen2_orb_cam1_20250108_081644.jpg
crop_1992_pen1_tur_cam2_20250127_152526.jpg,1,pen1_tur_cam2_20250127_152526.jpg
crop_1993_pen2_tur_cam1_20250109_074518.jpg,1,pen2_tur_cam1_20250109_074518.jpg
crop_1994_pen2_orb_cam1_20250108_082015.jpg,1,pen2_orb_cam1_20250108_082015.jpg
crop_1995_pen1_tur_cam2_20250127_170352.jpg,1,pen1_tur_cam2_20250127_170352.jpg
crop_1996_pen2_tur_cam1_20250120_134844.jpg,1,pen2_tur_cam1_20250120_134844.jpg
crop_1997_pen2_tur_cam1_20250209_111705.jpg,1,pen2_tur_cam1_20250209_111705.jpg
crop_1998_pen1_tur_cam2_20250125_132515.jpg,1,pen1_tur_cam2_20250125_132515.jpg
crop_1999_pen2_tur_cam1_20250109_072734.jpg,1,pen2_tur_cam1_20250109_072734.jpg
crop_2000_pen2_tur_cam1_20250120_091255.jpg,1,pen2_tur_cam1_20250120_091255.jpg
crop_2001_pen2_orb_cam1_20250108_081744.jpg,1,pen2_orb_cam1_20250108_081744.jpg
crop_2002_pen1_orb_cam1_20250108_090147.jpg,1,pen1_orb_cam1_20250108_090147.jpg
crop_2003_pen1_tur_cam2_20250207_145942.jpg,1,pen1_tur_cam2_20250207_145942.jpg
crop_2004_pen2_tur_cam1_20250109_072247.jpg,1,pen2_tur_cam1_20250109_072247.jpg
crop_2005_pen1_tur_cam2_20250207_151443.jpg,1,pen1_tur_cam2_20250207_151443.jpg
crop_2006_pen1_tur_cam2_20250207_150803.jpg,1,pen1_tur_cam2_20250207_150803.jpg
crop_2007_pen1_tur_cam2_20250127_123021.jpg,1,pen1_tur_cam2_20250127_123021.jpg
crop_2008_pen2_orb_cam1_20250108_082923.jpg,1,pen2_orb_cam1_20250108_082923.jpg
crop_2009_pen1_tur_cam2_20250201_144546.jpg,1,pen1_tur_cam2_20250201_144546.jpg
crop_2010_pen2_tur_cam1_20250209_111206.jpg,1,pen2_tur_cam1_20250209_111206.jpg
crop_2011_pen2_tur_cam1_20250123_112327.jpg,1,pen2_tur_cam1_20250123_112327.jpg
crop_2012_pen2_tur_cam1_20250209_123212.jpg,1,pen2_tur_cam1_20250209_123212.jpg
crop_2013_pen2_orb_cam1_20250108_080550.jpg,1,pen2_orb_cam1_20250108_080550.jpg
crop_2014_pen2_orb_cam1_20250108_082541.jpg,1,pen2_orb_cam1_20250108_082541.jpg
crop_2015_pen1_tur_cam2_20250207_142941.jpg,1,pen1_tur_cam2_20250207_142941.jpg
crop_2016_pen2_tur_cam1_20250109_074319.jpg,1,pen2_tur_cam1_20250109_074319.jpg
crop_2017_pen1_tur_cam2_20250220_083848.jpg,1,pen1_tur_cam2_20250220_083848.jpg
crop_2018_pen1_tur_cam2_20250201_162358.jpg,1,pen1_tur_cam2_20250201_162358.jpg
crop_2019_pen2_tur_cam1_20250123_111326.jpg,1,pen2_tur_cam1_20250123_111326.jpg
crop_2020_pen2_orb_cam1_20250108_083816.jpg,1,pen2_orb_cam1_20250108_083816.jpg
crop_2021_pen1_tur_cam2_20250203_095407.jpg,1,pen1_tur_cam2_20250203_095407.jpg
crop_2022_pen1_tur_cam2_20250125_091831.jpg,1,pen1_tur_cam2_20250125_091831.jpg
crop_2023_pen1_orb_cam1_20250108_085657.jpg,1,pen1_orb_cam1_20250108_085657.jpg
crop_2024_pen1_tur_cam2_20250125_084250.jpg,1,pen1_tur_cam2_20250125_084250.jpg
crop_2025_pen1_tur_cam2_20250220_081346.jpg,1,pen1_tur_cam2_20250220_081346.jpg
crop_2026_pen2_tur_cam1_20250209_125714.jpg,1,pen2_tur_cam1_20250209_125714.jpg
crop_2027_pen1_tur_cam2_20250122_145435.jpg,1,pen1_tur_cam2_20250122_145435.jpg
crop_2028_pen2_tur_cam1_20250109_073111.jpg,1,pen2_tur_cam1_20250109_073111.jpg
crop_2029_pen1_tur_cam2_20250203_120055.jpg,1,pen1_tur_cam2_20250203_120055.jpg
crop_2030_pen2_orb_cam1_20250108_084933.jpg,1,pen2_orb_cam1_20250108_084933.jpg
crop_2031_pen2_tur_cam1_20250209_091156.jpg,1,pen2_tur_cam1_20250209_091156.jpg
crop_2032_pen2_tur_cam1_20250109_070002.jpg,1,pen2_tur_cam1_20250109_070002.jpg
crop_2033_pen1_tur_cam2_20250201_154237.jpg,1,pen1_tur_cam2_20250201_154237.jpg
crop_2034_pen2_orb_cam1_20250108_084641.jpg,1,pen2_orb_cam1_20250108_084641.jpg
crop_2035_pen1_tur_cam2_20250220_092531.jpg,1,pen1_tur_cam2_20250220_092531.jpg
crop_2036_pen1_tur_cam2_20250203_103549.jpg,1,pen1_tur_cam2_20250203_103549.jpg
crop_2037_pen1_tur_cam2_20250207_154447.jpg,1,pen1_tur_cam2_20250207_154447.jpg
crop_2038_pen2_tur_cam1_20250123_110325.jpg,1,pen2_tur_cam1_20250123_110325.jpg
crop_2039_pen1_tur_cam2_20250127_171534.jpg,1,pen1_tur_cam2_20250127_171534.jpg
crop_2040_pen2_orb_cam1_20250108_081959.jpg,1,pen2_orb_cam1_20250108_081959.jpg
crop_2041_pen2_tur_cam1_20250109_070147.jpg,1,pen2_tur_cam1_20250109_070147.jpg
crop_2042_pen1_tur_cam2_20250202_154444.jpg,1,pen1_tur_cam2_20250202_154444.jpg
crop_2043_pen2_orb_cam1_20250108_081514.jpg,1,pen2_orb_cam1_20250108_081514.jpg
crop_2044_pen2_orb_cam1_20250108_082951.jpg,1,pen2_orb_cam1_20250108_082951.jpg
crop_2045_pen1_tur_cam2_20250207_151803.jpg,1,pen1_tur_cam2_20250207_151803.jpg
crop_2046_pen2_orb_cam1_20250108_082851.jpg,1,pen2_orb_cam1_20250108_082851.jpg
crop_2047_pen2_tur_cam1_20250123_113328.jpg,1,pen2_tur_cam1_20250123_113328.jpg
crop_2048_pen1_tur_cam2_20250127_162530.jpg,1,pen1_tur_cam2_20250127_162530.jpg
crop_2049_pen1_tur_cam2_20250125_061816.jpg,1,pen1_tur_cam2_20250125_061816.jpg
crop_2050_pen1_tur_cam2_20250122_111921.jpg,1,pen1_tur_cam2_20250122_111921.jpg
crop_2051_pen1_tur_cam2_20250220_082346.jpg,1,pen1_tur_cam2_20250220_082346.jpg
crop_2052_pen2_tur_cam1_20250120_100939.jpg,1,pen2_tur_cam1_20250120_100939.jpg
crop_2053_pen1_tur_cam2_20250203_113413.jpg,1,pen1_tur_cam2_20250203_113413.jpg
crop_2054_pen1_tur_cam2_20250122_102550.jpg,1,pen1_tur_cam2_20250122_102550.jpg
crop_2055_pen2_tur_cam1_20250209_092017.jpg,1,pen2_tur_cam1_20250209_092017.jpg
crop_2056_pen2_tur_cam1_20250209_130034.jpg,1,pen2_tur_cam1_20250209_130034.jpg
crop_2057_pen2_tur_cam1_20250109_074937.jpg,1,pen2_tur_cam1_20250109_074937.jpg
crop_2058_pen2_orb_cam1_20250108_084537.jpg,1,pen2_orb_cam1_20250108_084537.jpg
crop_2059_pen2_tur_cam1_20250109_075403.jpg,1,pen2_tur_cam1_20250109_075403.jpg
crop_2060_pen2_tur_cam1_20250120_074930.jpg,1,pen2_tur_cam1_20250120_074930.jpg
crop_2061_pen1_orb_cam1_20250108_085838.jpg,1,pen1_orb_cam1_20250108_085838.jpg
crop_2062_pen2_tur_cam1_20250109_073413.jpg,1,pen2_tur_cam1_20250109_073413.jpg
crop_2063_pen1_tur_cam2_20250125_060815.jpg,1,pen1_tur_cam2_20250125_060815.jpg
crop_2064_pen1_tur_cam2_20250122_145115.jpg,1,pen1_tur_cam2_20250122_145115.jpg
crop_2065_pen2_tur_cam2_20250120_072748.jpg,1,pen2_tur_cam2_20250120_072748.jpg
crop_2066_pen2_orb_cam1_20250108_083838.jpg,1,pen2_orb_cam1_20250108_083838.jpg
crop_2067_pen1_tur_cam2_20250122_113301.jpg,1,pen1_tur_cam2_20250122_113301.jpg
crop_2068_pen1_orb_cam1_20250108_085737.jpg,1,pen1_orb_cam1_20250108_085737.jpg
crop_2069_pen2_tur_cam1_20250209_131715.jpg,1,pen2_tur_cam1_20250209_131715.jpg
crop_2070_pen2_tur_cam1_20250109_073558.jpg,1,pen2_tur_cam1_20250109_073558.jpg
crop_2071_pen2_tur_cam1_20250109_074539.jpg,1,pen2_tur_cam1_20250109_074539.jpg
crop_2072_pen1_tur_cam2_20250127_162530.jpg,1,pen1_tur_cam2_20250127_162530.jpg
crop_2073_pen1_tur_cam2_20250127_164851.jpg,1,pen1_tur_cam2_20250127_164851.jpg
crop_2074_pen2_orb_cam1_20250108_085011.jpg,1,pen2_orb_cam1_20250108_085011.jpg
crop_2075_pen1_tur_cam2_20250127_123531.jpg,1,pen1_tur_cam2_20250127_123531.jpg
crop_2076_pen2_tur_cam1_20250109_074443.jpg,1,pen2_tur_cam1_20250109_074443.jpg
crop_2077_pen1_tur_cam2_20250220_074524.jpg,1,pen1_tur_cam2_20250220_074524.jpg
crop_2078_pen1_tur_cam2_20250201_093031.jpg,1,pen1_tur_cam2_20250201_093031.jpg
crop_2079_pen2_orb_cam1_20250108_084026.jpg,1,pen2_orb_cam1_20250108_084026.jpg
crop_2080_pen1_tur_cam2_20250220_081346.jpg,1,pen1_tur_cam2_20250220_081346.jpg
crop_2081_pen1_tur_cam2_20250207_151803.jpg,1,pen1_tur_cam2_20250207_151803.jpg
crop_2082_pen2_orb_cam1_20250108_082935.jpg,1,pen2_orb_cam1_20250108_082935.jpg
crop_2083_pen1_tur_cam2_20250207_124934.jpg,1,pen1_tur_cam2_20250207_124934.jpg
crop_2084_pen2_tur_cam1_20250109_075356.jpg,1,pen2_tur_cam1_20250109_075356.jpg
crop_2085_pen2_tur_cam1_20250209_082653.jpg,1,pen2_tur_cam1_20250209_082653.jpg
crop_2086_pen1_tur_cam2_20250201_153217.jpg,1,pen1_tur_cam2_20250201_153217.jpg
crop_2087_pen2_tur_cam1_20250109_072844.jpg,1,pen2_tur_cam1_20250109_072844.jpg
crop_2088_pen2_tur_cam1_20250109_074038.jpg,1,pen2_tur_cam1_20250109_074038.jpg
crop_2089_pen1_tur_cam2_20250122_113301.jpg,1,pen1_tur_cam2_20250122_113301.jpg
crop_2090_pen1_tur_cam2_20250127_161850.jpg,1,pen1_tur_cam2_20250127_161850.jpg
crop_2091_pen1_tur_cam2_20250203_101909.jpg,1,pen1_tur_cam2_20250203_101909.jpg
crop_2092_pen2_tur_cam1_20250109_080358.jpg,1,pen2_tur_cam1_20250109_080358.jpg
crop_2093_pen1_tur_cam2_20250201_152347.jpg,1,pen1_tur_cam2_20250201_152347.jpg
crop_2094_pen2_tur_cam1_20250123_123512.jpg,1,pen2_tur_cam1_20250123_123512.jpg
crop_2095_pen2_orb_cam1_20250108_084525.jpg,1,pen2_orb_cam1_20250108_084525.jpg
crop_2096_pen2_orb_cam1_20250108_082818.jpg,1,pen2_orb_cam1_20250108_082818.jpg
crop_2097_pen1_orb_cam1_20250108_085526.jpg,1,pen1_orb_cam1_20250108_085526.jpg
crop_2098_pen2_tur_cam1_20250209_081512.jpg,1,pen2_tur_cam1_20250209_081512.jpg
crop_2099_pen1_tur_cam2_20250127_130122.jpg,1,pen1_tur_cam2_20250127_130122.jpg
crop_2100_pen1_tur_cam2_20250201_154237.jpg,1,pen1_tur_cam2_20250201_154237.jpg
crop_2101_pen1_orb_cam1_20250108_085224.jpg,1,pen1_orb_cam1_20250108_085224.jpg
crop_2102_pen1_tur_cam2_20250201_150817.jpg,1,pen1_tur_cam2_20250201_150817.jpg
crop_2103_pen1_tur_cam2_20250203_100548.jpg,1,pen1_tur_cam2_20250203_100548.jpg
crop_2104_pen1_tur_cam2_20250125_065738.jpg,1,pen1_tur_cam2_20250125_065738.jpg
crop_2105_pen1_tur_cam2_20250207_125934.jpg,1,pen1_tur_cam2_20250207_125934.jpg
crop_2106_pen2_tur_cam1_20250109_074827.jpg,1,pen2_tur_cam1_20250109_074827.jpg
crop_2107_pen1_orb_cam2_20250108_131833.jpg,1,pen1_orb_cam2_20250108_131833.jpg
crop_2108_pen2_tur_cam1_20250109_074443.jpg,1,pen2_tur_cam1_20250109_074443.jpg
crop_2109_pen1_tur_cam2_20250127_152345.jpg,1,pen1_tur_cam2_20250127_152345.jpg
crop_2110_pen1_tur_cam2_20250203_103409.jpg,1,pen1_tur_cam2_20250203_103409.jpg
crop_2111_pen2_tur_cam1_20250109_074738.jpg,1,pen2_tur_cam1_20250109_074738.jpg
crop_2112_pen1_tur_cam2_20250125_071308.jpg,1,pen1_tur_cam2_20250125_071308.jpg
crop_2113_pen1_tur_cam2_20250220_082847.jpg,1,pen1_tur_cam2_20250220_082847.jpg
crop_2114_pen2_orb_cam1_20250108_083245.jpg,1,pen2_orb_cam1_20250108_083245.jpg
crop_2115_pen2_tur_cam1_20250209_111525.jpg,1,pen2_tur_cam1_20250209_111525.jpg
crop_2116_pen1_tur_cam2_20250220_083027.jpg,1,pen1_tur_cam2_20250220_083027.jpg
crop_2117_pen1_tur_cam1_20250203_094548.jpg,1,pen1_tur_cam1_20250203_094548.jpg
crop_2118_pen2_orb_cam1_20250108_082624.jpg,1,pen2_orb_cam1_20250108_082624.jpg
crop_2119_pen1_tur_cam2_20250127_163030.jpg,1,pen1_tur_cam2_20250127_163030.jpg
crop_2120_pen1_tur_cam2_20250126_154130.jpg,1,pen1_tur_cam2_20250126_154130.jpg
crop_2121_pen1_tur_cam2_20250126_085031.jpg,1,pen1_tur_cam2_20250126_085031.jpg
crop_2122_pen2_tur_cam1_20250109_074209.jpg,1,pen2_tur_cam1_20250109_074209.jpg
crop_2123_pen2_tur_cam1_20250209_123711.jpg,1,pen2_tur_cam1_20250209_123711.jpg
crop_2124_pen2_tur_cam1_20250109_072542.jpg,1,pen2_tur_cam1_20250109_072542.jpg
crop_2125_pen2_tur_cam1_20250109_074937.jpg,1,pen2_tur_cam1_20250109_074937.jpg
crop_2126_pen1_tur_cam2_20250127_171854.jpg,1,pen1_tur_cam2_20250127_171854.jpg
crop_2127_pen1_tur_cam2_20250201_153217.jpg,1,pen1_tur_cam2_20250201_153217.jpg
crop_2128_pen2_orb_cam1_20250108_083612.jpg,1,pen2_orb_cam1_20250108_083612.jpg
crop_2129_pen1_tur_cam2_20250207_124934.jpg,1,pen1_tur_cam2_20250207_124934.jpg
crop_2130_pen2_orb_cam1_20250108_085029.jpg,1,pen2_orb_cam1_20250108_085029.jpg
crop_2131_pen2_tur_cam1_20250120_095758.jpg,1,pen2_tur_cam1_20250120_095758.jpg
crop_2132_pen1_tur_cam2_20250203_101048.jpg,1,pen1_tur_cam2_20250203_101048.jpg
crop_2133_pen2_orb_cam1_20250108_082027.jpg,1,pen2_orb_cam1_20250108_082027.jpg
crop_2134_pen2_orb_cam1_20250108_081744.jpg,1,pen2_orb_cam1_20250108_081744.jpg
crop_2135_pen2_tur_cam1_20250120_121948.jpg,1,pen2_tur_cam1_20250120_121948.jpg
crop_2136_pen2_orb_cam1_20250108_083822.jpg,1,pen2_orb_cam1_20250108_083822.jpg
crop_2137_pen1_orb_cam1_20250108_090042.jpg,1,pen1_orb_cam1_20250108_090042.jpg
crop_2138_pen1_orb_cam1_20250108_090258.jpg,1,pen1_orb_cam1_20250108_090258.jpg
crop_2139_pen1_tur_cam1_20250203_095047.jpg,1,pen1_tur_cam1_20250203_095047.jpg
crop_2140_pen1_tur_cam2_20250220_083528.jpg,1,pen1_tur_cam2_20250220_083528.jpg
crop_2141_pen2_tur_cam1_20250109_074546.jpg,1,pen2_tur_cam1_20250109_074546.jpg
crop_2142_pen1_tur_cam2_20250220_100353.jpg,1,pen1_tur_cam2_20250220_100353.jpg
crop_2143_pen2_orb_cam1_20250108_083002.jpg,1,pen2_orb_cam1_20250108_083002.jpg
crop_2144_pen1_tur_cam2_20250125_111339.jpg,1,pen1_tur_cam2_20250125_111339.jpg
crop_2145_pen1_tur_cam2_20250125_112339.jpg,1,pen1_tur_cam2_20250125_112339.jpg
crop_2146_pen1_tur_cam2_20250220_094853.jpg,1,pen1_tur_cam2_20250220_094853.jpg
crop_2147_pen2_tur_cam1_20250109_074642.jpg,1,pen2_tur_cam1_20250109_074642.jpg
crop_2148_pen2_tur_cam1_20250109_073537.jpg,1,pen2_tur_cam1_20250109_073537.jpg
crop_2149_pen2_tur_cam1_20250209_130715.jpg,1,pen2_tur_cam1_20250209_130715.jpg
crop_2150_pen2_tur_cam1_20250109_073036.jpg,1,pen2_tur_cam1_20250109_073036.jpg
crop_2151_pen2_tur_cam1_20250120_130841.jpg,1,pen2_tur_cam1_20250120_130841.jpg
crop_2152_pen2_orb_cam1_20250108_083045.jpg,1,pen2_orb_cam1_20250108_083045.jpg
crop_2153_pen1_tur_cam2_20250201_093731.jpg,1,pen1_tur_cam2_20250201_093731.jpg
crop_2154_pen2_orb_cam1_20250108_082830.jpg,1,pen2_orb_cam1_20250108_082830.jpg
crop_2155_pen1_orb_cam1_20250108_085818.jpg,1,pen1_orb_cam1_20250108_085818.jpg
crop_2156_pen1_tur_cam2_20250203_095407.jpg,1,pen1_tur_cam2_20250203_095407.jpg
crop_2157_pen2_tur_cam1_20250209_114208.jpg,1,pen2_tur_cam1_20250209_114208.jpg
crop_2158_pen2_tur_cam1_20250109_074031.jpg,1,pen2_tur_cam1_20250109_074031.jpg
crop_2159_pen1_tur_cam2_20250125_111659.jpg,1,pen1_tur_cam2_20250125_111659.jpg
crop_2160_pen2_tur_cam1_20250123_111506.jpg,1,pen2_tur_cam1_20250123_111506.jpg
crop_2161_pen1_tur_cam2_20250220_101854.jpg,1,pen1_tur_cam2_20250220_101854.jpg
crop_2162_pen2_orb_cam1_20250108_082032.jpg,1,pen2_orb_cam1_20250108_082032.jpg
crop_2163_pen2_tur_cam1_20250109_074855.jpg,1,pen2_tur_cam1_20250109_074855.jpg
crop_2164_pen2_orb_cam1_20250108_084927.jpg,1,pen2_orb_cam1_20250108_084927.jpg
crop_2165_pen1_tur_cam2_20250126_133053.jpg,1,pen1_tur_cam2_20250126_133053.jpg
crop_2166_pen1_tur_cam2_20250127_142213.jpg,1,pen1_tur_cam2_20250127_142213.jpg
crop_2167_pen2_tur_cam1_20250109_073249.jpg,1,pen2_tur_cam1_20250109_073249.jpg
crop_2168_pen2_orb_cam1_20250108_080600.jpg,1,pen2_orb_cam1_20250108_080600.jpg
crop_2169_pen2_tur_cam1_20250109_072844.jpg,1,pen2_tur_cam1_20250109_072844.jpg
crop_2170_pen2_tur_cam1_20250120_071747.jpg,1,pen2_tur_cam1_20250120_071747.jpg
crop_2171_pen2_tur_cam1_20250120_104442.jpg,1,pen2_tur_cam1_20250120_104442.jpg
crop_2172_pen1_tur_cam2_20250207_123753.jpg,1,pen1_tur_cam2_20250207_123753.jpg
crop_2173_pen1_tur_cam2_20250203_104910.jpg,1,pen1_tur_cam2_20250203_104910.jpg
crop_2174_pen1_orb_cam1_20250108_090233.jpg,1,pen1_orb_cam1_20250108_090233.jpg
crop_2175_pen2_tur_cam1_20250120_121448.jpg,1,pen2_tur_cam1_20250120_121448.jpg
crop_2176_pen2_tur_cam1_20250120_085434.jpg,1,pen2_tur_cam1_20250120_085434.jpg
crop_2177_pen2_tur_cam1_20250109_074052.jpg,1,pen2_tur_cam1_20250109_074052.jpg
crop_2178_pen1_tur_cam2_20250207_122932.jpg,1,pen1_tur_cam2_20250207_122932.jpg
crop_2179_pen2_tur_cam1_20250109_073448.jpg,1,pen2_tur_cam1_20250109_073448.jpg
crop_2180_pen1_tur_cam2_20250207_133256.jpg,1,pen1_tur_cam2_20250207_133256.jpg
crop_2181_pen1_tur_cam2_20250126_154320.jpg,1,pen1_tur_cam2_20250126_154320.jpg
crop_2182_pen2_tur_cam1_20250120_110443.jpg,1,pen2_tur_cam1_20250120_110443.jpg
crop_2183_pen2_orb_cam1_20250108_084342.jpg,1,pen2_orb_cam1_20250108_084342.jpg
crop_2184_pen1_tur_cam2_20250125_144858.jpg,1,pen1_tur_cam2_20250125_144858.jpg
crop_2185_pen1_tur_cam2_20250207_135758.jpg,1,pen1_tur_cam2_20250207_135758.jpg
crop_2186_pen1_tur_cam2_20250201_144737.jpg,1,pen1_tur_cam2_20250201_144737.jpg
crop_2187_pen1_tur_cam2_20250220_101854.jpg,1,pen1_tur_cam2_20250220_101854.jpg
crop_2188_pen2_orb_cam1_20250108_081959.jpg,1,pen2_orb_cam1_20250108_081959.jpg
crop_2189_pen1_tur_cam2_20250126_072525.jpg,1,pen1_tur_cam2_20250126_072525.jpg
crop_2190_pen2_orb_cam1_20250108_083719.jpg,1,pen2_orb_cam1_20250108_083719.jpg
crop_2191_pen1_tur_cam2_20250201_093031.jpg,1,pen1_tur_cam2_20250201_093031.jpg
crop_2192_pen2_tur_cam1_20250123_133216.jpg,1,pen2_tur_cam1_20250123_133216.jpg
crop_2193_pen2_orb_cam1_20250108_081729.jpg,1,pen2_orb_cam1_20250108_081729.jpg
crop_2194_pen1_tur_cam2_20250207_123433.jpg,1,pen1_tur_cam2_20250207_123433.jpg
crop_2195_pen2_tur_cam1_20250109_074745.jpg,1,pen2_tur_cam1_20250109_074745.jpg
crop_2196_pen1_tur_cam2_20250207_122752.jpg,1,pen1_tur_cam2_20250207_122752.jpg
crop_2197_pen2_tur_cam1_20250123_114509.jpg,1,pen2_tur_cam1_20250123_114509.jpg
crop_2198_pen2_tur_cam1_20250120_105802.jpg,1,pen2_tur_cam1_20250120_105802.jpg
crop_2199_pen1_tur_cam2_20250125_091652.jpg,1,pen1_tur_cam2_20250125_091652.jpg
crop_2200_pen2_tur_cam1_20250123_114008.jpg,1,pen2_tur_cam1_20250123_114008.jpg
crop_2201_pen2_tur_cam1_20250109_075541.jpg,1,pen2_tur_cam1_20250109_075541.jpg
crop_2202_pen1_tur_cam2_20250122_101720.jpg,1,pen1_tur_cam2_20250122_101720.jpg
crop_2203_pen2_tur_cam1_20250120_122308.jpg,1,pen2_tur_cam1_20250120_122308.jpg
crop_2204_pen1_tur_cam2_20250126_110415.jpg,1,pen1_tur_cam2_20250126_110415.jpg
crop_2205_pen1_tur_cam2_20250220_082026.jpg,1,pen1_tur_cam2_20250220_082026.jpg
crop_2206_pen1_tur_cam2_20250220_075525.jpg,1,pen1_tur_cam2_20250220_075525.jpg
crop_2207_pen2_tur_cam1_20250109_073001.jpg,1,pen2_tur_cam1_20250109_073001.jpg
crop_2208_pen2_tur_cam1_20250109_073654.jpg,1,pen2_tur_cam1_20250109_073654.jpg
crop_2209_pen2_tur_cam1_20250120_093757.jpg,1,pen2_tur_cam1_20250120_093757.jpg
crop_2210_pen1_tur_cam2_20250220_083347.jpg,1,pen1_tur_cam2_20250220_083347.jpg
crop_2211_pen2_orb_cam1_20250108_082316.jpg,1,pen2_orb_cam1_20250108_082316.jpg
crop_2212_pen1_tur_cam2_20250127_164351.jpg,1,pen1_tur_cam2_20250127_164351.jpg
crop_2213_pen2_orb_cam1_20250108_085107.jpg,1,pen2_orb_cam1_20250108_085107.jpg
crop_2214_pen1_tur_cam2_20250127_170534.jpg,1,pen1_tur_cam2_20250127_170534.jpg
crop_2215_pen2_tur_cam1_20250209_110024.jpg,1,pen2_tur_cam1_20250209_110024.jpg
crop_2216_pen1_tur_cam2_20250127_164031.jpg,1,pen1_tur_cam2_20250127_164031.jpg
crop_2217_pen2_orb_cam1_20250108_081931.jpg,1,pen2_orb_cam1_20250108_081931.jpg
crop_2218_pen2_tur_cam1_20250109_075108.jpg,1,pen2_tur_cam1_20250109_075108.jpg
crop_2219_pen2_tur_cam1_20250209_082013.jpg,1,pen2_tur_cam1_20250209_082013.jpg
crop_2220_pen2_tur_cam1_20250109_073921.jpg,1,pen2_tur_cam1_20250109_073921.jpg
crop_2221_pen1_tur_cam2_20250125_141657.jpg,1,pen1_tur_cam2_20250125_141657.jpg
crop_2222_pen2_orb_cam1_20250108_083421.jpg,1,pen2_orb_cam1_20250108_083421.jpg
crop_2223_pen2_tur_cam1_20250209_095159.jpg,1,pen2_tur_cam1_20250209_095159.jpg
crop_2224_pen2_tur_cam1_20250209_081653.jpg,1,pen2_tur_cam1_20250209_081653.jpg
crop_2225_pen2_tur_cam1_20250109_072130.jpg,1,pen2_tur_cam1_20250109_072130.jpg
crop_2226_pen1_tur_cam2_20250122_112431.jpg,1,pen1_tur_cam2_20250122_112431.jpg
crop_2227_pen1_tur_cam2_20250203_103909.jpg,1,pen1_tur_cam2_20250203_103909.jpg
crop_2228_pen1_orb_cam1_20250108_085219.jpg,1,pen1_orb_cam1_20250108_085219.jpg
crop_2229_pen2_orb_cam1_20250108_082703.jpg,1,pen2_orb_cam1_20250108_082703.jpg
crop_2230_pen1_orb_cam1_20250108_085627.jpg,1,pen1_orb_cam1_20250108_085627.jpg
crop_2231_pen1_tur_cam2_20250122_100000.jpg,1,pen1_tur_cam2_20250122_100000.jpg
crop_2232_pen1_orb_cam1_20250108_090147.jpg,1,pen1_orb_cam1_20250108_090147.jpg
crop_2233_pen1_tur_cam2_20250220_083347.jpg,1,pen1_tur_cam2_20250220_083347.jpg
crop_2234_pen1_orb_cam1_20250108_085736.jpg,1,pen1_orb_cam1_20250108_085736.jpg
crop_2235_pen2_orb_cam1_20250108_083101.jpg,1,pen2_orb_cam1_20250108_083101.jpg
crop_2236_pen1_tur_cam2_20250207_154306.jpg,1,pen1_tur_cam2_20250207_154306.jpg
crop_2237_pen2_tur_cam1_20250123_151018.jpg,1,pen2_tur_cam1_20250123_151018.jpg
crop_2238_pen1_tur_cam2_20250127_170854.jpg,1,pen1_tur_cam2_20250127_170854.jpg
crop_2239_pen1_tur_cam2_20250201_145757.jpg,1,pen1_tur_cam2_20250201_145757.jpg
crop_2240_pen2_tur_cam1_20250120_112304.jpg,1,pen2_tur_cam1_20250120_112304.jpg
crop_2241_pen1_tur_cam2_20250207_152946.jpg,1,pen1_tur_cam2_20250207_152946.jpg
crop_2242_pen2_orb_cam1_20250108_081948.jpg,1,pen2_orb_cam1_20250108_081948.jpg
crop_2243_pen1_tur_cam2_20250126_072345.jpg,1,pen1_tur_cam2_20250126_072345.jpg
crop_2244_pen1_tur_cam2_20250220_101854.jpg,1,pen1_tur_cam2_20250220_101854.jpg
crop_2245_pen1_orb_cam1_20250108_090223.jpg,1,pen1_orb_cam1_20250108_090223.jpg
crop_2246_pen2_tur_cam1_20250109_075527.jpg,1,pen2_tur_cam1_20250109_075527.jpg
crop_2247_pen2_tur_cam1_20250123_123512.jpg,1,pen2_tur_cam1_20250123_123512.jpg
crop_2248_pen2_orb_cam1_20250108_083633.jpg,1,pen2_orb_cam1_20250108_083633.jpg
crop_2249_pen2_orb_cam1_20250108_082137.jpg,1,pen2_orb_cam1_20250108_082137.jpg
crop_2250_pen1_tur_cam2_20250125_073028.jpg,1,pen1_tur_cam2_20250125_073028.jpg
crop_2251_pen2_tur_cam1_20250120_091936.jpg,1,pen2_tur_cam1_20250120_091936.jpg
crop_2252_pen1_tur_cam2_20250203_094908.jpg,1,pen1_tur_cam2_20250203_094908.jpg
crop_2253_pen2_tur_cam1_20250109_074059.jpg,1,pen2_tur_cam1_20250109_074059.jpg
crop_2254_pen1_orb_cam1_20250108_085752.jpg,1,pen1_orb_cam1_20250108_085752.jpg
crop_2255_pen2_tur_cam1_20250123_113508.jpg,1,pen2_tur_cam1_20250123_113508.jpg
crop_2256_pen2_tur_cam1_20250109_070154.jpg,1,pen2_tur_cam1_20250109_070154.jpg
crop_2257_pen1_tur_cam2_20250125_084610.jpg,1,pen1_tur_cam2_20250125_084610.jpg
crop_2258_pen1_tur_cam2_20250203_104910.jpg,1,pen1_tur_cam2_20250203_104910.jpg
crop_2259_pen1_tur_cam2_20250126_075027.jpg,1,pen1_tur_cam2_20250126_075027.jpg
crop_2260_pen2_tur_cam1_20250123_120330.jpg,1,pen2_tur_cam1_20250123_120330.jpg
crop_2261_pen1_orb_cam1_20250108_085601.jpg,1,pen1_orb_cam1_20250108_085601.jpg
crop_2262_pen1_tur_cam2_20250126_151220.jpg,1,pen1_tur_cam2_20250126_151220.jpg
crop_2263_pen1_tur_cam2_20250127_154346.jpg,1,pen1_tur_cam2_20250127_154346.jpg
crop_2264_pen1_tur_cam2_20250122_120402.jpg,1,pen1_tur_cam2_20250122_120402.jpg
crop_2265_pen2_orb_cam1_20250108_082423.jpg,1,pen2_orb_cam1_20250108_082423.jpg
crop_2266_pen1_tur_cam2_20250127_155348.jpg,1,pen1_tur_cam2_20250127_155348.jpg
crop_2267_pen1_tur_cam2_20250126_151030.jpg,1,pen1_tur_cam2_20250126_151030.jpg
crop_2268_pen1_tur_cam2_20250203_105411.jpg,1,pen1_tur_cam2_20250203_105411.jpg
crop_2269_pen1_orb_cam1_20250108_090238.jpg,1,pen1_orb_cam1_20250108_090238.jpg
crop_2270_pen1_tur_cam2_20250201_152707.jpg,1,pen1_tur_cam2_20250201_152707.jpg
crop_2271_pen1_orb_cam1_20250108_090213.jpg,1,pen1_orb_cam1_20250108_090213.jpg
crop_2272_pen2_tur_cam1_20250209_082153.jpg,1,pen2_tur_cam1_20250209_082153.jpg
crop_2273_pen2_tur_cam1_20250209_112206.jpg,1,pen2_tur_cam1_20250209_112206.jpg
crop_2274_pen2_tur_cam1_20250123_150658.jpg,1,pen2_tur_cam1_20250123_150658.jpg
crop_2275_pen1_tur_cam2_20250207_134758.jpg,1,pen1_tur_cam2_20250207_134758.jpg
crop_2276_pen1_tur_cam2_20250207_154447.jpg,1,pen1_tur_cam2_20250207_154447.jpg
crop_2277_pen1_tur_cam2_20250126_071844.jpg,1,pen1_tur_cam2_20250126_071844.jpg
crop_2278_pen1_tur_cam2_20250201_161528.jpg,1,pen1_tur_cam2_20250201_161528.jpg
crop_2279_pen1_tur_cam2_20250126_080348.jpg,1,pen1_tur_cam2_20250126_080348.jpg
crop_2280_pen2_orb_cam1_20250108_083538.jpg,1,pen2_orb_cam1_20250108_083538.jpg
crop_2281_pen1_tur_cam2_20250126_142917.jpg,1,pen1_tur_cam2_20250126_142917.jpg
crop_2282_pen2_tur_cam1_20250109_074251.jpg,1,pen2_tur_cam1_20250109_074251.jpg
crop_2283_pen1_tur_cam2_20250207_152804.jpg,1,pen1_tur_cam2_20250207_152804.jpg
crop_2284_pen2_orb_cam1_20250108_081926.jpg,1,pen2_orb_cam1_20250108_081926.jpg
crop_2285_pen1_tur_cam2_20250127_153346.jpg,1,pen1_tur_cam2_20250127_153346.jpg
crop_2286_pen2_tur_cam1_20250120_092756.jpg,1,pen2_tur_cam1_20250120_092756.jpg
crop_2287_pen1_tur_cam2_20250127_125612.jpg,1,pen1_tur_cam2_20250127_125612.jpg
crop_2288_pen2_tur_cam1_20250109_073523.jpg,1,pen2_tur_cam1_20250109_073523.jpg
crop_2289_pen2_orb_cam1_20250108_082835.jpg,1,pen2_orb_cam1_20250108_082835.jpg
crop_2290_pen2_tur_cam1_20250109_080159.jpg,1,pen2_tur_cam1_20250109_080159.jpg
crop_2291_pen2_tur_cam1_20250109_070009.jpg,1,pen2_tur_cam1_20250109_070009.jpg
crop_2292_pen1_orb_cam1_20250108_090107.jpg,1,pen1_orb_cam1_20250108_090107.jpg
crop_2293_pen2_tur_cam1_20250120_091936.jpg,1,pen2_tur_cam1_20250120_091936.jpg
crop_2294_pen2_tur_cam1_20250109_074902.jpg,1,pen2_tur_cam1_20250109_074902.jpg
crop_2295_pen2_orb_cam1_20250108_085029.jpg,1,pen2_orb_cam1_20250108_085029.jpg
crop_2296_pen2_orb_cam1_20250108_084239.jpg,1,pen2_orb_cam1_20250108_084239.jpg
crop_2297_pen1_orb_cam1_20250108_090147.jpg,1,pen1_orb_cam1_20250108_090147.jpg
crop_2298_pen2_tur_cam1_20250109_074628.jpg,1,pen2_tur_cam1_20250109_074628.jpg
crop_2299_pen2_tur_cam1_20250209_092157.jpg,1,pen2_tur_cam1_20250209_092157.jpg
crop_2300_pen2_orb_cam1_20250108_082641.jpg,1,pen2_orb_cam1_20250108_082641.jpg
crop_2301_pen1_tur_cam2_20250126_072845.jpg,1,pen1_tur_cam2_20250126_072845.jpg
crop_2302_pen1_tur_cam2_20250203_115414.jpg,1,pen1_tur_cam2_20250203_115414.jpg
crop_2303_pen1_orb_cam1_20250108_085204.jpg,1,pen1_orb_cam1_20250108_085204.jpg
crop_2304_pen1_tur_cam2_20250207_141759.jpg,1,pen1_tur_cam2_20250207_141759.jpg
crop_2305_pen1_tur_cam2_20250125_061135.jpg,1,pen1_tur_cam2_20250125_061135.jpg
crop_2306_pen2_orb_cam1_20250108_083713.jpg,1,pen2_orb_cam1_20250108_083713.jpg
crop_2307_pen2_tur_cam1_20250109_074944.jpg,1,pen2_tur_cam1_20250109_074944.jpg
crop_2308_pen1_tur_cam2_20250203_103049.jpg,1,pen1_tur_cam2_20250203_103049.jpg
crop_2309_pen1_tur_cam2_20250122_111731.jpg,1,pen1_tur_cam2_20250122_111731.jpg
crop_2310_pen1_orb_cam1_20250108_085838.jpg,1,pen1_orb_cam1_20250108_085838.jpg
crop_2311_pen2_tur_cam1_20250209_082153.jpg,1,pen2_tur_cam1_20250209_082153.jpg
crop_2312_pen2_orb_cam1_20250108_082015.jpg,1,pen2_orb_cam1_20250108_082015.jpg
crop_2313_pen1_tur_cam2_20250126_072025.jpg,1,pen1_tur_cam2_20250126_072025.jpg
crop_2314_pen2_orb_cam1_20250108_085900.jpg,1,pen2_orb_cam1_20250108_085900.jpg
crop_2315_pen1_tur_cam2_20250207_150943.jpg,1,pen1_tur_cam2_20250207_150943.jpg
crop_2316_pen1_tur_cam2_20250122_145945.jpg,1,pen1_tur_cam2_20250122_145945.jpg
crop_2317_pen1_tur_cam2_20250122_093409.jpg,1,pen1_tur_cam2_20250122_093409.jpg
crop_2318_pen2_orb_cam1_20250108_083500.jpg,1,pen2_orb_cam1_20250108_083500.jpg
crop_2319_pen1_tur_cam2_20250201_153407.jpg,1,pen1_tur_cam2_20250201_153407.jpg
crop_2320_pen2_orb_cam1_20250108_084618.jpg,1,pen2_orb_cam1_20250108_084618.jpg
crop_2321_pen2_tur_cam1_20250109_072432.jpg,1,pen2_tur_cam1_20250109_072432.jpg
crop_2322_pen2_tur_cam1_20250120_132341.jpg,1,pen2_tur_cam1_20250120_132341.jpg
crop_2323_pen1_tur_cam2_20250201_152707.jpg,1,pen1_tur_cam2_20250201_152707.jpg
crop_2324_pen1_tur_cam2_20250220_100854.jpg,1,pen1_tur_cam2_20250220_100854.jpg
crop_2325_pen1_tur_cam2_20250201_160318.jpg,1,pen1_tur_cam2_20250201_160318.jpg
crop_2326_pen1_tur_cam2_20250201_150117.jpg,1,pen1_tur_cam2_20250201_150117.jpg
crop_2327_pen2_orb_cam1_20250108_082730.jpg,1,pen2_orb_cam1_20250108_082730.jpg
crop_2328_pen1_tur_cam2_20250125_072328.jpg,1,pen1_tur_cam2_20250125_072328.jpg
crop_2329_pen2_tur_cam1_20250109_075520.jpg,1,pen2_tur_cam1_20250109_075520.jpg
crop_2330_pen2_orb_cam1_20250108_082653.jpg,1,pen2_orb_cam1_20250108_082653.jpg
crop_2331_pen1_tur_cam2_20250125_065928.jpg,1,pen1_tur_cam2_20250125_065928.jpg
crop_2332_pen1_tur_cam2_20250203_102049.jpg,1,pen1_tur_cam2_20250203_102049.jpg
crop_2333_pen2_orb_cam1_20250108_081804.jpg,1,pen2_orb_cam1_20250108_081804.jpg
crop_2334_pen1_tur_cam2_20250127_165532.jpg,1,pen1_tur_cam2_20250127_165532.jpg
crop_2335_pen2_tur_cam2_20250120_075930.jpg,1,pen2_tur_cam2_20250120_075930.jpg
crop_2336_pen2_tur_cam1_20250109_070201.jpg,1,pen2_tur_cam1_20250109_070201.jpg
crop_2337_pen2_orb_cam1_20250108_082647.jpg,1,pen2_orb_cam1_20250108_082647.jpg
crop_2338_pen2_orb_cam1_20250108_083411.jpg,1,pen2_orb_cam1_20250108_083411.jpg
crop_2339_pen2_tur_cam1_20250120_103941.jpg,1,pen2_tur_cam1_20250120_103941.jpg
crop_2340_pen2_tur_cam1_20250109_074457.jpg,1,pen2_tur_cam1_20250109_074457.jpg
crop_2341_pen2_orb_cam1_20250108_085946.jpg,1,pen2_orb_cam1_20250108_085946.jpg
crop_2342_pen1_tur_cam2_20250127_153026.jpg,1,pen1_tur_cam2_20250127_153026.jpg
crop_2343_pen2_tur_cam1_20250109_075459.jpg,1,pen2_tur_cam1_20250109_075459.jpg
crop_2344_pen2_orb_cam1_20250108_084933.jpg,1,pen2_orb_cam1_20250108_084933.jpg
crop_2345_pen1_tur_cam2_20250201_145607.jpg,1,pen1_tur_cam2_20250201_145607.jpg
crop_2346_pen2_tur_cam1_20250209_114528.jpg,1,pen2_tur_cam1_20250209_114528.jpg
crop_2347_pen2_orb_cam1_20250108_082845.jpg,1,pen2_orb_cam1_20250108_082845.jpg
crop_2348_pen2_tur_cam1_20250109_072102.jpg,1,pen2_tur_cam1_20250109_072102.jpg
crop_2349_pen1_orb_cam1_20250108_085927.jpg,1,pen1_orb_cam1_20250108_085927.jpg
crop_2350_pen2_tur_cam1_20250109_072912.jpg,1,pen2_tur_cam1_20250109_072912.jpg
crop_2351_pen1_tur_cam2_20250122_112941.jpg,1,pen1_tur_cam2_20250122_112941.jpg
crop_2352_pen2_tur_cam1_20250109_074525.jpg,1,pen2_tur_cam1_20250109_074525.jpg
crop_2353_pen2_tur_cam1_20250123_100821.jpg,1,pen2_tur_cam1_20250123_100821.jpg
crop_2354_pen2_tur_cam1_20250109_073043.jpg,1,pen2_tur_cam1_20250109_073043.jpg
crop_2355_pen1_tur_cam2_20250207_151945.jpg,1,pen1_tur_cam2_20250207_151945.jpg
crop_2356_pen1_orb_cam1_20250108_090248.jpg,1,pen1_orb_cam1_20250108_090248.jpg
crop_2357_pen1_tur_cam2_20250126_110927.jpg,1,pen1_tur_cam2_20250126_110927.jpg
crop_2358_pen1_orb_cam1_20250108_085647.jpg,1,pen1_orb_cam1_20250108_085647.jpg
crop_2359_pen1_tur_cam2_20250201_145057.jpg,1,pen1_tur_cam2_20250201_145057.jpg
crop_2360_pen1_orb_cam1_20250108_085521.jpg,1,pen1_orb_cam1_20250108_085521.jpg
crop_2361_pen2_tur_cam1_20250209_132216.jpg,1,pen2_tur_cam1_20250209_132216.jpg
crop_2362_pen2_tur_cam1_20250123_114829.jpg,1,pen2_tur_cam1_20250123_114829.jpg
crop_2363_pen2_orb_cam1_20250108_082340.jpg,1,pen2_orb_cam1_20250108_082340.jpg
crop_2364_pen2_tur_cam1_20250120_122308.jpg,1,pen2_tur_cam1_20250120_122308.jpg
crop_2365_pen2_orb_cam1_20250108_083229.jpg,1,pen2_orb_cam1_20250108_083229.jpg
crop_2366_pen1_tur_cam2_20250127_140323.jpg,1,pen1_tur_cam2_20250127_140323.jpg
crop_2367_pen2_orb_cam1_20250108_085446.jpg,1,pen2_orb_cam1_20250108_085446.jpg
crop_2368_pen2_tur_cam1_20250109_074607.jpg,1,pen2_tur_cam1_20250109_074607.jpg
crop_2369_pen1_tur_cam2_20250125_111659.jpg,1,pen1_tur_cam2_20250125_111659.jpg
crop_2370_pen2_tur_cam1_20250109_072912.jpg,1,pen2_tur_cam1_20250109_072912.jpg
crop_2371_pen1_tur_cam2_20250127_162850.jpg,1,pen1_tur_cam2_20250127_162850.jpg
crop_2372_pen1_tur_cam2_20250125_110158.jpg,1,pen1_tur_cam2_20250125_110158.jpg
crop_2373_pen2_tur_cam1_20250209_125213.jpg,1,pen2_tur_cam1_20250209_125213.jpg
crop_2374_pen1_tur_cam2_20250125_113200.jpg,1,pen1_tur_cam2_20250125_113200.jpg
crop_2375_pen2_tur_cam1_20250120_122308.jpg,1,pen2_tur_cam1_20250120_122308.jpg
crop_2376_pen1_tur_cam2_20250125_112659.jpg,1,pen1_tur_cam2_20250125_112659.jpg
crop_2377_pen1_orb_cam1_20250108_085551.jpg,1,pen1_orb_cam1_20250108_085551.jpg
crop_2378_pen1_tur_cam2_20250203_104410.jpg,1,pen1_tur_cam2_20250203_104410.jpg
crop_2379_pen2_tur_cam1_20250209_132536.jpg,1,pen2_tur_cam1_20250209_132536.jpg
crop_2380_pen2_tur_cam1_20250120_092256.jpg,1,pen2_tur_cam1_20250120_092256.jpg
crop_2381_pen2_tur_cam2_20250120_072748.jpg,1,pen2_tur_cam2_20250120_072748.jpg
crop_2382_pen2_tur_cam1_20250109_073317.jpg,1,pen2_tur_cam1_20250109_073317.jpg
crop_2383_pen2_tur_cam1_20250120_091936.jpg,1,pen2_tur_cam1_20250120_091936.jpg
crop_2384_pen1_tur_cam2_20250201_161528.jpg,1,pen1_tur_cam2_20250201_161528.jpg
crop_2385_pen1_tur_cam2_20250127_100820.jpg,1,pen1_tur_cam2_20250127_100820.jpg
crop_2386_pen1_tur_cam2_20250122_114831.jpg,1,pen1_tur_cam2_20250122_114831.jpg
crop_2387_pen1_tur_cam2_20250122_091538.jpg,1,pen1_tur_cam2_20250122_091538.jpg
crop_2388_pen1_tur_cam2_20250220_101034.jpg,1,pen1_tur_cam2_20250220_101034.jpg
crop_2389_pen1_tur_cam2_20250127_165852.jpg,1,pen1_tur_cam2_20250127_165852.jpg
crop_2390_pen2_tur_cam1_20250209_080152.jpg,1,pen2_tur_cam1_20250209_080152.jpg
crop_2391_pen1_orb_cam1_20250108_085702.jpg,1,pen1_orb_cam1_20250108_085702.jpg
crop_2392_pen1_tur_cam2_20250202_154625.jpg,1,pen1_tur_cam2_20250202_154625.jpg
crop_2393_pen2_tur_cam1_20250120_125839.jpg,1,pen2_tur_cam1_20250120_125839.jpg
crop_2394_pen1_tur_cam2_20250220_075344.jpg,1,pen1_tur_cam2_20250220_075344.jpg
crop_2395_pen2_tur_cam1_20250209_105023.jpg,1,pen2_tur_cam1_20250209_105023.jpg
crop_2396_pen1_tur_cam2_20250207_151945.jpg,1,pen1_tur_cam2_20250207_151945.jpg
crop_2397_pen2_tur_cam1_20250109_073228.jpg,1,pen2_tur_cam1_20250109_073228.jpg
crop_2398_pen1_tur_cam2_20250127_141153.jpg,1,pen1_tur_cam2_20250127_141153.jpg
crop_2399_pen2_tur_cam1_20250120_141718.jpg,1,pen2_tur_cam1_20250120_141718.jpg
crop_2400_pen2_orb_cam1_20250108_090215.jpg,1,pen2_orb_cam1_20250108_090215.jpg
crop_2401_pen2_orb_cam1_20250108_083959.jpg,1,pen2_orb_cam1_20250108_083959.jpg
crop_2402_pen2_orb_cam1_20250108_083742.jpg,1,pen2_orb_cam1_20250108_083742.jpg
crop_2403_pen2_tur_cam1_20250120_074930.jpg,1,pen2_tur_cam1_20250120_074930.jpg
crop_2404_pen2_orb_cam1_20250108_082512.jpg,1,pen2_orb_cam1_20250108_082512.jpg
crop_2405_pen1_tur_cam2_20250220_102535.jpg,1,pen1_tur_cam2_20250220_102535.jpg
crop_2406_pen2_orb_cam1_20250108_083940.jpg,1,pen2_orb_cam1_20250108_083940.jpg
crop_2407_pen1_tur_cam2_20250127_141153.jpg,1,pen1_tur_cam2_20250127_141153.jpg
crop_2408_pen1_tur_cam2_20250220_081346.jpg,1,pen1_tur_cam2_20250220_081346.jpg
crop_2409_pen2_orb_cam1_20250108_080545.jpg,1,pen2_orb_cam1_20250108_080545.jpg
crop_2410_pen2_tur_cam1_20250109_072858.jpg,1,pen2_tur_cam1_20250109_072858.jpg
crop_2411_pen2_tur_cam2_20250120_080251.jpg,1,pen2_tur_cam2_20250120_080251.jpg
crop_2412_pen1_tur_cam2_20250126_073526.jpg,1,pen1_tur_cam2_20250126_073526.jpg
crop_2413_pen1_tur_cam2_20250207_153446.jpg,1,pen1_tur_cam2_20250207_153446.jpg
crop_2414_pen1_tur_cam2_20250126_083350.jpg,1,pen1_tur_cam2_20250126_083350.jpg
crop_2415_pen1_tur_cam2_20250220_070841.jpg,1,pen1_tur_cam2_20250220_070841.jpg
crop_2416_pen2_orb_cam1_20250108_090136.jpg,1,pen2_orb_cam1_20250108_090136.jpg
crop_2417_pen1_tur_cam2_20250127_114007.jpg,1,pen1_tur_cam2_20250127_114007.jpg
crop_2418_pen2_tur_cam1_20250109_072755.jpg,1,pen2_tur_cam1_20250109_072755.jpg
crop_2419_pen1_tur_cam2_20250127_151024.jpg,1,pen1_tur_cam2_20250127_151024.jpg
crop_2420_pen2_tur_cam1_20250109_074017.jpg,1,pen2_tur_cam1_20250109_074017.jpg
crop_2421_pen1_tur_cam2_20250203_094407.jpg,1,pen1_tur_cam2_20250203_094407.jpg
crop_2422_pen1_tur_cam2_20250125_064718.jpg,1,pen1_tur_cam2_20250125_064718.jpg
crop_2423_pen1_tur_cam2_20250122_120402.jpg,1,pen1_tur_cam2_20250122_120402.jpg
crop_2424_pen1_tur_cam2_20250207_153306.jpg,1,pen1_tur_cam2_20250207_153306.jpg
crop_2425_pen2_orb_cam1_20250108_083056.jpg,1,pen2_orb_cam1_20250108_083056.jpg
crop_2426_pen2_orb_cam1_20250108_084641.jpg,1,pen2_orb_cam1_20250108_084641.jpg
crop_2427_pen1_tur_cam2_20250126_074026.jpg,1,pen1_tur_cam2_20250126_074026.jpg
crop_2428_pen2_orb_cam1_20250108_082618.jpg,1,pen2_orb_cam1_20250108_082618.jpg
crop_2429_pen2_tur_cam1_20250209_131034.jpg,1,pen2_tur_cam1_20250209_131034.jpg
crop_2430_pen2_tur_cam1_20250123_140307.jpg,1,pen2_tur_cam1_20250123_140307.jpg
crop_2431_pen1_tur_cam2_20250127_170352.jpg,1,pen1_tur_cam2_20250127_170352.jpg
crop_2432_pen2_tur_cam1_20250109_073132.jpg,1,pen2_tur_cam1_20250109_073132.jpg
crop_2433_pen2_tur_cam1_20250109_073125.jpg,1,pen2_tur_cam1_20250109_073125.jpg
crop_2434_pen1_tur_cam2_20250125_105658.jpg,1,pen1_tur_cam2_20250125_105658.jpg
crop_2435_pen1_tur_cam2_20250203_103049.jpg,1,pen1_tur_cam2_20250203_103049.jpg
crop_2436_pen2_orb_cam1_20250108_085842.jpg,1,pen2_orb_cam1_20250108_085842.jpg
crop_2437_pen1_tur_cam2_20250125_145359.jpg,1,pen1_tur_cam2_20250125_145359.jpg
crop_2438_pen1_tur_cam2_20250125_084250.jpg,1,pen1_tur_cam2_20250125_084250.jpg
crop_2439_pen2_tur_cam1_20250109_065948.jpg,1,pen2_tur_cam1_20250109_065948.jpg
crop_2440_pen2_tur_cam1_20250109_074038.jpg,1,pen2_tur_cam1_20250109_074038.jpg
crop_2441_pen1_tur_cam2_20250203_115414.jpg,1,pen1_tur_cam2_20250203_115414.jpg
crop_2442_pen1_tur_cam2_20250207_152305.jpg,1,pen1_tur_cam2_20250207_152305.jpg
crop_2443_pen2_tur_cam1_20250109_074202.jpg,1,pen2_tur_cam1_20250109_074202.jpg
crop_2444_pen2_tur_cam1_20250109_074223.jpg,1,pen2_tur_cam1_20250109_074223.jpg
crop_2445_pen1_tur_cam2_20250207_142300.jpg,1,pen1_tur_cam2_20250207_142300.jpg
crop_2446_pen1_tur_cam2_20250126_070524.jpg,1,pen1_tur_cam2_20250126_070524.jpg
crop_2447_pen2_tur_cam1_20250120_070427.jpg,1,pen2_tur_cam1_20250120_070427.jpg
crop_2448_pen2_tur_cam1_20250109_073015.jpg,1,pen2_tur_cam1_20250109_073015.jpg
crop_2449_pen2_orb_cam1_20250108_082434.jpg,1,pen2_orb_cam1_20250108_082434.jpg
crop_2450_pen2_tur_cam1_20250109_073448.jpg,1,pen2_tur_cam1_20250109_073448.jpg
crop_2451_pen2_orb_cam1_20250108_083217.jpg,1,pen2_orb_cam1_20250108_083217.jpg
crop_2452_pen1_orb_cam1_20250108_085953.jpg,1,pen1_orb_cam1_20250108_085953.jpg
crop_2453_pen1_tur_cam2_20250125_135805.jpg,1,pen1_tur_cam2_20250125_135805.jpg
crop_2454_pen1_tur_cam2_20250220_074844.jpg,1,pen1_tur_cam2_20250220_074844.jpg
crop_2455_pen2_tur_cam1_20250120_092936.jpg,1,pen2_tur_cam1_20250120_092936.jpg
crop_2456_pen2_orb_cam1_20250108_082049.jpg,1,pen2_orb_cam1_20250108_082049.jpg
crop_2457_pen1_tur_cam2_20250220_075845.jpg,1,pen1_tur_cam2_20250220_075845.jpg
crop_2458_pen1_tur_cam2_20250201_160318.jpg,1,pen1_tur_cam2_20250201_160318.jpg
crop_2459_pen1_tur_cam2_20250201_144036.jpg,1,pen1_tur_cam2_20250201_144036.jpg
crop_2460_pen2_tur_cam1_20250109_073654.jpg,1,pen2_tur_cam1_20250109_073654.jpg
crop_2461_pen2_tur_cam1_20250109_080405.jpg,1,pen2_tur_cam1_20250109_080405.jpg
crop_2462_pen1_tur_cam2_20250125_113200.jpg,1,pen1_tur_cam2_20250125_113200.jpg
crop_2463_pen1_tur_cam2_20250127_100820.jpg,1,pen1_tur_cam2_20250127_100820.jpg
crop_2464_pen2_tur_cam1_20250120_092936.jpg,1,pen2_tur_cam1_20250120_092936.jpg
crop_2465_pen2_tur_cam1_20250109_073228.jpg,1,pen2_tur_cam1_20250109_073228.jpg
crop_2466_pen2_orb_cam2_20250217_125700.jpg,1,pen2_orb_cam2_20250217_125700.jpg
crop_2467_pen2_tur_cam1_20250109_072844.jpg,1,pen2_tur_cam1_20250109_072844.jpg
crop_2468_pen2_orb_cam2_20250217_125800.jpg,1,pen2_orb_cam2_20250217_125800.jpg
crop_2469_pen2_tur_cam1_20250109_072809.jpg,1,pen2_tur_cam1_20250109_072809.jpg
crop_2470_pen2_orb_cam1_20250108_081509.jpg,1,pen2_orb_cam1_20250108_081509.jpg
crop_2471_pen1_tur_cam2_20250203_093547.jpg,1,pen1_tur_cam2_20250203_093547.jpg
crop_2472_pen1_tur_cam2_20250125_085820.jpg,1,pen1_tur_cam2_20250125_085820.jpg
crop_2473_pen1_tur_cam2_20250207_144943.jpg,1,pen1_tur_cam2_20250207_144943.jpg
crop_2474_pen1_tur_cam2_20250122_115021.jpg,1,pen1_tur_cam2_20250122_115021.jpg
crop_2475_pen2_orb_cam1_20250108_082736.jpg,1,pen2_orb_cam1_20250108_082736.jpg
crop_2476_pen1_tur_cam2_20250207_152946.jpg,1,pen1_tur_cam2_20250207_152946.jpg
crop_2477_pen2_tur_cam1_20250120_090435.jpg,1,pen2_tur_cam1_20250120_090435.jpg
crop_2478_pen2_tur_cam1_20250109_073811.jpg,1,pen2_tur_cam1_20250109_073811.jpg
crop_2479_pen1_tur_cam2_20250125_065418.jpg,1,pen1_tur_cam2_20250125_065418.jpg
crop_2480_pen1_tur_cam2_20250203_100908.jpg,1,pen1_tur_cam2_20250203_100908.jpg
crop_2481_pen2_tur_cam1_20250109_074223.jpg,1,pen2_tur_cam1_20250109_074223.jpg
crop_2482_pen2_tur_cam1_20250120_105943.jpg,1,pen2_tur_cam1_20250120_105943.jpg
crop_2483_pen1_tur_cam2_20250207_153446.jpg,1,pen1_tur_cam2_20250207_153446.jpg
crop_2484_pen1_tur_cam2_20250126_084851.jpg,1,pen1_tur_cam2_20250126_084851.jpg
crop_2485_pen1_orb_cam1_20250108_085721.jpg,1,pen1_orb_cam1_20250108_085721.jpg
crop_2486_pen2_tur_cam1_20250120_090755.jpg,1,pen2_tur_cam1_20250120_090755.jpg
crop_2487_pen1_tur_cam2_20250127_161349.jpg,1,pen1_tur_cam2_20250127_161349.jpg
crop_2488_pen2_tur_cam1_20250209_081512.jpg,1,pen2_tur_cam1_20250209_081512.jpg
crop_2489_pen1_tur_cam2_20250201_143716.jpg,1,pen1_tur_cam2_20250201_143716.jpg
crop_2490_pen2_tur_cam1_20250120_122949.jpg,1,pen2_tur_cam1_20250120_122949.jpg
crop_2491_pen1_tur_cam2_20250201_153217.jpg,1,pen1_tur_cam2_20250201_153217.jpg
crop_2492_pen1_tur_cam2_20250127_140133.jpg,1,pen1_tur_cam2_20250127_140133.jpg
crop_2493_pen1_tur_cam2_20250203_115555.jpg,1,pen1_tur_cam2_20250203_115555.jpg
crop_2494_pen1_orb_cam1_20250108_085813.jpg,1,pen1_orb_cam1_20250108_085813.jpg
crop_2495_pen2_tur_cam1_20250120_085254.jpg,1,pen2_tur_cam1_20250120_085254.jpg
crop_2496_pen1_tur_cam2_20250127_162850.jpg,1,pen1_tur_cam2_20250127_162850.jpg
crop_2497_pen2_orb_cam2_20250217_130052.jpg,1,pen2_orb_cam2_20250217_130052.jpg
crop_2498_pen2_tur_cam1_20250109_072713.jpg,1,pen2_tur_cam1_20250109_072713.jpg
crop_2499_pen2_orb_cam1_20250108_083644.jpg,1,pen2_orb_cam1_20250108_083644.jpg
crop_2500_pen1_tur_cam2_20250125_111159.jpg,1,pen1_tur_cam2_20250125_111159.jpg
crop_2501_pen2_tur_cam1_20250109_074916.jpg,1,pen2_tur_cam1_20250109_074916.jpg
crop_2502_pen1_tur_cam2_20250126_080348.jpg,1,pen1_tur_cam2_20250126_080348.jpg
crop_2503_pen2_tur_cam1_20250109_073029.jpg,1,pen2_tur_cam1_20250109_073029.jpg
crop_2504_pen2_tur_cam1_20250109_073331.jpg,1,pen2_tur_cam1_20250109_073331.jpg
crop_2505_pen2_tur_cam1_20250109_074031.jpg,1,pen2_tur_cam1_20250109_074031.jpg
crop_2506_pen2_orb_cam1_20250108_082021.jpg,1,pen2_orb_cam1_20250108_082021.jpg
crop_2507_pen2_tur_cam1_20250109_074003.jpg,1,pen2_tur_cam1_20250109_074003.jpg
crop_2508_pen1_tur_cam2_20250125_141846.jpg,1,pen1_tur_cam2_20250125_141846.jpg
crop_2509_pen1_tur_cam2_20250220_102355.jpg,1,pen1_tur_cam2_20250220_102355.jpg
crop_2510_pen2_orb_cam1_20250108_083505.jpg,1,pen2_orb_cam1_20250108_083505.jpg
crop_2511_pen2_orb_cam1_20250108_080505.jpg,1,pen2_orb_cam1_20250108_080505.jpg
crop_2512_pen2_orb_cam1_20250108_085930.jpg,1,pen2_orb_cam1_20250108_085930.jpg
crop_2513_pen2_tur_cam1_20250109_073104.jpg,1,pen2_tur_cam1_20250109_073104.jpg
crop_2514_pen1_orb_cam1_20250108_090223.jpg,1,pen1_orb_cam1_20250108_090223.jpg
crop_2515_pen2_tur_cam1_20250209_115208.jpg,1,pen2_tur_cam1_20250209_115208.jpg
crop_2516_pen1_tur_cam2_20250127_162030.jpg,1,pen1_tur_cam2_20250127_162030.jpg
crop_2517_pen2_tur_cam1_20250109_072446.jpg,1,pen2_tur_cam1_20250109_072446.jpg
crop_2518_pen2_orb_cam1_20250108_085906.jpg,1,pen2_orb_cam1_20250108_085906.jpg
crop_2519_pen2_orb_cam1_20250108_082840.jpg,1,pen2_orb_cam1_20250108_082840.jpg
crop_2520_pen2_tur_cam1_20250123_114509.jpg,1,pen2_tur_cam1_20250123_114509.jpg
crop_2521_pen1_tur_cam2_20250125_061135.jpg,1,pen1_tur_cam2_20250125_061135.jpg
crop_2522_pen2_tur_cam1_20250123_150508.jpg,1,pen2_tur_cam1_20250123_150508.jpg
crop_2523_pen1_tur_cam2_20250220_105357.jpg,1,pen1_tur_cam2_20250220_105357.jpg
crop_2524_pen1_tur_cam2_20250126_073846.jpg,1,pen1_tur_cam2_20250126_073846.jpg
crop_2525_pen2_orb_cam1_20250108_083639.jpg,1,pen2_orb_cam1_20250108_083639.jpg
crop_2526_pen1_tur_cam2_20250127_141343.jpg,1,pen1_tur_cam2_20250127_141343.jpg
crop_2527_pen2_tur_cam1_20250109_073839.jpg,1,pen2_tur_cam1_20250109_073839.jpg
crop_2528_pen1_tur_cam2_20250220_104537.jpg,1,pen1_tur_cam2_20250220_104537.jpg
crop_2529_pen2_orb_cam1_20250108_083307.jpg,1,pen2_orb_cam1_20250108_083307.jpg
crop_2530_pen2_tur_cam1_20250120_083753.jpg,1,pen2_tur_cam1_20250120_083753.jpg
crop_2531_pen2_tur_cam1_20250109_070002.jpg,1,pen2_tur_cam1_20250109_070002.jpg
crop_2532_pen2_tur_cam1_20250120_120306.jpg,1,pen2_tur_cam1_20250120_120306.jpg
crop_2533_pen1_tur_cam2_20250127_172535.jpg,1,pen1_tur_cam2_20250127_172535.jpg
crop_2534_pen2_tur_cam1_20250109_075527.jpg,1,pen2_tur_cam1_20250109_075527.jpg
crop_2535_pen2_tur_cam1_20250109_073153.jpg,1,pen2_tur_cam1_20250109_073153.jpg
crop_2536_pen1_orb_cam1_20250108_085536.jpg,1,pen1_orb_cam1_20250108_085536.jpg
crop_2537_pen2_tur_cam2_20250120_074429.jpg,1,pen2_tur_cam2_20250120_074429.jpg
crop_2538_pen1_tur_cam2_20250122_105330.jpg,1,pen1_tur_cam2_20250122_105330.jpg
crop_2539_pen2_orb_cam1_20250108_083101.jpg,1,pen2_orb_cam1_20250108_083101.jpg
crop_2540_pen1_orb_cam2_20250108_134437.jpg,1,pen1_orb_cam2_20250108_134437.jpg
crop_2541_pen2_tur_cam1_20250109_074930.jpg,1,pen2_tur_cam1_20250109_074930.jpg
crop_2542_pen1_tur_cam2_20250201_093731.jpg,1,pen1_tur_cam2_20250201_093731.jpg
crop_2543_pen2_tur_cam1_20250109_072933.jpg,1,pen2_tur_cam1_20250109_072933.jpg
crop_2544_pen2_orb_cam1_20250108_082956.jpg,1,pen2_orb_cam1_20250108_082956.jpg
crop_2545_pen1_orb_cam1_20250108_085526.jpg,1,pen1_orb_cam1_20250108_085526.jpg
crop_2546_pen2_tur_cam1_20250109_080433.jpg,1,pen2_tur_cam1_20250109_080433.jpg
crop_2547_pen1_tur_cam2_20250122_145945.jpg,1,pen1_tur_cam2_20250122_145945.jpg
crop_2548_pen2_tur_cam1_20250109_074134.jpg,1,pen2_tur_cam1_20250109_074134.jpg
crop_2549_pen1_tur_cam2_20250220_081026.jpg,1,pen1_tur_cam2_20250220_081026.jpg
crop_2550_pen1_tur_cam2_20250203_105551.jpg,1,pen1_tur_cam2_20250203_105551.jpg
crop_2551_pen2_orb_cam1_20250108_084611.jpg,1,pen2_orb_cam1_20250108_084611.jpg
crop_2552_pen1_tur_cam2_20250220_073523.jpg,1,pen1_tur_cam2_20250220_073523.jpg
crop_2553_pen2_tur_cam1_20250109_073516.jpg,1,pen2_tur_cam1_20250109_073516.jpg
crop_2554_pen2_orb_cam1_20250108_082618.jpg,1,pen2_orb_cam1_20250108_082618.jpg
crop_2555_pen1_tur_cam2_20250207_123252.jpg,1,pen1_tur_cam2_20250207_123252.jpg
crop_2556_pen2_tur_cam1_20250109_072652.jpg,1,pen2_tur_cam1_20250109_072652.jpg
crop_2557_pen2_tur_cam1_20250120_122809.jpg,1,pen2_tur_cam1_20250120_122809.jpg
crop_2558_pen2_tur_cam1_20250209_112526.jpg,1,pen2_tur_cam1_20250209_112526.jpg
crop_2559_pen2_orb_cam1_20250108_083805.jpg,1,pen2_orb_cam1_20250108_083805.jpg
crop_2560_pen2_tur_cam1_20250109_072652.jpg,1,pen2_tur_cam1_20250109_072652.jpg
crop_2561_pen2_tur_cam1_20250209_090156.jpg,1,pen2_tur_cam1_20250209_090156.jpg
crop_2562_pen2_orb_cam1_20250108_082725.jpg,1,pen2_orb_cam1_20250108_082725.jpg
crop_2563_pen2_tur_cam1_20250120_093256.jpg,1,pen2_tur_cam1_20250120_093256.jpg
crop_2564_pen2_orb_cam1_20250108_083845.jpg,1,pen2_orb_cam1_20250108_083845.jpg
crop_2565_pen1_tur_cam2_20250207_144802.jpg,1,pen1_tur_cam2_20250207_144802.jpg
crop_2566_pen2_orb_cam1_20250108_083013.jpg,1,pen2_orb_cam1_20250108_083013.jpg
crop_2567_pen2_orb_cam1_20250108_082725.jpg,1,pen2_orb_cam1_20250108_082725.jpg
crop_2568_pen2_orb_cam1_20250108_082321.jpg,1,pen2_orb_cam1_20250108_082321.jpg
crop_2569_pen2_tur_cam1_20250109_073750.jpg,1,pen2_tur_cam1_20250109_073750.jpg
crop_2570_pen1_orb_cam1_20250108_085616.jpg,1,pen1_orb_cam1_20250108_085616.jpg
crop_2571_pen2_tur_cam1_20250120_092756.jpg,1,pen2_tur_cam1_20250120_092756.jpg
crop_2572_pen2_tur_cam1_20250109_074216.jpg,1,pen2_tur_cam1_20250109_074216.jpg
crop_2573_pen2_tur_cam1_20250109_073619.jpg,1,pen2_tur_cam1_20250109_073619.jpg
crop_2574_pen1_tur_cam2_20250201_160318.jpg,1,pen1_tur_cam2_20250201_160318.jpg
crop_2575_pen1_tur_cam2_20250201_152157.jpg,1,pen1_tur_cam2_20250201_152157.jpg
crop_2576_pen2_tur_cam1_20250123_111506.jpg,1,pen2_tur_cam1_20250123_111506.jpg
crop_2577_pen2_tur_cam1_20250120_141228.jpg,1,pen2_tur_cam1_20250120_141228.jpg
crop_2578_pen2_tur_cam1_20250120_113805.jpg,1,pen2_tur_cam1_20250120_113805.jpg
crop_2579_pen2_tur_cam1_20250123_135437.jpg,1,pen2_tur_cam1_20250123_135437.jpg
crop_2580_pen1_tur_cam2_20250201_154237.jpg,1,pen1_tur_cam2_20250201_154237.jpg
crop_2581_pen1_tur_cam2_20250126_072845.jpg,1,pen1_tur_cam2_20250126_072845.jpg
crop_2582_pen1_orb_cam1_20250108_085736.jpg,1,pen1_orb_cam1_20250108_085736.jpg
crop_2583_pen1_tur_cam2_20250127_135113.jpg,1,pen1_tur_cam2_20250127_135113.jpg
crop_2584_pen1_tur_cam2_20250126_074026.jpg,1,pen1_tur_cam2_20250126_074026.jpg
crop_2585_pen2_tur_cam1_20250109_072734.jpg,1,pen2_tur_cam1_20250109_072734.jpg
crop_2586_pen1_tur_cam2_20250127_151344.jpg,1,pen1_tur_cam2_20250127_151344.jpg
crop_2587_pen1_tur_cam2_20250127_122330.jpg,1,pen1_tur_cam2_20250127_122330.jpg
crop_2588_pen1_orb_cam1_20250108_085616.jpg,1,pen1_orb_cam1_20250108_085616.jpg
crop_2589_pen2_tur_cam1_20250120_093437.jpg,1,pen2_tur_cam1_20250120_093437.jpg
crop_2590_pen1_orb_cam1_20250108_085642.jpg,1,pen1_orb_cam1_20250108_085642.jpg
crop_2591_pen2_tur_cam1_20250109_074155.jpg,1,pen2_tur_cam1_20250109_074155.jpg
crop_2592_pen2_tur_cam1_20250209_082653.jpg,1,pen2_tur_cam1_20250209_082653.jpg
crop_2593_pen1_tur_cam2_20250201_150307.jpg,1,pen1_tur_cam2_20250201_150307.jpg
crop_2594_pen2_orb_cam1_20250108_084020.jpg,1,pen2_orb_cam1_20250108_084020.jpg
crop_2595_pen1_orb_cam1_20250108_085209.jpg,1,pen1_orb_cam1_20250108_085209.jpg
crop_2596_pen2_tur_cam1_20250109_073509.jpg,1,pen2_tur_cam1_20250109_073509.jpg
crop_2597_pen2_tur_cam1_20250123_132356.jpg,1,pen2_tur_cam1_20250123_132356.jpg
crop_2598_pen2_orb_cam1_20250108_083207.jpg,1,pen2_orb_cam1_20250108_083207.jpg
crop_2599_pen2_orb_cam1_20250108_084408.jpg,1,pen2_orb_cam1_20250108_084408.jpg
crop_2600_pen2_tur_cam1_20250109_073324.jpg,1,pen2_tur_cam1_20250109_073324.jpg
crop_2601_pen2_tur_cam1_20250109_074155.jpg,1,pen2_tur_cam1_20250109_074155.jpg
crop_2602_pen2_tur_cam1_20250120_072248.jpg,1,pen2_tur_cam1_20250120_072248.jpg
crop_2603_pen2_tur_cam1_20250109_070044.jpg,1,pen2_tur_cam1_20250109_070044.jpg
crop_2604_pen1_orb_cam1_20250108_085556.jpg,1,pen1_orb_cam1_20250108_085556.jpg
crop_2605_pen2_tur_cam1_20250109_072151.jpg,1,pen2_tur_cam1_20250109_072151.jpg
crop_2606_pen1_orb_cam1_20250108_085731.jpg,1,pen1_orb_cam1_20250108_085731.jpg
crop_2607_pen1_tur_cam2_20250201_161338.jpg,1,pen1_tur_cam2_20250201_161338.jpg
crop_2608_pen2_tur_cam1_20250109_074333.jpg,1,pen2_tur_cam1_20250109_074333.jpg
crop_2609_pen2_tur_cam1_20250120_103801.jpg,1,pen2_tur_cam1_20250120_103801.jpg
crop_2610_pen1_tur_cam2_20250122_101530.jpg,1,pen1_tur_cam2_20250122_101530.jpg
crop_2611_pen2_tur_cam1_20250109_072425.jpg,1,pen2_tur_cam1_20250109_072425.jpg
crop_2612_pen2_tur_cam1_20250109_073722.jpg,1,pen2_tur_cam1_20250109_073722.jpg
crop_2613_pen1_tur_cam2_20250127_161029.jpg,1,pen1_tur_cam2_20250127_161029.jpg
crop_2614_pen1_tur_cam2_20250122_095639.jpg,1,pen1_tur_cam2_20250122_095639.jpg
crop_2615_pen2_orb_cam1_20250108_085230.jpg,1,pen2_orb_cam1_20250108_085230.jpg
crop_2616_pen1_tur_cam2_20250201_150817.jpg,1,pen1_tur_cam2_20250201_150817.jpg
crop_2617_pen1_tur_cam2_20250202_153624.jpg,1,pen1_tur_cam2_20250202_153624.jpg
crop_2618_pen2_tur_cam1_20250120_103300.jpg,1,pen2_tur_cam1_20250120_103300.jpg
crop_2619_pen2_orb_cam1_20250108_082901.jpg,1,pen2_orb_cam1_20250108_082901.jpg
crop_2620_pen1_tur_cam2_20250207_152804.jpg,1,pen1_tur_cam2_20250207_152804.jpg
crop_2621_pen1_tur_cam2_20250201_152157.jpg,1,pen1_tur_cam2_20250201_152157.jpg
crop_2622_pen2_tur_cam1_20250109_070105.jpg,1,pen2_tur_cam1_20250109_070105.jpg
crop_2623_pen2_tur_cam1_20250109_072755.jpg,1,pen2_tur_cam1_20250109_072755.jpg
crop_2624_pen2_orb_cam1_20250108_083736.jpg,1,pen2_orb_cam1_20250108_083736.jpg
crop_2625_pen2_orb_cam1_20250108_085611.jpg,1,pen2_orb_cam1_20250108_085611.jpg
crop_2626_pen2_tur_cam1_20250123_104004.jpg,1,pen2_tur_cam1_20250123_104004.jpg
crop_2627_pen2_orb_cam1_20250108_084303.jpg,1,pen2_orb_cam1_20250108_084303.jpg
crop_2628_pen1_tur_cam2_20250207_154807.jpg,1,pen1_tur_cam2_20250207_154807.jpg
crop_2629_pen2_orb_cam1_20250108_085335.jpg,1,pen2_orb_cam1_20250108_085335.jpg
crop_2630_pen1_tur_cam2_20250122_112431.jpg,1,pen1_tur_cam2_20250122_112431.jpg
crop_2631_pen2_orb_cam1_20250108_082741.jpg,1,pen2_orb_cam1_20250108_082741.jpg
crop_2632_pen1_tur_cam2_20250207_153306.jpg,1,pen1_tur_cam2_20250207_153306.jpg
crop_2633_pen2_tur_cam1_20250120_100258.jpg,1,pen2_tur_cam1_20250120_100258.jpg
crop_2634_pen2_orb_cam1_20250108_082907.jpg,1,pen2_orb_cam1_20250108_082907.jpg
crop_2635_pen2_tur_cam1_20250123_121011.jpg,1,pen2_tur_cam1_20250123_121011.jpg
crop_2636_pen2_tur_cam1_20250109_074539.jpg,1,pen2_tur_cam1_20250109_074539.jpg
crop_2637_pen1_tur_cam2_20250127_172535.jpg,1,pen1_tur_cam2_20250127_172535.jpg
crop_2638_pen1_tur_cam2_20250220_082847.jpg,1,pen1_tur_cam2_20250220_082847.jpg
crop_2639_pen1_tur_cam2_20250207_135939.jpg,1,pen1_tur_cam2_20250207_135939.jpg
crop_2640_pen2_orb_cam1_20250108_083918.jpg,1,pen2_orb_cam1_20250108_083918.jpg
crop_2641_pen2_orb_cam1_20250108_082111.jpg,1,pen2_orb_cam1_20250108_082111.jpg
crop_2642_pen2_tur_cam1_20250109_072912.jpg,1,pen2_tur_cam1_20250109_072912.jpg
crop_2643_pen2_tur_cam1_20250120_090435.jpg,1,pen2_tur_cam1_20250120_090435.jpg
crop_2644_pen1_tur_cam2_20250127_114007.jpg,1,pen1_tur_cam2_20250127_114007.jpg
crop_2645_pen2_tur_cam1_20250209_140219.jpg,1,pen2_tur_cam1_20250209_140219.jpg
crop_2646_pen1_tur_cam2_20250122_141422.jpg,1,pen1_tur_cam2_20250122_141422.jpg
crop_2647_pen1_tur_cam2_20250122_132418.jpg,1,pen1_tur_cam2_20250122_132418.jpg
crop_2648_pen1_tur_cam2_20250122_144925.jpg,1,pen1_tur_cam2_20250122_144925.jpg
crop_2649_pen2_tur_cam1_20250209_133717.jpg,1,pen2_tur_cam1_20250209_133717.jpg
crop_2650_pen2_tur_cam1_20250123_115329.jpg,1,pen2_tur_cam1_20250123_115329.jpg
crop_2651_pen2_tur_cam1_20250120_103300.jpg,1,pen2_tur_cam1_20250120_103300.jpg
crop_2652_pen2_orb_cam1_20250108_082935.jpg,1,pen2_orb_cam1_20250108_082935.jpg
crop_2653_pen2_tur_cam1_20250120_120306.jpg,1,pen2_tur_cam1_20250120_120306.jpg
crop_2654_pen1_tur_cam2_20250127_122511.jpg,1,pen1_tur_cam2_20250127_122511.jpg
crop_2655_pen1_tur_cam2_20250125_104657.jpg,1,pen1_tur_cam2_20250125_104657.jpg
crop_2656_pen1_tur_cam2_20250126_094454.jpg,1,pen1_tur_cam2_20250126_094454.jpg
crop_2657_pen2_tur_cam1_20250123_144427.jpg,1,pen2_tur_cam1_20250123_144427.jpg
crop_2658_pen1_tur_cam2_20250122_110711.jpg,1,pen1_tur_cam2_20250122_110711.jpg
crop_2659_pen1_tur_cam2_20250127_161029.jpg,1,pen1_tur_cam2_20250127_161029.jpg
crop_2660_pen1_tur_cam2_20250201_154937.jpg,1,pen1_tur_cam2_20250201_154937.jpg
crop_2661_pen2_tur_cam1_20250109_072549.jpg,1,pen2_tur_cam1_20250109_072549.jpg
crop_2662_pen1_tur_cam2_20250201_151327.jpg,1,pen1_tur_cam2_20250201_151327.jpg
crop_2663_pen1_tur_cam2_20250127_163030.jpg,1,pen1_tur_cam2_20250127_163030.jpg
crop_2664_pen2_tur_cam1_20250109_073455.jpg,1,pen2_tur_cam1_20250109_073455.jpg
crop_2665_pen2_tur_cam1_20250109_072844.jpg,1,pen2_tur_cam1_20250109_072844.jpg
crop_2666_pen1_tur_cam2_20250122_112751.jpg,1,pen1_tur_cam2_20250122_112751.jpg
crop_2667_pen1_tur_cam2_20250127_171854.jpg,1,pen1_tur_cam2_20250127_171854.jpg
crop_2668_pen2_tur_cam1_20250120_085935.jpg,1,pen2_tur_cam1_20250120_085935.jpg
crop_2669_pen1_tur_cam2_20250220_105858.jpg,1,pen1_tur_cam2_20250220_105858.jpg
crop_2670_pen2_tur_cam1_20250109_072741.jpg,1,pen2_tur_cam1_20250109_072741.jpg
crop_2671_pen1_tur_cam2_20250207_142941.jpg,1,pen1_tur_cam2_20250207_142941.jpg
crop_2672_pen2_tur_cam1_20250109_075513.jpg,1,pen2_tur_cam1_20250109_075513.jpg
crop_2673_pen2_tur_cam1_20250123_105505.jpg,1,pen2_tur_cam1_20250123_105505.jpg
crop_2674_pen2_orb_cam1_20250108_084141.jpg,1,pen2_orb_cam1_20250108_084141.jpg
crop_2675_pen2_tur_cam1_20250120_083933.jpg,1,pen2_tur_cam1_20250120_083933.jpg
crop_2676_pen2_tur_cam1_20250109_074038.jpg,1,pen2_tur_cam1_20250109_074038.jpg
crop_2677_pen2_tur_cam1_20250209_092658.jpg,1,pen2_tur_cam1_20250209_092658.jpg
crop_2678_pen2_tur_cam1_20250120_093937.jpg,1,pen2_tur_cam1_20250120_093937.jpg
crop_2679_pen2_orb_cam1_20250108_081624.jpg,1,pen2_orb_cam1_20250108_081624.jpg
crop_2680_pen2_tur_cam1_20250120_083253.jpg,1,pen2_tur_cam1_20250120_083253.jpg
crop_2681_pen2_tur_cam1_20250109_072858.jpg,1,pen2_tur_cam1_20250109_072858.jpg
crop_2682_pen2_tur_cam1_20250109_072823.jpg,1,pen2_tur_cam1_20250109_072823.jpg
crop_2683_pen2_orb_cam1_20250108_082021.jpg,1,pen2_orb_cam1_20250108_082021.jpg
crop_2684_pen1_tur_cam2_20250127_165532.jpg,1,pen1_tur_cam2_20250127_165532.jpg
crop_2685_pen2_orb_cam1_20250108_084419.jpg,1,pen2_orb_cam1_20250108_084419.jpg
crop_2686_pen1_tur_cam2_20250122_100000.jpg,1,pen1_tur_cam2_20250122_100000.jpg
crop_2687_pen2_orb_cam1_20250108_083656.jpg,1,pen2_orb_cam1_20250108_083656.jpg
crop_2688_pen2_tur_cam1_20250120_080751.jpg,1,pen2_tur_cam1_20250120_080751.jpg
crop_2689_pen1_tur_cam2_20250125_112840.jpg,1,pen1_tur_cam2_20250125_112840.jpg
crop_2690_pen2_tur_cam1_20250120_070927.jpg,1,pen2_tur_cam1_20250120_070927.jpg
crop_2691_pen2_tur_cam1_20250109_072659.jpg,1,pen2_tur_cam1_20250109_072659.jpg
crop_2692_pen1_tur_cam2_20250220_084028.jpg,1,pen1_tur_cam2_20250220_084028.jpg
crop_2693_pen2_tur_cam1_20250109_074127.jpg,1,pen2_tur_cam1_20250109_074127.jpg
crop_2694_pen1_tur_cam2_20250203_095047.jpg,1,pen1_tur_cam2_20250203_095047.jpg
crop_2695_pen2_tur_cam1_20250120_131701.jpg,1,pen2_tur_cam1_20250120_131701.jpg
crop_2696_pen1_orb_cam1_20250108_085958.jpg,1,pen1_orb_cam1_20250108_085958.jpg
crop_2697_pen2_tur_cam1_20250123_140307.jpg,1,pen2_tur_cam1_20250123_140307.jpg
crop_2698_pen2_orb_cam1_20250108_083229.jpg,1,pen2_orb_cam1_20250108_083229.jpg
crop_2699_pen2_tur_cam1_20250109_073722.jpg,1,pen2_tur_cam1_20250109_073722.jpg
crop_2700_pen2_orb_cam1_20250108_082802.jpg,1,pen2_orb_cam1_20250108_082802.jpg
crop_2701_pen2_tur_cam1_20250120_113805.jpg,1,pen2_tur_cam1_20250120_113805.jpg
crop_2702_pen2_orb_cam1_20250108_082332.jpg,1,pen2_orb_cam1_20250108_082332.jpg
crop_2703_pen2_tur_cam1_20250120_113805.jpg,1,pen2_tur_cam1_20250120_113805.jpg
crop_2704_pen2_tur_cam1_20250109_074628.jpg,1,pen2_tur_cam1_20250109_074628.jpg
crop_2705_pen1_tur_cam2_20250126_110415.jpg,1,pen1_tur_cam2_20250126_110415.jpg
crop_2706_pen1_orb_cam1_20250108_085757.jpg,1,pen1_orb_cam1_20250108_085757.jpg
crop_2707_pen1_tur_cam2_20250207_150443.jpg,1,pen1_tur_cam2_20250207_150443.jpg
crop_2708_pen1_tur_cam2_20250220_080345.jpg,1,pen1_tur_cam2_20250220_080345.jpg
crop_2709_pen2_tur_cam1_20250109_073701.jpg,1,pen2_tur_cam1_20250109_073701.jpg
crop_2710_pen2_tur_cam1_20250209_120710.jpg,1,pen2_tur_cam1_20250209_120710.jpg
crop_2711_pen1_tur_cam2_20250127_141853.jpg,1,pen1_tur_cam2_20250127_141853.jpg
crop_2712_pen1_tur_cam2_20250127_154026.jpg,1,pen1_tur_cam2_20250127_154026.jpg
crop_2713_pen1_orb_cam1_20250108_090102.jpg,1,pen1_orb_cam1_20250108_090102.jpg
crop_2714_pen2_tur_cam1_20250209_073150.jpg,1,pen2_tur_cam1_20250209_073150.jpg
crop_2715_pen1_tur_cam2_20250220_095853.jpg,1,pen1_tur_cam2_20250220_095853.jpg
crop_2716_pen1_tur_cam2_20250125_115403.jpg,1,pen1_tur_cam2_20250125_115403.jpg
crop_2717_pen2_orb_cam1_20250108_081914.jpg,1,pen2_orb_cam1_20250108_081914.jpg
crop_2718_pen2_tur_cam1_20250109_073036.jpg,1,pen2_tur_cam1_20250109_073036.jpg
crop_2719_pen2_tur_cam1_20250120_070927.jpg,1,pen2_tur_cam1_20250120_070927.jpg
crop_2720_pen1_tur_cam2_20250127_163030.jpg,1,pen1_tur_cam2_20250127_163030.jpg
crop_2721_pen1_tur_cam2_20250127_171033.jpg,1,pen1_tur_cam2_20250127_171033.jpg
crop_2722_pen1_orb_cam1_20250108_090258.jpg,1,pen1_orb_cam1_20250108_090258.jpg
crop_2723_pen1_tur_cam2_20250203_102909.jpg,1,pen1_tur_cam2_20250203_102909.jpg
crop_2724_pen1_tur_cam2_20250127_163030.jpg,1,pen1_tur_cam2_20250127_163030.jpg
crop_2725_pen1_tur_cam2_20250203_103549.jpg,1,pen1_tur_cam2_20250203_103549.jpg
crop_2726_pen1_tur_cam2_20250127_164531.jpg,1,pen1_tur_cam2_20250127_164531.jpg
crop_2727_pen2_tur_cam1_20250120_103801.jpg,1,pen2_tur_cam1_20250120_103801.jpg
crop_2728_pen2_orb_cam1_20250108_083324.jpg,1,pen2_orb_cam1_20250108_083324.jpg
crop_2729_pen2_tur_cam1_20250123_114008.jpg,1,pen2_tur_cam1_20250123_114008.jpg
crop_2730_pen1_tur_cam2_20250122_110201.jpg,1,pen1_tur_cam2_20250122_110201.jpg
crop_2731_pen1_tur_cam2_20250207_132256.jpg,1,pen1_tur_cam2_20250207_132256.jpg
crop_2732_pen1_tur_cam2_20250207_130434.jpg,1,pen1_tur_cam2_20250207_130434.jpg
crop_2733_pen2_orb_cam1_20250108_081619.jpg,1,pen2_orb_cam1_20250108_081619.jpg
crop_2734_pen2_tur_cam1_20250109_080639.jpg,1,pen2_tur_cam1_20250109_080639.jpg
crop_2735_pen1_tur_cam2_20250127_163851.jpg,1,pen1_tur_cam2_20250127_163851.jpg
crop_2736_pen2_tur_cam1_20250209_093018.jpg,1,pen2_tur_cam1_20250209_093018.jpg
crop_2737_pen1_tur_cam2_20250220_095353.jpg,1,pen1_tur_cam2_20250220_095353.jpg
crop_2738_pen1_tur_cam2_20250207_153446.jpg,1,pen1_tur_cam2_20250207_153446.jpg
crop_2739_pen1_tur_cam2_20250203_104050.jpg,1,pen1_tur_cam2_20250203_104050.jpg
crop_2740_pen1_tur_cam2_20250201_155807.jpg,1,pen1_tur_cam2_20250201_155807.jpg
crop_2741_pen2_tur_cam1_20250120_092256.jpg,1,pen2_tur_cam1_20250120_092256.jpg
crop_2742_pen2_tur_cam1_20250109_072947.jpg,1,pen2_tur_cam1_20250109_072947.jpg
crop_2743_pen1_tur_cam2_20250125_072518.jpg,1,pen1_tur_cam2_20250125_072518.jpg
crop_2744_pen2_orb_cam1_20250108_084748.jpg,1,pen2_orb_cam1_20250108_084748.jpg
crop_2745_pen1_tur_cam2_20250127_123341.jpg,1,pen1_tur_cam2_20250127_123341.jpg
crop_2746_pen1_orb_cam1_20250108_090158.jpg,1,pen1_orb_cam1_20250108_090158.jpg
crop_2747_pen1_tur_cam2_20250207_154807.jpg,1,pen1_tur_cam2_20250207_154807.jpg
crop_2748_pen1_tur_cam2_20250220_080846.jpg,1,pen1_tur_cam2_20250220_080846.jpg
crop_2749_pen1_tur_cam2_20250207_143301.jpg,1,pen1_tur_cam2_20250207_143301.jpg
crop_2750_pen1_tur_cam2_20250125_111339.jpg,1,pen1_tur_cam2_20250125_111339.jpg
crop_2751_pen2_orb_cam1_20250108_082840.jpg,1,pen2_orb_cam1_20250108_082840.jpg
crop_2752_pen2_orb_cam1_20250108_082316.jpg,1,pen2_orb_cam1_20250108_082316.jpg
crop_2753_pen1_tur_cam2_20250127_171353.jpg,1,pen1_tur_cam2_20250127_171353.jpg
crop_2754_pen2_tur_cam1_20250109_072439.jpg,1,pen2_tur_cam1_20250109_072439.jpg
crop_2755_pen1_tur_cam2_20250207_134758.jpg,1,pen1_tur_cam2_20250207_134758.jpg
crop_2756_pen2_tur_cam1_20250109_074244.jpg,1,pen2_tur_cam1_20250109_074244.jpg
crop_2757_pen2_orb_cam1_20250108_085429.jpg,1,pen2_orb_cam1_20250108_085429.jpg
crop_2758_pen1_tur_cam2_20250125_135255.jpg,1,pen1_tur_cam2_20250125_135255.jpg
crop_2759_pen2_tur_cam1_20250120_101259.jpg,1,pen2_tur_cam1_20250120_101259.jpg
crop_2760_pen1_tur_cam2_20250207_150302.jpg,1,pen1_tur_cam2_20250207_150302.jpg
crop_2761_pen1_orb_cam1_20250108_085903.jpg,1,pen1_orb_cam1_20250108_085903.jpg
crop_2762_pen2_tur_cam1_20250109_072851.jpg,1,pen2_tur_cam1_20250109_072851.jpg
crop_2763_pen1_tur_cam2_20250127_160028.jpg,1,pen1_tur_cam2_20250127_160028.jpg
crop_2764_pen2_tur_cam1_20250109_072624.jpg,1,pen2_tur_cam1_20250109_072624.jpg
crop_2765_pen2_orb_cam1_20250108_082636.jpg,1,pen2_orb_cam1_20250108_082636.jpg
crop_2766_pen2_tur_cam1_20250123_152228.jpg,1,pen2_tur_cam1_20250123_152228.jpg
crop_2767_pen2_tur_cam1_20250120_102940.jpg,1,pen2_tur_cam1_20250120_102940.jpg
crop_2768_pen1_tur_cam2_20250201_161528.jpg,1,pen1_tur_cam2_20250201_161528.jpg
crop_2769_pen2_orb_cam1_20250108_082159.jpg,1,pen2_orb_cam1_20250108_082159.jpg
crop_2770_pen1_orb_cam1_20250108_090028.jpg,1,pen1_orb_cam1_20250108_090028.jpg
crop_2771_pen2_orb_cam1_20250108_081514.jpg,1,pen2_orb_cam1_20250108_081514.jpg
crop_2772_pen2_tur_cam1_20250209_132035.jpg,1,pen2_tur_cam1_20250209_132035.jpg
crop_2773_pen2_tur_cam1_20250109_072556.jpg,1,pen2_tur_cam1_20250109_072556.jpg
crop_2774_pen2_tur_cam1_20250109_075452.jpg,1,pen2_tur_cam1_20250109_075452.jpg
crop_2775_pen2_tur_cam1_20250120_131701.jpg,1,pen2_tur_cam1_20250120_131701.jpg
crop_2776_pen1_tur_cam2_20250207_143301.jpg,1,pen1_tur_cam2_20250207_143301.jpg
crop_2777_pen2_tur_cam1_20250109_072919.jpg,1,pen2_tur_cam1_20250109_072919.jpg
crop_2778_pen2_orb_cam1_20250108_084403.jpg,1,pen2_orb_cam1_20250108_084403.jpg
crop_2779_pen1_tur_cam2_20250220_092350.jpg,1,pen1_tur_cam2_20250220_092350.jpg
crop_2780_pen2_tur_cam1_20250209_124212.jpg,1,pen2_tur_cam1_20250209_124212.jpg
crop_2781_pen2_tur_cam1_20250109_073434.jpg,1,pen2_tur_cam1_20250109_073434.jpg
crop_2782_pen2_orb_cam1_20250108_084107.jpg,1,pen2_orb_cam1_20250108_084107.jpg
crop_2783_pen1_tur_cam2_20250127_162850.jpg,1,pen1_tur_cam2_20250127_162850.jpg
crop_2784_pen1_tur_cam2_20250125_125604.jpg,1,pen1_tur_cam2_20250125_125604.jpg
crop_2785_pen1_tur_cam2_20250127_171353.jpg,1,pen1_tur_cam2_20250127_171353.jpg
crop_2786_pen2_orb_cam1_20250108_082913.jpg,1,pen2_orb_cam1_20250108_082913.jpg
crop_2787_pen2_tur_cam1_20250209_110204.jpg,1,pen2_tur_cam1_20250209_110204.jpg
crop_2788_pen2_orb_cam1_20250108_082757.jpg,1,pen2_orb_cam1_20250108_082757.jpg
crop_2789_pen2_tur_cam1_20250109_074841.jpg,1,pen2_tur_cam1_20250109_074841.jpg
crop_2790_pen2_tur_cam1_20250109_075733.jpg,2,pen2_tur_cam1_20250109_075733.jpg
crop_2791_pen1_tur_cam2_20250125_102836.jpg,2,pen1_tur_cam2_20250125_102836.jpg
crop_2792_pen2_tur_cam1_20250109_071320.jpg,2,pen2_tur_cam1_20250109_071320.jpg
crop_2793_pen2_tur_cam1_20250209_101020.jpg,2,pen2_tur_cam1_20250209_101020.jpg
crop_2794_pen2_tur_cam1_20250109_071423.jpg,2,pen2_tur_cam1_20250109_071423.jpg
crop_2795_pen2_tur_cam1_20250109_080756.jpg,2,pen2_tur_cam1_20250109_080756.jpg
crop_2796_pen2_tur_cam1_20250109_074738.jpg,2,pen2_tur_cam1_20250109_074738.jpg
crop_2797_pen2_tur_cam1_20250120_113305.jpg,2,pen2_tur_cam1_20250120_113305.jpg
crop_2798_pen1_tur_cam2_20250220_093351.jpg,2,pen1_tur_cam2_20250220_093351.jpg
crop_2799_pen2_tur_cam1_20250109_070044.jpg,2,pen2_tur_cam1_20250109_070044.jpg
crop_2800_pen2_tur_cam1_20250109_074614.jpg,2,pen2_tur_cam1_20250109_074614.jpg
crop_2801_pen2_tur_cam1_20250120_120447.jpg,2,pen2_tur_cam1_20250120_120447.jpg
crop_2802_pen2_tur_cam1_20250109_075005.jpg,2,pen2_tur_cam1_20250109_075005.jpg
crop_2803_pen2_tur_cam1_20250109_074600.jpg,2,pen2_tur_cam1_20250109_074600.jpg
crop_2804_pen2_tur_cam1_20250109_075651.jpg,2,pen2_tur_cam1_20250109_075651.jpg
crop_2805_pen1_tur_cam2_20250122_124915.jpg,2,pen1_tur_cam2_20250122_124915.jpg
crop_2806_pen2_tur_cam1_20250109_070243.jpg,2,pen2_tur_cam1_20250109_070243.jpg
crop_2807_pen1_tur_cam2_20250203_093547.jpg,2,pen1_tur_cam2_20250203_093547.jpg
crop_2808_pen2_tur_cam1_20250109_074909.jpg,2,pen2_tur_cam1_20250109_074909.jpg
crop_2809_pen2_tur_cam1_20250109_074635.jpg,2,pen2_tur_cam1_20250109_074635.jpg
crop_2810_pen1_tur_cam2_20250125_124034.jpg,2,pen1_tur_cam2_20250125_124034.jpg
crop_2811_pen2_tur_cam1_20250109_075204.jpg,2,pen2_tur_cam1_20250109_075204.jpg
crop_2812_pen2_tur_cam1_20250109_071402.jpg,2,pen2_tur_cam1_20250109_071402.jpg
crop_2813_pen2_tur_cam1_20250109_072137.jpg,2,pen2_tur_cam1_20250109_072137.jpg
crop_2814_pen2_tur_cam1_20250109_072610.jpg,2,pen2_tur_cam1_20250109_072610.jpg
crop_2815_pen2_tur_cam1_20250109_071732.jpg,2,pen2_tur_cam1_20250109_071732.jpg
crop_2816_pen1_tur_cam2_20250122_113451.jpg,2,pen1_tur_cam2_20250122_113451.jpg
crop_2817_pen2_tur_cam1_20250109_073214.jpg,2,pen2_tur_cam1_20250109_073214.jpg
crop_2818_pen1_tur_cam2_20250125_091150.jpg,2,pen1_tur_cam2_20250125_091150.jpg
crop_2819_pen2_tur_cam1_20250109_072357.jpg,2,pen2_tur_cam1_20250109_072357.jpg
crop_2820_pen1_tur_cam2_20250207_124253.jpg,2,pen1_tur_cam2_20250207_124253.jpg
crop_2821_pen2_tur_cam1_20250109_070126.jpg,2,pen2_tur_cam1_20250109_070126.jpg
crop_2822_pen2_tur_cam1_20250109_073235.jpg,2,pen2_tur_cam1_20250109_073235.jpg
crop_2823_pen2_tur_cam1_20250120_085434.jpg,2,pen2_tur_cam1_20250120_085434.jpg
crop_2824_pen2_tur_cam1_20250109_073125.jpg,2,pen2_tur_cam1_20250109_073125.jpg
crop_2825_pen2_tur_cam1_20250109_071142.jpg,2,pen2_tur_cam1_20250109_071142.jpg
crop_2826_pen2_tur_cam1_20250109_074902.jpg,2,pen2_tur_cam1_20250109_074902.jpg
crop_2827_pen2_tur_cam1_20250109_073242.jpg,2,pen2_tur_cam1_20250109_073242.jpg
crop_2828_pen2_tur_cam1_20250120_081932.jpg,2,pen2_tur_cam1_20250120_081932.jpg
crop_2829_pen2_tur_cam1_20250120_145217.jpg,2,pen2_tur_cam1_20250120_145217.jpg
crop_2830_pen1_tur_cam2_20250125_103837.jpg,2,pen1_tur_cam2_20250125_103837.jpg
crop_2831_pen2_tur_cam1_20250109_071807.jpg,2,pen2_tur_cam1_20250109_071807.jpg
crop_2832_pen2_tur_cam1_20250123_101321.jpg,2,pen2_tur_cam1_20250123_101321.jpg
crop_2833_pen2_tur_cam1_20250109_071313.jpg,2,pen2_tur_cam1_20250109_071313.jpg
crop_2834_pen2_tur_cam1_20250123_105325.jpg,2,pen2_tur_cam1_20250123_105325.jpg
crop_2835_pen2_tur_cam1_20250109_072109.jpg,2,pen2_tur_cam1_20250109_072109.jpg
crop_2836_pen2_tur_cam1_20250109_071924.jpg,2,pen2_tur_cam1_20250109_071924.jpg
crop_2837_pen2_tur_cam1_20250109_072233.jpg,2,pen2_tur_cam1_20250109_072233.jpg
crop_2838_pen2_tur_cam1_20250109_073057.jpg,2,pen2_tur_cam1_20250109_073057.jpg
crop_2839_pen2_orb_cam1_20250108_083346.jpg,2,pen2_orb_cam1_20250108_083346.jpg
crop_2840_pen2_tur_cam1_20250109_073509.jpg,2,pen2_tur_cam1_20250109_073509.jpg
crop_2841_pen1_orb_cam2_20250108_131958.jpg,2,pen1_orb_cam2_20250108_131958.jpg
crop_2842_pen1_tur_cam2_20250122_143103.jpg,2,pen1_tur_cam2_20250122_143103.jpg
crop_2843_pen2_tur_cam1_20250120_082252.jpg,2,pen2_tur_cam1_20250120_082252.jpg
crop_2844_pen2_tur_cam1_20250109_071156.jpg,2,pen2_tur_cam1_20250109_071156.jpg
crop_2845_pen2_tur_cam1_20250120_125159.jpg,2,pen2_tur_cam1_20250120_125159.jpg
crop_2846_pen2_tur_cam1_20250109_073125.jpg,2,pen2_tur_cam1_20250109_073125.jpg
crop_2847_pen2_orb_cam1_20250108_083319.jpg,2,pen2_orb_cam1_20250108_083319.jpg
crop_2848_pen2_tur_cam2_20250120_075430.jpg,2,pen2_tur_cam2_20250120_075430.jpg
crop_2849_pen1_tur_cam2_20250122_130557.jpg,2,pen1_tur_cam2_20250122_130557.jpg
crop_2850_pen2_tur_cam1_20250109_073104.jpg,2,pen2_tur_cam1_20250109_073104.jpg
crop_2851_pen2_tur_cam1_20250109_074649.jpg,2,pen2_tur_cam1_20250109_074649.jpg
crop_2852_pen2_tur_cam1_20250109_072034.jpg,2,pen2_tur_cam1_20250109_072034.jpg
crop_2853_pen1_tur_cam2_20250201_092521.jpg,2,pen1_tur_cam2_20250201_092521.jpg
crop_2854_pen2_tur_cam1_20250109_080351.jpg,2,pen2_tur_cam1_20250109_080351.jpg
crop_2855_pen1_tur_cam2_20250122_101530.jpg,2,pen1_tur_cam2_20250122_101530.jpg
crop_2856_pen2_tur_cam1_20250123_151528.jpg,2,pen2_tur_cam1_20250123_151528.jpg
crop_2857_pen2_tur_cam1_20250109_075253.jpg,2,pen2_tur_cam1_20250109_075253.jpg
crop_2858_pen2_tur_cam1_20250109_074305.jpg,2,pen2_tur_cam1_20250109_074305.jpg
crop_2859_pen2_tur_cam1_20250109_071430.jpg,2,pen2_tur_cam1_20250109_071430.jpg
crop_2860_pen2_tur_cam1_20250109_071910.jpg,2,pen2_tur_cam1_20250109_071910.jpg
crop_2861_pen2_tur_cam1_20250209_102702.jpg,2,pen2_tur_cam1_20250209_102702.jpg
crop_2862_pen2_tur_cam1_20250120_081432.jpg,2,pen2_tur_cam1_20250120_081432.jpg
crop_2863_pen2_tur_cam1_20250109_073111.jpg,2,pen2_tur_cam1_20250109_073111.jpg
crop_2864_pen1_tur_cam2_20250125_104837.jpg,2,pen1_tur_cam2_20250125_104837.jpg
crop_2865_pen2_tur_cam1_20250123_121011.jpg,2,pen2_tur_cam1_20250123_121011.jpg
crop_2866_pen2_tur_cam1_20250109_071746.jpg,2,pen2_tur_cam1_20250109_071746.jpg
crop_2867_pen2_tur_cam1_20250209_102521.jpg,2,pen2_tur_cam1_20250209_102521.jpg
crop_2868_pen2_tur_cam1_20250109_074319.jpg,2,pen2_tur_cam1_20250109_074319.jpg
crop_2869_pen2_tur_cam1_20250109_073249.jpg,2,pen2_tur_cam1_20250109_073249.jpg
crop_2870_pen1_tur_cam2_20250122_131917.jpg,2,pen1_tur_cam2_20250122_131917.jpg
crop_2871_pen2_tur_cam1_20250109_074251.jpg,2,pen2_tur_cam1_20250109_074251.jpg
crop_2872_pen2_tur_cam1_20250109_080227.jpg,2,pen2_tur_cam1_20250109_080227.jpg
crop_2873_pen2_tur_cam1_20250109_071835.jpg,2,pen2_tur_cam1_20250109_071835.jpg
crop_2874_pen2_tur_cam1_20250209_093518.jpg,2,pen2_tur_cam1_20250209_093518.jpg
crop_2875_pen2_tur_cam1_20250109_071334.jpg,2,pen2_tur_cam1_20250109_071334.jpg
crop_2876_pen1_tur_cam2_20250125_080959.jpg,2,pen1_tur_cam2_20250125_080959.jpg
crop_2877_pen1_tur_cam2_20250220_100353.jpg,2,pen1_tur_cam2_20250220_100353.jpg
crop_2878_pen2_tur_cam1_20250109_074312.jpg,2,pen2_tur_cam1_20250109_074312.jpg
crop_2879_pen2_tur_cam1_20250109_071636.jpg,2,pen2_tur_cam1_20250109_071636.jpg
crop_2880_pen2_tur_cam1_20250109_074759.jpg,2,pen2_tur_cam1_20250109_074759.jpg
crop_2881_pen1_tur_cam2_20250220_091851.jpg,2,pen1_tur_cam2_20250220_091851.jpg
crop_2882_pen1_tur_cam2_20250122_114321.jpg,2,pen1_tur_cam2_20250122_114321.jpg
crop_2883_pen2_tur_cam1_20250209_083013.jpg,2,pen2_tur_cam1_20250209_083013.jpg
crop_2884_pen2_tur_cam1_20250109_074539.jpg,2,pen2_tur_cam1_20250109_074539.jpg
crop_2885_pen2_tur_cam1_20250109_080646.jpg,2,pen2_tur_cam1_20250109_080646.jpg
crop_2886_pen2_tur_cam1_20250123_142537.jpg,2,pen2_tur_cam1_20250123_142537.jpg
crop_2887_pen2_tur_cam1_20250120_143848.jpg,2,pen2_tur_cam1_20250120_143848.jpg
crop_2888_pen1_tur_cam2_20250126_091353.jpg,2,pen1_tur_cam2_20250126_091353.jpg
crop_2889_pen2_tur_cam1_20250109_075314.jpg,2,pen2_tur_cam1_20250109_075314.jpg
crop_2890_pen2_tur_cam1_20250109_070201.jpg,2,pen2_tur_cam1_20250109_070201.jpg
crop_2891_pen2_tur_cam1_20250109_065948.jpg,2,pen2_tur_cam1_20250109_065948.jpg
crop_2892_pen2_tur_cam1_20250109_074717.jpg,2,pen2_tur_cam1_20250109_074717.jpg
crop_2893_pen2_tur_cam1_20250209_120529.jpg,2,pen2_tur_cam1_20250209_120529.jpg
crop_2894_pen1_tur_cam2_20250203_110551.jpg,2,pen1_tur_cam2_20250203_110551.jpg
crop_2895_pen2_tur_cam1_20250109_072226.jpg,2,pen2_tur_cam1_20250109_072226.jpg
crop_2896_pen2_tur_cam1_20250120_113945.jpg,2,pen2_tur_cam1_20250120_113945.jpg
crop_2897_pen1_tur_cam2_20250203_120055.jpg,2,pen1_tur_cam2_20250203_120055.jpg
crop_2898_pen1_tur_cam2_20250126_141417.jpg,2,pen1_tur_cam2_20250126_141417.jpg
crop_2899_pen2_tur_cam1_20250109_074649.jpg,2,pen2_tur_cam1_20250109_074649.jpg
crop_2900_pen1_tur_cam2_20250122_100659.jpg,2,pen1_tur_cam2_20250122_100659.jpg
crop_2901_pen2_tur_cam1_20250123_101822.jpg,2,pen2_tur_cam1_20250123_101822.jpg
crop_2902_pen2_tur_cam1_20250109_080344.jpg,2,pen2_tur_cam1_20250109_080344.jpg
crop_2903_pen2_tur_cam1_20250109_072549.jpg,2,pen2_tur_cam1_20250109_072549.jpg
crop_2904_pen2_tur_cam1_20250109_073146.jpg,2,pen2_tur_cam1_20250109_073146.jpg
crop_2905_pen2_tur_cam1_20250109_071821.jpg,2,pen2_tur_cam1_20250109_071821.jpg
crop_2906_pen1_tur_cam2_20250220_085349.jpg,2,pen1_tur_cam2_20250220_085349.jpg
crop_2907_pen2_tur_cam1_20250215_095748.jpg,2,pen2_tur_cam1_20250215_095748.jpg
crop_2908_pen1_tur_cam2_20250220_082346.jpg,2,pen1_tur_cam2_20250220_082346.jpg
crop_2909_pen2_tur_cam1_20250209_085655.jpg,2,pen2_tur_cam1_20250209_085655.jpg
crop_2910_pen2_tur_cam1_20250109_075129.jpg,2,pen2_tur_cam1_20250109_075129.jpg
crop_2911_pen2_tur_cam1_20250109_073523.jpg,2,pen2_tur_cam1_20250109_073523.jpg
crop_2912_pen1_orb_cam2_20250108_133051.jpg,2,pen1_orb_cam2_20250108_133051.jpg
crop_2913_pen2_tur_cam1_20250209_080152.jpg,2,pen2_tur_cam1_20250209_080152.jpg
crop_2914_pen2_tur_cam1_20250109_080653.jpg,2,pen2_tur_cam1_20250109_080653.jpg
crop_2915_pen2_tur_cam1_20250109_071650.jpg,2,pen2_tur_cam1_20250109_071650.jpg
crop_2916_pen2_tur_cam1_20250209_120029.jpg,2,pen2_tur_cam1_20250209_120029.jpg
crop_2917_pen1_tur_cam2_20250220_075845.jpg,2,pen1_tur_cam2_20250220_075845.jpg
crop_2918_pen2_tur_cam1_20250109_075300.jpg,2,pen2_tur_cam1_20250109_075300.jpg
crop_2919_pen2_tur_cam1_20250209_120529.jpg,2,pen2_tur_cam1_20250209_120529.jpg
crop_2920_pen2_tur_cam1_20250109_070208.jpg,2,pen2_tur_cam1_20250109_070208.jpg
crop_2921_pen1_tur_cam2_20250220_084348.jpg,2,pen1_tur_cam2_20250220_084348.jpg
crop_2922_pen1_tur_cam2_20250203_111912.jpg,2,pen1_tur_cam2_20250203_111912.jpg
crop_2923_pen1_tur_cam2_20250203_115054.jpg,2,pen1_tur_cam2_20250203_115054.jpg
crop_2924_pen2_tur_cam1_20250109_080309.jpg,2,pen2_tur_cam1_20250109_080309.jpg
crop_2925_pen2_tur_cam1_20250109_071423.jpg,2,pen2_tur_cam1_20250109_071423.jpg
crop_2926_pen2_tur_cam1_20250109_072336.jpg,2,pen2_tur_cam1_20250109_072336.jpg
crop_2927_pen2_tur_cam1_20250109_072357.jpg,2,pen2_tur_cam1_20250109_072357.jpg
crop_2928_pen1_tur_cam2_20250122_143103.jpg,2,pen1_tur_cam2_20250122_143103.jpg
crop_2929_pen2_tur_cam1_20250109_071718.jpg,2,pen2_tur_cam1_20250109_071718.jpg
crop_2930_pen2_tur_cam1_20250109_071657.jpg,2,pen2_tur_cam1_20250109_071657.jpg
crop_2931_pen1_orb_cam2_20250108_133105.jpg,2,pen1_orb_cam2_20250108_133105.jpg
crop_2932_pen1_tur_cam2_20250127_120008.jpg,2,pen1_tur_cam2_20250127_120008.jpg
crop_2933_pen2_orb_cam1_20250108_083319.jpg,2,pen2_orb_cam1_20250108_083319.jpg
crop_2934_pen2_tur_cam1_20250109_073949.jpg,2,pen2_tur_cam1_20250109_073949.jpg
crop_2935_pen2_tur_cam1_20250109_071753.jpg,2,pen2_tur_cam1_20250109_071753.jpg
crop_2936_pen2_tur_cam1_20250109_071203.jpg,2,pen2_tur_cam1_20250109_071203.jpg
crop_2937_pen2_tur_cam1_20250109_075246.jpg,2,pen2_tur_cam1_20250109_075246.jpg
crop_2938_pen2_tur_cam1_20250109_073057.jpg,2,pen2_tur_cam1_20250109_073057.jpg
crop_2939_pen1_tur_cam2_20250125_124354.jpg,2,pen1_tur_cam2_20250125_124354.jpg
crop_2940_pen1_tur_cam2_20250220_091851.jpg,2,pen1_tur_cam2_20250220_091851.jpg
crop_2941_pen2_tur_cam1_20250215_095748.jpg,2,pen2_tur_cam1_20250215_095748.jpg
crop_2942_pen2_tur_cam1_20250109_071746.jpg,2,pen2_tur_cam1_20250109_071746.jpg
crop_2943_pen2_tur_cam1_20250109_071739.jpg,2,pen2_tur_cam1_20250109_071739.jpg
crop_2944_pen2_tur_cam1_20250109_073235.jpg,2,pen2_tur_cam1_20250109_073235.jpg
crop_2945_pen2_tur_cam1_20250109_071437.jpg,2,pen2_tur_cam1_20250109_071437.jpg
crop_2946_pen2_tur_cam1_20250209_071148.jpg,2,pen2_tur_cam1_20250209_071148.jpg
crop_2947_pen2_tur_cam1_20250109_075239.jpg,2,pen2_tur_cam1_20250109_075239.jpg
crop_2948_pen1_tur_cam2_20250125_133216.jpg,2,pen1_tur_cam2_20250125_133216.jpg
crop_2949_pen2_tur_cam1_20250109_080700.jpg,2,pen2_tur_cam1_20250109_080700.jpg
crop_2950_pen2_tur_cam1_20250109_073516.jpg,2,pen2_tur_cam1_20250109_073516.jpg
crop_2951_pen2_tur_cam1_20250120_120447.jpg,2,pen2_tur_cam1_20250120_120447.jpg
crop_2952_pen2_tur_cam1_20250123_102503.jpg,2,pen2_tur_cam1_20250123_102503.jpg
crop_2953_pen2_tur_cam1_20250109_080227.jpg,2,pen2_tur_cam1_20250109_080227.jpg
crop_2954_pen2_tur_cam1_20250109_075335.jpg,2,pen2_tur_cam1_20250109_075335.jpg
crop_2955_pen2_tur_cam1_20250209_115208.jpg,2,pen2_tur_cam1_20250209_115208.jpg
crop_2956_pen2_tur_cam1_20250109_072926.jpg,2,pen2_tur_cam1_20250109_072926.jpg
crop_2957_pen2_tur_cam1_20250109_073207.jpg,2,pen2_tur_cam1_20250109_073207.jpg
crop_2958_pen1_tur_cam2_20250126_114536.jpg,2,pen1_tur_cam2_20250126_114536.jpg
crop_2959_pen1_tur_cam2_20250203_112052.jpg,2,pen1_tur_cam2_20250203_112052.jpg
crop_2960_pen2_tur_cam1_20250120_082252.jpg,2,pen2_tur_cam1_20250120_082252.jpg
crop_2961_pen2_tur_cam1_20250109_075651.jpg,2,pen2_tur_cam1_20250109_075651.jpg
crop_2962_pen2_tur_cam1_20250215_095248.jpg,2,pen2_tur_cam1_20250215_095248.jpg
crop_2963_pen2_tur_cam1_20250120_133343.jpg,2,pen2_tur_cam1_20250120_133343.jpg
crop_2964_pen2_tur_cam1_20250109_071718.jpg,2,pen2_tur_cam1_20250109_071718.jpg
crop_2965_pen2_tur_cam1_20250120_132843.jpg,2,pen2_tur_cam1_20250120_132843.jpg
crop_2966_pen2_tur_cam1_20250109_073036.jpg,2,pen2_tur_cam1_20250109_073036.jpg
crop_2967_pen2_tur_cam1_20250109_070058.jpg,2,pen2_tur_cam1_20250109_070058.jpg
crop_2968_pen2_tur_cam1_20250209_104203.jpg,2,pen2_tur_cam1_20250209_104203.jpg
crop_2969_pen2_tur_cam2_20250120_073249.jpg,2,pen2_tur_cam2_20250120_073249.jpg
crop_2970_pen2_orb_cam1_20250108_084600.jpg,2,pen2_orb_cam1_20250108_084600.jpg
crop_2971_pen2_tur_cam1_20250209_083013.jpg,2,pen2_tur_cam1_20250209_083013.jpg
crop_2972_pen1_tur_cam2_20250122_103100.jpg,2,pen1_tur_cam2_20250122_103100.jpg
crop_2973_pen2_tur_cam1_20250120_145848.jpg,2,pen2_tur_cam1_20250120_145848.jpg
crop_2974_pen2_tur_cam1_20250109_073406.jpg,2,pen2_tur_cam1_20250109_073406.jpg
crop_2975_pen2_tur_cam1_20250109_070208.jpg,2,pen2_tur_cam1_20250109_070208.jpg
crop_2976_pen2_tur_cam1_20250109_080735.jpg,2,pen2_tur_cam1_20250109_080735.jpg
crop_2977_pen2_tur_cam1_20250109_072329.jpg,2,pen2_tur_cam1_20250109_072329.jpg
crop_2978_pen2_tur_cam1_20250120_113305.jpg,2,pen2_tur_cam1_20250120_113305.jpg
crop_2979_pen2_tur_cam1_20250209_103522.jpg,2,pen2_tur_cam1_20250209_103522.jpg
crop_2980_pen2_tur_cam1_20250123_102503.jpg,2,pen2_tur_cam1_20250123_102503.jpg
crop_2981_pen2_tur_cam1_20250123_101822.jpg,2,pen2_tur_cam1_20250123_101822.jpg
crop_2982_pen1_tur_cam2_20250122_132558.jpg,2,pen1_tur_cam2_20250122_132558.jpg
crop_2983_pen2_tur_cam1_20250109_073551.jpg,2,pen2_tur_cam1_20250109_073551.jpg
crop_2984_pen2_tur_cam1_20250109_074944.jpg,2,pen2_tur_cam1_20250109_074944.jpg
crop_2985_pen2_orb_cam1_20250108_083307.jpg,2,pen2_orb_cam1_20250108_083307.jpg
crop_2986_pen2_tur_cam1_20250209_104022.jpg,2,pen2_tur_cam1_20250209_104022.jpg
crop_2987_pen2_tur_cam1_20250109_074813.jpg,2,pen2_tur_cam1_20250109_074813.jpg
crop_2988_pen2_tur_cam1_20250209_094519.jpg,2,pen2_tur_cam1_20250209_094519.jpg
crop_2989_pen2_tur_cam1_20250120_075430.jpg,2,pen2_tur_cam1_20250120_075430.jpg
crop_2990_pen1_tur_cam2_20250126_075527.jpg,2,pen1_tur_cam2_20250126_075527.jpg
crop_2991_pen1_tur_cam2_20250203_110551.jpg,2,pen1_tur_cam2_20250203_110551.jpg
crop_2992_pen2_tur_cam1_20250123_153248.jpg,2,pen2_tur_cam1_20250123_153248.jpg
crop_2993_pen2_tur_cam1_20250109_074305.jpg,2,pen2_tur_cam1_20250109_074305.jpg
crop_2994_pen2_tur_cam1_20250120_144348.jpg,2,pen2_tur_cam1_20250120_144348.jpg
crop_2995_pen2_tur_cam1_20250215_094928.jpg,2,pen2_tur_cam1_20250215_094928.jpg
crop_2996_pen1_tur_cam2_20250207_121932.jpg,2,pen1_tur_cam2_20250207_121932.jpg
crop_2997_pen2_tur_cam1_20250215_095428.jpg,2,pen2_tur_cam1_20250215_095428.jpg
crop_2998_pen2_tur_cam1_20250209_083013.jpg,2,pen2_tur_cam1_20250209_083013.jpg
crop_2999_pen2_tur_cam1_20250109_074937.jpg,2,pen2_tur_cam1_20250109_074937.jpg
crop_3000_pen2_tur_cam1_20250109_074628.jpg,2,pen2_tur_cam1_20250109_074628.jpg
crop_3001_pen1_tur_cam2_20250122_104310.jpg,2,pen1_tur_cam2_20250122_104310.jpg
crop_3002_pen1_tur_cam2_20250203_115414.jpg,2,pen1_tur_cam2_20250203_115414.jpg
crop_3003_pen2_tur_cam1_20250109_074745.jpg,2,pen2_tur_cam1_20250109_074745.jpg
crop_3004_pen1_orb_cam2_20250108_134605.jpg,2,pen1_orb_cam2_20250108_134605.jpg
crop_3005_pen2_tur_cam1_20250109_071416.jpg,2,pen2_tur_cam1_20250109_071416.jpg
crop_3006_pen2_tur_cam1_20250124_090135.jpg,2,pen2_tur_cam1_20250124_090135.jpg
crop_3007_pen1_tur_cam2_20250201_092521.jpg,2,pen1_tur_cam2_20250201_092521.jpg
crop_3008_pen2_tur_cam1_20250109_073146.jpg,2,pen2_tur_cam1_20250109_073146.jpg
crop_3009_pen2_tur_cam1_20250109_075300.jpg,2,pen2_tur_cam1_20250109_075300.jpg
crop_3010_pen1_tur_cam2_20250220_100033.jpg,2,pen1_tur_cam2_20250220_100033.jpg
crop_3011_pen2_tur_cam1_20250109_072631.jpg,2,pen2_tur_cam1_20250109_072631.jpg
crop_3012_pen2_tur_cam1_20250209_101020.jpg,2,pen2_tur_cam1_20250209_101020.jpg
crop_3013_pen2_tur_cam1_20250109_071615.jpg,2,pen2_tur_cam1_20250109_071615.jpg
crop_3014_pen2_tur_cam1_20250209_114708.jpg,2,pen2_tur_cam1_20250209_114708.jpg
crop_3015_pen2_tur_cam1_20250109_073249.jpg,2,pen2_tur_cam1_20250109_073249.jpg
crop_3016_pen2_tur_cam1_20250109_072041.jpg,2,pen2_tur_cam1_20250109_072041.jpg
crop_3017_pen1_tur_cam2_20250220_070841.jpg,2,pen1_tur_cam2_20250220_070841.jpg
crop_3018_pen1_tur_cam2_20250122_100659.jpg,2,pen1_tur_cam2_20250122_100659.jpg
crop_3019_pen2_tur_cam1_20250109_071210.jpg,2,pen2_tur_cam1_20250109_071210.jpg
crop_3020_pen2_tur_cam1_20250109_075637.jpg,2,pen2_tur_cam1_20250109_075637.jpg
crop_3021_pen2_tur_cam1_20250109_080742.jpg,2,pen2_tur_cam1_20250109_080742.jpg
crop_3022_pen2_tur_cam1_20250109_074642.jpg,2,pen2_tur_cam1_20250109_074642.jpg
crop_3023_pen2_tur_cam1_20250109_074333.jpg,2,pen2_tur_cam1_20250109_074333.jpg
crop_3024_pen1_tur_cam2_20250122_101210.jpg,2,pen1_tur_cam2_20250122_101210.jpg
crop_3025_pen2_tur_cam1_20250109_075630.jpg,2,pen2_tur_cam1_20250109_075630.jpg
crop_3026_pen2_tur_cam1_20250109_070222.jpg,2,pen2_tur_cam1_20250109_070222.jpg
crop_3027_pen2_tur_cam1_20250109_070140.jpg,2,pen2_tur_cam1_20250109_070140.jpg
crop_3028_pen1_tur_cam2_20250127_103002.jpg,2,pen1_tur_cam2_20250127_103002.jpg
crop_3029_pen1_tur_cam2_20250220_094352.jpg,2,pen1_tur_cam2_20250220_094352.jpg
crop_3030_pen1_tur_cam2_20250207_124253.jpg,2,pen1_tur_cam2_20250207_124253.jpg
crop_3031_pen2_tur_cam1_20250109_071217.jpg,2,pen2_tur_cam1_20250109_071217.jpg
crop_3032_pen2_tur_cam1_20250209_080152.jpg,2,pen2_tur_cam1_20250209_080152.jpg
crop_3033_pen2_tur_cam1_20250109_080700.jpg,2,pen2_tur_cam1_20250109_080700.jpg
crop_3034_pen2_tur_cam1_20250109_073544.jpg,2,pen2_tur_cam1_20250109_073544.jpg
crop_3035_pen1_tur_cam2_20250125_103336.jpg,2,pen1_tur_cam2_20250125_103336.jpg
crop_3036_pen2_tur_cam1_20250109_071711.jpg,2,pen2_tur_cam1_20250109_071711.jpg
crop_3037_pen2_tur_cam1_20250209_071148.jpg,2,pen2_tur_cam1_20250209_071148.jpg
crop_3038_pen2_tur_cam1_20250109_073207.jpg,2,pen2_tur_cam1_20250109_073207.jpg
crop_3039_pen2_tur_cam1_20250109_071753.jpg,2,pen2_tur_cam1_20250109_071753.jpg
crop_3040_pen2_tur_cam1_20250209_103522.jpg,2,pen2_tur_cam1_20250209_103522.jpg
crop_3041_pen2_tur_cam1_20250120_133203.jpg,2,pen2_tur_cam1_20250120_133203.jpg
crop_3042_pen2_tur_cam1_20250109_073036.jpg,2,pen2_tur_cam1_20250109_073036.jpg
crop_3043_pen2_tur_cam1_20250109_073434.jpg,2,pen2_tur_cam1_20250109_073434.jpg
crop_3044_pen2_tur_cam1_20250109_075300.jpg,2,pen2_tur_cam1_20250109_075300.jpg
crop_3045_pen1_tur_cam1_20250203_093547.jpg,2,pen1_tur_cam1_20250203_093547.jpg
crop_3046_pen2_tur_cam1_20250109_074717.jpg,2,pen2_tur_cam1_20250109_074717.jpg
crop_3047_pen1_tur_cam2_20250122_124555.jpg,2,pen1_tur_cam2_20250122_124555.jpg
crop_3048_pen1_tur_cam2_20250220_082346.jpg,2,pen1_tur_cam2_20250220_082346.jpg
crop_3049_pen2_tur_cam1_20250109_074305.jpg,2,pen2_tur_cam1_20250109_074305.jpg
crop_3050_pen2_tur_cam1_20250120_075430.jpg,2,pen2_tur_cam1_20250120_075430.jpg
crop_3051_pen2_tur_cam1_20250109_075321.jpg,2,pen2_tur_cam1_20250109_075321.jpg
crop_3052_pen2_tur_cam1_20250109_074759.jpg,2,pen2_tur_cam1_20250109_074759.jpg
crop_3053_pen2_tur_cam1_20250109_071753.jpg,2,pen2_tur_cam1_20250109_071753.jpg
crop_3054_pen2_tur_cam1_20250109_073228.jpg,2,pen2_tur_cam1_20250109_073228.jpg
crop_3055_pen2_tur_cam1_20250109_073001.jpg,2,pen2_tur_cam1_20250109_073001.jpg
crop_3056_pen2_tur_cam1_20250209_145723.jpg,2,pen2_tur_cam1_20250209_145723.jpg
crop_3057_pen2_tur_cam1_20250109_071217.jpg,2,pen2_tur_cam1_20250109_071217.jpg
crop_3058_pen2_tur_cam1_20250109_072638.jpg,2,pen2_tur_cam1_20250109_072638.jpg
crop_3059_pen2_tur_cam1_20250109_073214.jpg,2,pen2_tur_cam1_20250109_073214.jpg
crop_3060_pen2_tur_cam1_20250109_075314.jpg,2,pen2_tur_cam1_20250109_075314.jpg
crop_3061_pen2_tur_cam1_20250109_073942.jpg,2,pen2_tur_cam1_20250109_073942.jpg
crop_3062_pen2_tur_cam1_20250109_074340.jpg,2,pen2_tur_cam1_20250109_074340.jpg
crop_3063_pen2_tur_cam1_20250109_072315.jpg,2,pen2_tur_cam1_20250109_072315.jpg
crop_3064_pen2_tur_cam1_20250109_075307.jpg,2,pen2_tur_cam1_20250109_075307.jpg
crop_3065_pen2_tur_cam1_20250109_074923.jpg,2,pen2_tur_cam1_20250109_074923.jpg
crop_3066_pen2_tur_cam1_20250109_080714.jpg,2,pen2_tur_cam1_20250109_080714.jpg
crop_3067_pen2_tur_cam1_20250109_071608.jpg,2,pen2_tur_cam1_20250109_071608.jpg
crop_3068_pen2_tur_cam1_20250109_073256.jpg,2,pen2_tur_cam1_20250109_073256.jpg
crop_3069_pen2_tur_cam1_20250209_133216.jpg,2,pen2_tur_cam1_20250209_133216.jpg
crop_3070_pen2_tur_cam1_20250109_080721.jpg,2,pen2_tur_cam1_20250109_080721.jpg
crop_3071_pen2_tur_cam1_20250123_153248.jpg,2,pen2_tur_cam1_20250123_153248.jpg
crop_3072_pen2_tur_cam1_20250109_074951.jpg,2,pen2_tur_cam1_20250109_074951.jpg
crop_3073_pen2_tur_cam1_20250120_083253.jpg,2,pen2_tur_cam1_20250120_083253.jpg
crop_3074_pen1_tur_cam2_20250122_132058.jpg,2,pen1_tur_cam2_20250122_132058.jpg
crop_3075_pen2_tur_cam1_20250120_135345.jpg,2,pen2_tur_cam1_20250120_135345.jpg
crop_3076_pen2_tur_cam1_20250209_095700.jpg,2,pen2_tur_cam1_20250209_095700.jpg
crop_3077_pen1_tur_cam2_20250127_120008.jpg,2,pen1_tur_cam2_20250127_120008.jpg
crop_3078_pen2_tur_cam1_20250109_071416.jpg,2,pen2_tur_cam1_20250109_071416.jpg
crop_3079_pen2_tur_cam1_20250120_110303.jpg,2,pen2_tur_cam1_20250120_110303.jpg
crop_3080_pen2_tur_cam1_20250109_073324.jpg,2,pen2_tur_cam1_20250109_073324.jpg
crop_3081_pen2_tur_cam1_20250109_073242.jpg,2,pen2_tur_cam1_20250109_073242.jpg
crop_3082_pen1_tur_cam2_20250220_090530.jpg,2,pen1_tur_cam2_20250220_090530.jpg
crop_3083_pen2_tur_cam1_20250120_144711.jpg,2,pen2_tur_cam1_20250120_144711.jpg
crop_3084_pen2_tur_cam1_20250109_072116.jpg,2,pen2_tur_cam1_20250109_072116.jpg
crop_3085_pen2_tur_cam1_20250209_093518.jpg,2,pen2_tur_cam1_20250209_093518.jpg
crop_3086_pen2_orb_cam1_20250108_081320.jpg,3,pen2_orb_cam1_20250108_081320.jpg
crop_3087_pen2_tur_cam1_20250109_072219.jpg,3,pen2_tur_cam1_20250109_072219.jpg
crop_3088_pen2_tur_cam1_20250109_071334.jpg,3,pen2_tur_cam1_20250109_071334.jpg
crop_3089_pen2_tur_cam1_20250120_140707.jpg,3,pen2_tur_cam1_20250120_140707.jpg
crop_3090_pen1_tur_cam2_20250127_134052.jpg,3,pen1_tur_cam2_20250127_134052.jpg
crop_3091_pen2_tur_cam1_20250120_144213.jpg,3,pen2_tur_cam1_20250120_144213.jpg
crop_3092_pen2_orb_cam1_20250108_084419.jpg,3,pen2_orb_cam1_20250108_084419.jpg
crop_3093_pen1_tur_cam2_20250127_135113.jpg,3,pen1_tur_cam2_20250127_135113.jpg
crop_3094_pen1_tur_cam2_20250220_090850.jpg,3,pen1_tur_cam2_20250220_090850.jpg
crop_3095_pen2_tur_cam1_20250109_074230.jpg,3,pen2_tur_cam1_20250109_074230.jpg
crop_3096_pen2_tur_cam1_20250120_113445.jpg,3,pen2_tur_cam1_20250120_113445.jpg
crop_3097_pen2_orb_cam1_20250108_082111.jpg,3,pen2_orb_cam1_20250108_082111.jpg
crop_3098_pen1_tur_cam2_20250125_074919.jpg,3,pen1_tur_cam2_20250125_074919.jpg
crop_3099_pen2_tur_cam1_20250123_103323.jpg,3,pen2_tur_cam1_20250123_103323.jpg
crop_3100_pen1_tur_cam2_20250127_161349.jpg,3,pen1_tur_cam2_20250127_161349.jpg
crop_3101_pen1_tur_cam1_20250203_100048.jpg,3,pen1_tur_cam1_20250203_100048.jpg
crop_3102_pen1_tur_cam2_20250122_142102.jpg,3,pen1_tur_cam2_20250122_142102.jpg
crop_3103_pen1_tur_cam2_20250220_090029.jpg,3,pen1_tur_cam2_20250220_090029.jpg
crop_3104_pen2_tur_cam1_20250209_125213.jpg,3,pen2_tur_cam1_20250209_125213.jpg
crop_3105_pen2_tur_cam1_20250209_070508.jpg,3,pen2_tur_cam1_20250209_070508.jpg
crop_3106_pen2_tur_cam1_20250109_072226.jpg,3,pen2_tur_cam1_20250109_072226.jpg
crop_3107_pen2_orb_cam1_20250108_080839.jpg,3,pen2_orb_cam1_20250108_080839.jpg
crop_3108_pen1_tur_cam2_20250122_103610.jpg,3,pen1_tur_cam2_20250122_103610.jpg
crop_3109_pen1_tur_cam2_20250207_131255.jpg,3,pen1_tur_cam2_20250207_131255.jpg
crop_3110_pen2_orb_cam1_20250108_083229.jpg,3,pen2_orb_cam1_20250108_083229.jpg
crop_3111_pen1_tur_cam2_20250122_133919.jpg,3,pen1_tur_cam2_20250122_133919.jpg
crop_3112_pen2_tur_cam1_20250209_141539.jpg,3,pen2_tur_cam1_20250209_141539.jpg
crop_3113_pen1_orb_cam2_20250108_091218.jpg,3,pen1_orb_cam2_20250108_091218.jpg
crop_3114_pen1_tur_cam2_20250122_094940.jpg,3,pen1_tur_cam2_20250122_094940.jpg
crop_3115_pen1_orb_cam1_20250108_090147.jpg,3,pen1_orb_cam1_20250108_090147.jpg
crop_3116_pen2_tur_cam1_20250109_074024.jpg,3,pen2_tur_cam1_20250109_074024.jpg
crop_3117_pen2_orb_cam1_20250108_080959.jpg,3,pen2_orb_cam1_20250108_080959.jpg
crop_3118_pen2_orb_cam1_20250108_081639.jpg,3,pen2_orb_cam1_20250108_081639.jpg
crop_3119_pen1_tur_cam2_20250220_074344.jpg,3,pen1_tur_cam2_20250220_074344.jpg
crop_3120_pen2_tur_cam1_20250109_072027.jpg,3,pen2_tur_cam1_20250109_072027.jpg
crop_3121_pen2_tur_cam1_20250109_070819.jpg,3,pen2_tur_cam1_20250109_070819.jpg
crop_3122_pen1_tur_cam2_20250122_115021.jpg,3,pen1_tur_cam2_20250122_115021.jpg
crop_3123_pen2_tur_cam1_20250109_075932.jpg,3,pen2_tur_cam1_20250109_075932.jpg
crop_3124_pen1_tur_cam2_20250126_090352.jpg,3,pen1_tur_cam2_20250126_090352.jpg
crop_3125_pen1_tur_cam2_20250122_133559.jpg,3,pen1_tur_cam2_20250122_133559.jpg
crop_3126_pen1_tur_cam2_20250126_120407.jpg,3,pen1_tur_cam2_20250126_120407.jpg
crop_3127_pen1_tur_cam2_20250203_094548.jpg,3,pen1_tur_cam2_20250203_094548.jpg
crop_3128_pen2_tur_cam1_20250109_075712.jpg,3,pen2_tur_cam1_20250109_075712.jpg
crop_3129_pen1_orb_cam1_20250108_085702.jpg,3,pen1_orb_cam1_20250108_085702.jpg
crop_3130_pen1_tur_cam2_20250207_125934.jpg,3,pen1_tur_cam2_20250207_125934.jpg
crop_3131_pen2_orb_cam1_20250108_081953.jpg,3,pen2_orb_cam1_20250108_081953.jpg
crop_3132_pen2_tur_cam1_20250209_140038.jpg,3,pen2_tur_cam1_20250209_140038.jpg
crop_3133_pen1_tur_cam2_20250125_131645.jpg,3,pen1_tur_cam2_20250125_131645.jpg
crop_3134_pen1_tur_cam2_20250125_094153.jpg,3,pen1_tur_cam2_20250125_094153.jpg
crop_3135_pen2_tur_cam1_20250109_071800.jpg,3,pen2_tur_cam1_20250109_071800.jpg
crop_3136_pen2_tur_cam1_20250209_111705.jpg,3,pen2_tur_cam1_20250209_111705.jpg
crop_3137_pen2_tur_cam1_20250123_110325.jpg,3,pen2_tur_cam1_20250123_110325.jpg
crop_3138_pen2_tur_cam1_20250123_102503.jpg,3,pen2_tur_cam1_20250123_102503.jpg
crop_3139_pen2_tur_cam1_20250109_071458.jpg,3,pen2_tur_cam1_20250109_071458.jpg
crop_3140_pen2_orb_cam1_20250108_082636.jpg,3,pen2_orb_cam1_20250108_082636.jpg
crop_3141_pen1_tur_cam2_20250122_103800.jpg,3,pen1_tur_cam2_20250122_103800.jpg
crop_3142_pen1_tur_cam2_20250122_110901.jpg,3,pen1_tur_cam2_20250122_110901.jpg
crop_3143_pen1_tur_cam2_20250127_145504.jpg,3,pen1_tur_cam2_20250127_145504.jpg
crop_3144_pen1_orb_cam2_20250108_090009.jpg,3,pen1_orb_cam2_20250108_090009.jpg
crop_3145_pen2_tur_cam1_20250209_145041.jpg,3,pen2_tur_cam1_20250209_145041.jpg
crop_3146_pen1_tur_cam1_20250201_091651.jpg,3,pen1_tur_cam1_20250201_091651.jpg
crop_3147_pen1_tur_cam2_20250125_072518.jpg,3,pen1_tur_cam2_20250125_072518.jpg
crop_3148_pen2_tur_cam1_20250109_073015.jpg,3,pen2_tur_cam1_20250109_073015.jpg
crop_3149_pen2_tur_cam1_20250109_080000.jpg,3,pen2_tur_cam1_20250109_080000.jpg
crop_3150_pen2_tur_cam1_20250120_083933.jpg,3,pen2_tur_cam1_20250120_083933.jpg
crop_3151_pen2_tur_cam1_20250109_073043.jpg,3,pen2_tur_cam1_20250109_073043.jpg
crop_3152_pen1_tur_cam2_20250203_094908.jpg,3,pen1_tur_cam2_20250203_094908.jpg
crop_3153_pen2_tur_cam1_20250209_124031.jpg,3,pen2_tur_cam1_20250209_124031.jpg
crop_3154_pen1_tur_cam2_20250122_101210.jpg,3,pen1_tur_cam2_20250122_101210.jpg
crop_3155_pen2_tur_cam1_20250120_100939.jpg,3,pen2_tur_cam1_20250120_100939.jpg
crop_3156_pen2_tur_cam1_20250109_080803.jpg,3,pen2_tur_cam1_20250109_080803.jpg
crop_3157_pen1_tur_cam2_20250220_111038.jpg,3,pen1_tur_cam2_20250220_111038.jpg
crop_3158_pen1_tur_cam2_20250125_103336.jpg,3,pen1_tur_cam2_20250125_103336.jpg
crop_3159_pen2_tur_cam1_20250109_070805.jpg,3,pen2_tur_cam1_20250109_070805.jpg
crop_3160_pen2_tur_cam1_20250123_141837.jpg,3,pen2_tur_cam1_20250123_141837.jpg
crop_3161_pen2_orb_cam1_20250108_085702.jpg,3,pen2_orb_cam1_20250108_085702.jpg
crop_3162_pen1_tur_cam1_20250203_095547.jpg,3,pen1_tur_cam1_20250203_095547.jpg
crop_3163_pen2_tur_cam1_20250123_135757.jpg,3,pen2_tur_cam1_20250123_135757.jpg
crop_3164_pen1_tur_cam2_20250125_132705.jpg,3,pen1_tur_cam2_20250125_132705.jpg
crop_3165_pen2_tur_cam1_20250209_135218.jpg,3,pen2_tur_cam1_20250209_135218.jpg
crop_3166_pen1_tur_cam2_20250122_134559.jpg,3,pen1_tur_cam2_20250122_134559.jpg
crop_3167_pen2_tur_cam1_20250109_080714.jpg,3,pen2_tur_cam1_20250109_080714.jpg
crop_3168_pen1_tur_cam2_20250126_090352.jpg,3,pen1_tur_cam2_20250126_090352.jpg
crop_3169_pen1_tur_cam2_20250125_061135.jpg,3,pen1_tur_cam2_20250125_061135.jpg
crop_3170_pen2_tur_cam1_20250120_102940.jpg,3,pen2_tur_cam1_20250120_102940.jpg
crop_3171_pen1_tur_cam2_20250127_144803.jpg,3,pen1_tur_cam2_20250127_144803.jpg
crop_3172_pen2_orb_cam1_20250108_080859.jpg,3,pen2_orb_cam1_20250108_080859.jpg
crop_3173_pen2_orb_cam1_20250108_083639.jpg,3,pen2_orb_cam1_20250108_083639.jpg
crop_3174_pen2_tur_cam1_20250120_070927.jpg,3,pen2_tur_cam1_20250120_070927.jpg
crop_3175_pen1_tur_cam2_20250220_084528.jpg,3,pen1_tur_cam2_20250220_084528.jpg
crop_3176_pen1_orb_cam2_20250108_090921.jpg,3,pen1_orb_cam2_20250108_090921.jpg
crop_3177_pen1_orb_cam2_20250108_090547.jpg,3,pen1_orb_cam2_20250108_090547.jpg
crop_3178_pen1_tur_cam2_20250126_101234.jpg,3,pen1_tur_cam2_20250126_101234.jpg
crop_3179_pen2_tur_cam1_20250109_070655.jpg,3,pen2_tur_cam1_20250109_070655.jpg
crop_3180_pen2_tur_cam1_20250109_074848.jpg,3,pen2_tur_cam1_20250109_074848.jpg
crop_3181_pen1_tur_cam2_20250220_085529.jpg,3,pen1_tur_cam2_20250220_085529.jpg
crop_3182_pen2_tur_cam1_20250109_075506.jpg,3,pen2_tur_cam1_20250109_075506.jpg
crop_3183_pen2_tur_cam1_20250123_122831.jpg,3,pen2_tur_cam1_20250123_122831.jpg
crop_3184_pen1_tur_cam2_20250220_072523.jpg,3,pen1_tur_cam2_20250220_072523.jpg
crop_3185_pen2_tur_cam1_20250120_113445.jpg,3,pen2_tur_cam1_20250120_113445.jpg
crop_3186_pen1_tur_cam2_20250126_112306.jpg,3,pen1_tur_cam2_20250126_112306.jpg
crop_3187_pen2_orb_cam1_20250108_083906.jpg,3,pen2_orb_cam1_20250108_083906.jpg
crop_3188_pen1_tur_cam2_20250203_102549.jpg,3,pen1_tur_cam2_20250203_102549.jpg
crop_3189_pen2_tur_cam1_20250109_073935.jpg,3,pen2_tur_cam1_20250109_073935.jpg
crop_3190_pen2_orb_cam2_20250217_125359.jpg,3,pen2_orb_cam2_20250217_125359.jpg
crop_3191_pen2_orb_cam1_20250108_085941.jpg,3,pen2_orb_cam1_20250108_085941.jpg
crop_3192_pen2_tur_cam1_20250109_070709.jpg,3,pen2_tur_cam1_20250109_070709.jpg
crop_3193_pen2_tur_cam1_20250209_111024.jpg,3,pen2_tur_cam1_20250209_111024.jpg
crop_3194_pen2_tur_cam1_20250209_084154.jpg,3,pen2_tur_cam1_20250209_084154.jpg
crop_3195_pen1_tur_cam2_20250203_110051.jpg,3,pen1_tur_cam2_20250203_110051.jpg
crop_3196_pen2_tur_cam1_20250109_071526.jpg,3,pen2_tur_cam1_20250109_071526.jpg
crop_3197_pen2_tur_cam1_20250109_070016.jpg,3,pen2_tur_cam1_20250109_070016.jpg
crop_3198_pen2_tur_cam1_20250109_072336.jpg,3,pen2_tur_cam1_20250109_072336.jpg
crop_3199_pen2_tur_cam1_20250109_070257.jpg,3,pen2_tur_cam1_20250109_070257.jpg
crop_3200_pen1_tur_cam2_20250207_131255.jpg,3,pen1_tur_cam2_20250207_131255.jpg
crop_3201_pen2_tur_cam1_20250209_115208.jpg,3,pen2_tur_cam1_20250209_115208.jpg
crop_3202_pen2_tur_cam1_20250109_073338.jpg,3,pen2_tur_cam1_20250109_073338.jpg
crop_3203_pen2_tur_cam1_20250109_075740.jpg,3,pen2_tur_cam1_20250109_075740.jpg
crop_3204_pen2_orb_cam1_20250108_084933.jpg,3,pen2_orb_cam1_20250108_084933.jpg
crop_3205_pen1_tur_cam2_20250127_144443.jpg,3,pen1_tur_cam2_20250127_144443.jpg
crop_3206_pen1_tur_cam2_20250220_091030.jpg,3,pen1_tur_cam2_20250220_091030.jpg
crop_3207_pen2_tur_cam1_20250109_070613.jpg,3,pen2_tur_cam1_20250109_070613.jpg
crop_3208_pen1_tur_cam2_20250220_071842.jpg,3,pen1_tur_cam2_20250220_071842.jpg
crop_3209_pen1_tur_cam2_20250127_134753.jpg,3,pen1_tur_cam2_20250127_134753.jpg
crop_3210_pen1_orb_cam2_20250108_085849.jpg,3,pen1_orb_cam2_20250108_085849.jpg
crop_3211_pen1_tur_cam2_20250125_114703.jpg,3,pen1_tur_cam2_20250125_114703.jpg
crop_3212_pen2_tur_cam1_20250109_080721.jpg,3,pen2_tur_cam1_20250109_080721.jpg
crop_3213_pen2_tur_cam1_20250209_105203.jpg,3,pen2_tur_cam1_20250209_105203.jpg
crop_3214_pen2_tur_cam1_20250120_071248.jpg,3,pen2_tur_cam1_20250120_071248.jpg
crop_3215_pen2_tur_cam1_20250109_071739.jpg,3,pen2_tur_cam1_20250109_071739.jpg
crop_3216_pen1_tur_cam2_20250220_094532.jpg,3,pen1_tur_cam2_20250220_094532.jpg
crop_3217_pen2_tur_cam1_20250109_070353.jpg,3,pen2_tur_cam1_20250109_070353.jpg
crop_3218_pen1_tur_cam2_20250201_090631.jpg,3,pen1_tur_cam2_20250201_090631.jpg
crop_3219_pen2_tur_cam1_20250209_130534.jpg,3,pen2_tur_cam1_20250209_130534.jpg
crop_3220_pen1_tur_cam2_20250122_143603.jpg,3,pen1_tur_cam2_20250122_143603.jpg
crop_3221_pen2_orb_cam1_20250108_083644.jpg,3,pen2_orb_cam1_20250108_083644.jpg
crop_3222_pen2_tur_cam1_20250109_070758.jpg,3,pen2_tur_cam1_20250109_070758.jpg
crop_3223_pen2_tur_cam1_20250123_141837.jpg,3,pen2_tur_cam1_20250123_141837.jpg
crop_3224_pen2_tur_cam1_20250209_083654.jpg,3,pen2_tur_cam1_20250209_083654.jpg
crop_3225_pen2_orb_cam1_20250108_081104.jpg,3,pen2_orb_cam1_20250108_081104.jpg
crop_3226_pen2_tur_cam1_20250109_073455.jpg,3,pen2_tur_cam1_20250109_073455.jpg
crop_3227_pen2_orb_cam1_20250108_083013.jpg,3,pen2_orb_cam1_20250108_083013.jpg
crop_3228_pen1_tur_cam2_20250125_104837.jpg,3,pen1_tur_cam2_20250125_104837.jpg
crop_3229_pen2_tur_cam1_20250109_080557.jpg,3,pen2_tur_cam1_20250109_080557.jpg
crop_3230_pen1_tur_cam2_20250125_091332.jpg,3,pen1_tur_cam2_20250125_091332.jpg
crop_3231_pen2_tur_cam1_20250109_070922.jpg,3,pen2_tur_cam1_20250109_070922.jpg
crop_3232_pen2_tur_cam1_20250209_121710.jpg,3,pen2_tur_cam1_20250209_121710.jpg
crop_3233_pen2_tur_cam1_20250120_081932.jpg,3,pen2_tur_cam1_20250120_081932.jpg
crop_3234_pen1_tur_cam2_20250122_112431.jpg,3,pen1_tur_cam2_20250122_112431.jpg
crop_3235_pen2_tur_cam1_20250209_115528.jpg,3,pen2_tur_cam1_20250209_115528.jpg
crop_3236_pen1_tur_cam2_20250220_072343.jpg,3,pen1_tur_cam2_20250220_072343.jpg
crop_3237_pen1_orb_cam2_20250108_133045.jpg,3,pen1_orb_cam2_20250108_133045.jpg
crop_3238_pen2_tur_cam1_20250109_074127.jpg,3,pen2_tur_cam1_20250109_074127.jpg
crop_3239_pen2_tur_cam1_20250109_071821.jpg,3,pen2_tur_cam1_20250109_071821.jpg
crop_3240_pen1_tur_cam2_20250220_094032.jpg,3,pen1_tur_cam2_20250220_094032.jpg
crop_3241_pen1_tur_cam2_20250127_105003.jpg,3,pen1_tur_cam2_20250127_105003.jpg
crop_3242_pen1_tur_cam2_20250220_091350.jpg,3,pen1_tur_cam2_20250220_091350.jpg
crop_3243_pen2_orb_cam1_20250108_084014.jpg,3,pen2_orb_cam1_20250108_084014.jpg
crop_3244_pen1_orb_cam2_20250108_134250.jpg,3,pen1_orb_cam2_20250108_134250.jpg
crop_3245_pen2_tur_cam1_20250109_071032.jpg,3,pen2_tur_cam1_20250109_071032.jpg
crop_3246_pen2_tur_cam1_20250109_070709.jpg,3,pen2_tur_cam1_20250109_070709.jpg
crop_3247_pen2_tur_cam1_20250109_072549.jpg,3,pen2_tur_cam1_20250109_072549.jpg
crop_3248_pen2_tur_cam1_20250124_085635.jpg,3,pen2_tur_cam1_20250124_085635.jpg
crop_3249_pen2_orb_cam1_20250108_082746.jpg,3,pen2_orb_cam1_20250108_082746.jpg
crop_3250_pen2_orb_cam1_20250108_084800.jpg,3,pen2_orb_cam1_20250108_084800.jpg
crop_3251_pen2_tur_cam1_20250109_080557.jpg,3,pen2_tur_cam1_20250109_080557.jpg
crop_3252_pen1_tur_cam2_20250127_104503.jpg,3,pen1_tur_cam2_20250127_104503.jpg
crop_3253_pen2_tur_cam1_20250120_082752.jpg,3,pen2_tur_cam1_20250120_082752.jpg
crop_3254_pen1_tur_cam2_20250220_070841.jpg,3,pen1_tur_cam2_20250220_070841.jpg
crop_3255_pen1_orb_cam2_20250108_085617.jpg,3,pen1_orb_cam2_20250108_085617.jpg
crop_3256_pen2_orb_cam1_20250108_083416.jpg,3,pen2_orb_cam1_20250108_083416.jpg
crop_3257_pen2_orb_cam1_20250108_084009.jpg,3,pen2_orb_cam1_20250108_084009.jpg
crop_3258_pen2_tur_cam1_20250209_084014.jpg,3,pen2_tur_cam1_20250209_084014.jpg
crop_3259_pen2_tur_cam1_20250109_071437.jpg,3,pen2_tur_cam1_20250109_071437.jpg
crop_3260_pen2_tur_cam1_20250109_072240.jpg,3,pen2_tur_cam1_20250109_072240.jpg
crop_3261_pen2_tur_cam1_20250109_075040.jpg,3,pen2_tur_cam1_20250109_075040.jpg
crop_3262_pen1_tur_cam2_20250126_084350.jpg,3,pen1_tur_cam2_20250126_084350.jpg
crop_3263_pen1_tur_cam2_20250203_114414.jpg,3,pen1_tur_cam2_20250203_114414.jpg
crop_3264_pen2_tur_cam1_20250109_070215.jpg,3,pen2_tur_cam1_20250109_070215.jpg
crop_3265_pen2_tur_cam1_20250109_075513.jpg,3,pen2_tur_cam1_20250109_075513.jpg
crop_3266_pen1_tur_cam2_20250125_100154.jpg,3,pen1_tur_cam2_20250125_100154.jpg
crop_3267_pen1_tur_cam2_20250220_071341.jpg,3,pen1_tur_cam2_20250220_071341.jpg
crop_3268_pen1_orb_cam1_20250108_085813.jpg,3,pen1_orb_cam1_20250108_085813.jpg
crop_3269_pen2_tur_cam1_20250209_150223.jpg,3,pen2_tur_cam1_20250209_150223.jpg
crop_3270_pen1_tur_cam2_20250201_134443.jpg,3,pen1_tur_cam2_20250201_134443.jpg
crop_3271_pen1_tur_cam2_20250201_090951.jpg,3,pen1_tur_cam2_20250201_090951.jpg
crop_3272_pen2_tur_cam1_20250120_145217.jpg,3,pen2_tur_cam1_20250120_145217.jpg
crop_3273_pen2_tur_cam1_20250109_080323.jpg,3,pen2_tur_cam1_20250109_080323.jpg
crop_3274_pen1_tur_cam2_20250220_102355.jpg,3,pen1_tur_cam2_20250220_102355.jpg
crop_3275_pen2_tur_cam1_20250109_072542.jpg,3,pen2_tur_cam1_20250109_072542.jpg
crop_3276_pen2_tur_cam1_20250120_130341.jpg,3,pen2_tur_cam1_20250120_130341.jpg
crop_3277_pen2_tur_cam1_20250209_101201.jpg,3,pen2_tur_cam1_20250209_101201.jpg
crop_3278_pen2_tur_cam1_20250209_120529.jpg,3,pen2_tur_cam1_20250209_120529.jpg
crop_3279_pen1_tur_cam2_20250220_081846.jpg,3,pen1_tur_cam2_20250220_081846.jpg
crop_3280_pen2_tur_cam1_20250209_124031.jpg,3,pen2_tur_cam1_20250209_124031.jpg
crop_3281_pen1_tur_cam2_20250125_134555.jpg,3,pen1_tur_cam2_20250125_134555.jpg
crop_3282_pen2_tur_cam1_20250120_112944.jpg,3,pen2_tur_cam1_20250120_112944.jpg
crop_3283_pen1_orb_cam2_20250108_085219.jpg,3,pen1_orb_cam2_20250108_085219.jpg
crop_3284_pen2_tur_cam1_20250109_073125.jpg,3,pen2_tur_cam1_20250109_073125.jpg
crop_3285_pen2_tur_cam1_20250109_071313.jpg,3,pen2_tur_cam1_20250109_071313.jpg
crop_3286_pen2_tur_cam1_20250120_133203.jpg,3,pen2_tur_cam1_20250120_133203.jpg
crop_3287_pen2_tur_cam1_20250109_070936.jpg,3,pen2_tur_cam1_20250109_070936.jpg
crop_3288_pen2_tur_cam1_20250109_075101.jpg,3,pen2_tur_cam1_20250109_075101.jpg
crop_3289_pen2_tur_cam1_20250109_075314.jpg,3,pen2_tur_cam1_20250109_075314.jpg
crop_3290_pen2_tur_cam1_20250109_071451.jpg,3,pen2_tur_cam1_20250109_071451.jpg
crop_3291_pen2_tur_cam1_20250109_072603.jpg,3,pen2_tur_cam1_20250109_072603.jpg
crop_3292_pen1_tur_cam2_20250201_091141.jpg,3,pen1_tur_cam2_20250201_091141.jpg
crop_3293_pen2_orb_cam1_20250108_083855.jpg,3,pen2_orb_cam1_20250108_083855.jpg
crop_3294_pen1_tur_cam2_20250220_110858.jpg,3,pen1_tur_cam2_20250220_110858.jpg
crop_3295_pen2_tur_cam1_20250123_121511.jpg,3,pen2_tur_cam1_20250123_121511.jpg
crop_3296_pen2_tur_cam1_20250124_092957.jpg,3,pen2_tur_cam1_20250124_092957.jpg
crop_3297_pen2_tur_cam1_20250120_145217.jpg,3,pen2_tur_cam1_20250120_145217.jpg
crop_3298_pen2_tur_cam1_20250109_070641.jpg,3,pen2_tur_cam1_20250109_070641.jpg
crop_3299_pen1_tur_cam2_20250125_073028.jpg,3,pen1_tur_cam2_20250125_073028.jpg
crop_3300_pen2_tur_cam1_20250109_072507.jpg,3,pen2_tur_cam1_20250109_072507.jpg
crop_3301_pen2_tur_cam2_20250120_073429.jpg,3,pen2_tur_cam2_20250120_073429.jpg
crop_3302_pen1_tur_cam2_20250125_115214.jpg,3,pen1_tur_cam2_20250125_115214.jpg
crop_3303_pen1_orb_cam2_20250108_090537.jpg,3,pen1_orb_cam2_20250108_090537.jpg
crop_3304_pen1_tur_cam2_20250126_072845.jpg,3,pen1_tur_cam2_20250126_072845.jpg
crop_3305_pen2_tur_cam1_20250120_130159.jpg,3,pen2_tur_cam1_20250120_130159.jpg
crop_3306_pen2_tur_cam1_20250109_074759.jpg,3,pen2_tur_cam1_20250109_074759.jpg
crop_3307_pen1_tur_cam2_20250122_122053.jpg,3,pen1_tur_cam2_20250122_122053.jpg
crop_3308_pen2_tur_cam1_20250109_071252.jpg,3,pen2_tur_cam1_20250109_071252.jpg
crop_3309_pen2_tur_cam1_20250109_071952.jpg,3,pen2_tur_cam1_20250109_071952.jpg
crop_3310_pen2_tur_cam1_20250123_143918.jpg,3,pen2_tur_cam1_20250123_143918.jpg
crop_3311_pen2_tur_cam1_20250109_070730.jpg,3,pen2_tur_cam1_20250109_070730.jpg
crop_3312_pen1_tur_cam2_20250220_081026.jpg,3,pen1_tur_cam2_20250220_081026.jpg
crop_3313_pen2_orb_cam1_20250108_082647.jpg,3,pen2_orb_cam1_20250108_082647.jpg
crop_3314_pen2_orb_cam1_20250108_084358.jpg,3,pen2_orb_cam1_20250108_084358.jpg
crop_3315_pen2_tur_cam1_20250109_080419.jpg,3,pen2_tur_cam1_20250109_080419.jpg
crop_3316_pen2_tur_cam1_20250209_144544.jpg,3,pen2_tur_cam1_20250209_144544.jpg
crop_3317_pen2_tur_cam1_20250109_071725.jpg,3,pen2_tur_cam1_20250109_071725.jpg
crop_3318_pen2_tur_cam1_20250109_072336.jpg,3,pen2_tur_cam1_20250109_072336.jpg
crop_3319_pen2_tur_cam1_20250109_073324.jpg,3,pen2_tur_cam1_20250109_073324.jpg
crop_3320_pen2_orb_cam1_20250108_081134.jpg,3,pen2_orb_cam1_20250108_081134.jpg
crop_3321_pen2_tur_cam1_20250124_091456.jpg,3,pen2_tur_cam1_20250124_091456.jpg
crop_3322_pen2_orb_cam1_20250108_084754.jpg,3,pen2_orb_cam1_20250108_084754.jpg
crop_3323_pen1_tur_cam2_20250220_084528.jpg,3,pen1_tur_cam2_20250220_084528.jpg
crop_3324_pen1_tur_cam2_20250207_142801.jpg,3,pen1_tur_cam2_20250207_142801.jpg
crop_3325_pen2_tur_cam1_20250109_070957.jpg,3,pen2_tur_cam1_20250109_070957.jpg
crop_3326_pen2_tur_cam1_20250109_070400.jpg,3,pen2_tur_cam1_20250109_070400.jpg
crop_3327_pen2_tur_cam1_20250109_075946.jpg,3,pen2_tur_cam1_20250109_075946.jpg
crop_3328_pen1_tur_cam2_20250126_083850.jpg,3,pen1_tur_cam2_20250126_083850.jpg
crop_3329_pen1_orb_cam2_20250108_085702.jpg,3,pen1_orb_cam2_20250108_085702.jpg
crop_3330_pen2_tur_cam1_20250209_111525.jpg,3,pen2_tur_cam1_20250209_111525.jpg
crop_3331_pen1_tur_cam2_20250203_115414.jpg,3,pen1_tur_cam2_20250203_115414.jpg
crop_3332_pen1_orb_cam2_20250108_134250.jpg,3,pen1_orb_cam2_20250108_134250.jpg
crop_3333_pen2_orb_cam2_20250217_125800.jpg,3,pen2_orb_cam2_20250217_125800.jpg
crop_3334_pen2_tur_cam1_20250109_072652.jpg,3,pen2_tur_cam1_20250109_072652.jpg
crop_3335_pen1_tur_cam2_20250220_074344.jpg,3,pen1_tur_cam2_20250220_074344.jpg
crop_3336_pen2_tur_cam1_20250109_072343.jpg,3,pen2_tur_cam1_20250109_072343.jpg
crop_3337_pen2_orb_cam1_20250108_085219.jpg,3,pen2_orb_cam1_20250108_085219.jpg
crop_3338_pen1_tur_cam2_20250203_112413.jpg,3,pen1_tur_cam2_20250203_112413.jpg
crop_3339_pen2_tur_cam1_20250120_091936.jpg,3,pen2_tur_cam1_20250120_091936.jpg
crop_3340_pen2_tur_cam1_20250109_070400.jpg,3,pen2_tur_cam1_20250109_070400.jpg
crop_3341_pen2_tur_cam1_20250109_072507.jpg,3,pen2_tur_cam1_20250109_072507.jpg
crop_3342_pen1_tur_cam2_20250122_094940.jpg,3,pen1_tur_cam2_20250122_094940.jpg
crop_3343_pen1_tur_cam1_20250203_094548.jpg,3,pen1_tur_cam1_20250203_094548.jpg
crop_3344_pen2_tur_cam1_20250109_072912.jpg,3,pen2_tur_cam1_20250109_072912.jpg
crop_3345_pen1_tur_cam2_20250125_122824.jpg,3,pen1_tur_cam2_20250125_122824.jpg
crop_3346_pen2_orb_cam1_20250108_082824.jpg,3,pen2_orb_cam1_20250108_082824.jpg
crop_3347_pen1_tur_cam2_20250127_134753.jpg,3,pen1_tur_cam2_20250127_134753.jpg
crop_3348_pen2_tur_cam1_20250123_135437.jpg,3,pen2_tur_cam1_20250123_135437.jpg
crop_3349_pen1_tur_cam2_20250220_110538.jpg,3,pen1_tur_cam2_20250220_110538.jpg
crop_3350_pen2_tur_cam1_20250109_072034.jpg,3,pen2_tur_cam1_20250109_072034.jpg
crop_3351_pen2_tur_cam1_20250120_135705.jpg,3,pen2_tur_cam1_20250120_135705.jpg
crop_3352_pen2_tur_cam1_20250120_112944.jpg,3,pen2_tur_cam1_20250120_112944.jpg
crop_3353_pen1_tur_cam2_20250220_110358.jpg,3,pen1_tur_cam2_20250220_110358.jpg
crop_3354_pen1_tur_cam2_20250201_092201.jpg,3,pen1_tur_cam2_20250201_092201.jpg
crop_3355_pen2_tur_cam1_20250109_075232.jpg,3,pen2_tur_cam1_20250109_075232.jpg
crop_3356_pen1_tur_cam2_20250220_070021.jpg,3,pen1_tur_cam2_20250220_070021.jpg
crop_3357_pen1_tur_cam2_20250127_135813.jpg,3,pen1_tur_cam2_20250127_135813.jpg
crop_3358_pen1_orb_cam2_20250108_085642.jpg,3,pen1_orb_cam2_20250108_085642.jpg
crop_3359_pen1_tur_cam2_20250220_100033.jpg,3,pen1_tur_cam2_20250220_100033.jpg
crop_3360_pen1_tur_cam2_20250203_114914.jpg,3,pen1_tur_cam2_20250203_114914.jpg
crop_3361_pen1_tur_cam2_20250122_123554.jpg,3,pen1_tur_cam2_20250122_123554.jpg
crop_3362_pen2_tur_cam1_20250109_075857.jpg,3,pen2_tur_cam1_20250109_075857.jpg
crop_3363_pen1_tur_cam2_20250203_103909.jpg,3,pen1_tur_cam2_20250203_103909.jpg
crop_3364_pen2_orb_cam1_20250108_083018.jpg,3,pen2_orb_cam1_20250108_083018.jpg
crop_3365_pen1_tur_cam2_20250220_072523.jpg,3,pen1_tur_cam2_20250220_072523.jpg
crop_3366_pen1_tur_cam2_20250125_062637.jpg,3,pen1_tur_cam2_20250125_062637.jpg
crop_3367_pen2_tur_cam1_20250109_070133.jpg,3,pen2_tur_cam1_20250109_070133.jpg
crop_3368_pen1_tur_cam2_20250203_120415.jpg,3,pen1_tur_cam2_20250203_120415.jpg
crop_3369_pen2_tur_cam1_20250109_074937.jpg,3,pen2_tur_cam1_20250109_074937.jpg
crop_3370_pen2_tur_cam1_20250109_071828.jpg,3,pen2_tur_cam1_20250109_071828.jpg
crop_3371_pen1_tur_cam2_20250201_085611.jpg,3,pen1_tur_cam2_20250201_085611.jpg
crop_3372_pen1_tur_cam2_20250126_103635.jpg,3,pen1_tur_cam2_20250126_103635.jpg
crop_3373_pen2_tur_cam1_20250109_070510.jpg,3,pen2_tur_cam1_20250109_070510.jpg
crop_3374_pen1_tur_cam2_20250127_144803.jpg,3,pen1_tur_cam2_20250127_144803.jpg
crop_3375_pen1_tur_cam2_20250122_141422.jpg,3,pen1_tur_cam2_20250122_141422.jpg
crop_3376_pen2_orb_cam1_20250108_082401.jpg,3,pen2_orb_cam1_20250108_082401.jpg
crop_3377_pen2_orb_cam1_20250108_080345.jpg,3,pen2_orb_cam1_20250108_080345.jpg
crop_3378_pen2_orb_cam1_20250108_080745.jpg,3,pen2_orb_cam1_20250108_080745.jpg
crop_3379_pen2_tur_cam1_20250209_083654.jpg,3,pen2_tur_cam1_20250209_083654.jpg
crop_3380_pen1_tur_cam2_20250203_110051.jpg,3,pen1_tur_cam2_20250203_110051.jpg
crop_3381_pen2_tur_cam1_20250109_070552.jpg,3,pen2_tur_cam1_20250109_070552.jpg
crop_3382_pen1_tur_cam2_20250201_085931.jpg,3,pen1_tur_cam2_20250201_085931.jpg
crop_3383_pen1_tur_cam2_20250126_122908.jpg,3,pen1_tur_cam2_20250126_122908.jpg
crop_3384_pen2_orb_cam1_20250108_083018.jpg,3,pen2_orb_cam1_20250108_083018.jpg
crop_3385_pen2_tur_cam1_20250209_134717.jpg,3,pen2_tur_cam1_20250209_134717.jpg
crop_3386_pen2_tur_cam1_20250109_070908.jpg,3,pen2_tur_cam1_20250109_070908.jpg
crop_3387_pen2_tur_cam1_20250109_072041.jpg,3,pen2_tur_cam1_20250109_072041.jpg
crop_3388_pen2_orb_cam1_20250108_080545.jpg,3,pen2_orb_cam1_20250108_080545.jpg
crop_3389_pen2_orb_cam1_20250108_084245.jpg,3,pen2_orb_cam1_20250108_084245.jpg
crop_3390_pen1_tur_cam2_20250207_131754.jpg,3,pen1_tur_cam2_20250207_131754.jpg
crop_3391_pen1_orb_cam2_20250108_134532.jpg,3,pen1_orb_cam2_20250108_134532.jpg
crop_3392_pen1_tur_cam2_20250125_122314.jpg,3,pen1_tur_cam2_20250125_122314.jpg
crop_3393_pen2_tur_cam1_20250109_070339.jpg,3,pen2_tur_cam1_20250109_070339.jpg
crop_3394_pen1_tur_cam2_20250125_065738.jpg,3,pen1_tur_cam2_20250125_065738.jpg
crop_3395_pen2_tur_cam1_20250123_145958.jpg,3,pen2_tur_cam1_20250123_145958.jpg
crop_3396_pen2_orb_cam1_20250108_082714.jpg,3,pen2_orb_cam1_20250108_082714.jpg
crop_3397_pen1_tur_cam2_20250220_110358.jpg,3,pen1_tur_cam2_20250220_110358.jpg
crop_3398_pen1_tur_cam2_20250127_133732.jpg,3,pen1_tur_cam2_20250127_133732.jpg
crop_3399_pen1_tur_cam2_20250203_100548.jpg,3,pen1_tur_cam2_20250203_100548.jpg
crop_3400_pen2_tur_cam1_20250109_071615.jpg,3,pen2_tur_cam1_20250109_071615.jpg
crop_3401_pen2_tur_cam1_20250109_073434.jpg,3,pen2_tur_cam1_20250109_073434.jpg
crop_3402_pen1_tur_cam2_20250127_132712.jpg,3,pen1_tur_cam2_20250127_132712.jpg
crop_3403_pen2_tur_cam1_20250109_070414.jpg,3,pen2_tur_cam1_20250109_070414.jpg
crop_3404_pen1_orb_cam2_20250108_085824.jpg,3,pen1_orb_cam2_20250108_085824.jpg
crop_3405_pen2_tur_cam1_20250209_113708.jpg,3,pen2_tur_cam1_20250209_113708.jpg
crop_3406_pen2_orb_cam1_20250108_090153.jpg,3,pen2_orb_cam1_20250108_090153.jpg
crop_3407_pen1_tur_cam2_20250220_104356.jpg,3,pen1_tur_cam2_20250220_104356.jpg
crop_3408_pen2_tur_cam1_20250120_074429.jpg,3,pen2_tur_cam1_20250120_074429.jpg
crop_3409_pen2_orb_cam1_20250108_083633.jpg,3,pen2_orb_cam1_20250108_083633.jpg
crop_3410_pen2_tur_cam1_20250109_070655.jpg,3,pen2_tur_cam1_20250109_070655.jpg
crop_3411_pen2_tur_cam1_20250120_072428.jpg,3,pen2_tur_cam1_20250120_072428.jpg
crop_3412_pen2_tur_cam1_20250109_080110.jpg,3,pen2_tur_cam1_20250109_080110.jpg
crop_3413_pen2_tur_cam1_20250120_124659.jpg,3,pen2_tur_cam1_20250120_124659.jpg
crop_3414_pen2_tur_cam1_20250120_114946.jpg,3,pen2_tur_cam1_20250120_114946.jpg
crop_3415_pen1_orb_cam2_20250108_091259.jpg,3,pen1_orb_cam2_20250108_091259.jpg
crop_3416_pen2_tur_cam1_20250109_071320.jpg,3,pen2_tur_cam1_20250109_071320.jpg
crop_3417_pen2_tur_cam1_20250109_070915.jpg,3,pen2_tur_cam1_20250109_070915.jpg
crop_3418_pen1_tur_cam2_20250125_124904.jpg,3,pen1_tur_cam2_20250125_124904.jpg
crop_3419_pen1_tur_cam2_20250220_075344.jpg,3,pen1_tur_cam2_20250220_075344.jpg
crop_3420_pen1_tur_cam2_20250126_102615.jpg,3,pen1_tur_cam2_20250126_102615.jpg
crop_3421_pen2_tur_cam1_20250109_075754.jpg,3,pen2_tur_cam1_20250109_075754.jpg
crop_3422_pen2_tur_cam1_20250209_073009.jpg,3,pen2_tur_cam1_20250209_073009.jpg
crop_3423_pen2_tur_cam1_20250109_071032.jpg,3,pen2_tur_cam1_20250109_071032.jpg
crop_3424_pen2_tur_cam1_20250109_070311.jpg,3,pen2_tur_cam1_20250109_070311.jpg
crop_3425_pen1_tur_cam2_20250207_140759.jpg,3,pen1_tur_cam2_20250207_140759.jpg
crop_3426_pen1_tur_cam2_20250203_101048.jpg,3,pen1_tur_cam2_20250203_101048.jpg
crop_3427_pen2_tur_cam1_20250109_075911.jpg,3,pen2_tur_cam1_20250109_075911.jpg
crop_3428_pen1_orb_cam2_20250108_085944.jpg,3,pen1_orb_cam2_20250108_085944.jpg
crop_3429_pen1_tur_cam2_20250203_112413.jpg,3,pen1_tur_cam2_20250203_112413.jpg
crop_3430_pen1_tur_cam2_20250122_144104.jpg,3,pen1_tur_cam2_20250122_144104.jpg
crop_3431_pen1_tur_cam2_20250203_104050.jpg,3,pen1_tur_cam2_20250203_104050.jpg
crop_3432_pen1_tur_cam2_20250220_085849.jpg,3,pen1_tur_cam2_20250220_085849.jpg
crop_3433_pen2_tur_cam1_20250109_074532.jpg,3,pen2_tur_cam1_20250109_074532.jpg
crop_3434_pen1_tur_cam2_20250201_143016.jpg,3,pen1_tur_cam2_20250201_143016.jpg
crop_3435_pen2_tur_cam1_20250109_074958.jpg,3,pen2_tur_cam1_20250109_074958.jpg
crop_3436_pen1_tur_cam2_20250122_112941.jpg,3,pen1_tur_cam2_20250122_112941.jpg
crop_3437_pen2_tur_cam1_20250109_071814.jpg,3,pen2_tur_cam1_20250109_071814.jpg
crop_3438_pen2_tur_cam1_20250109_071334.jpg,3,pen2_tur_cam1_20250109_071334.jpg
crop_3439_pen2_tur_cam1_20250120_073429.jpg,3,pen2_tur_cam1_20250120_073429.jpg
crop_3440_pen1_tur_cam2_20250122_121913.jpg,3,pen1_tur_cam2_20250122_121913.jpg
crop_3441_pen1_tur_cam2_20250122_123915.jpg,3,pen1_tur_cam2_20250122_123915.jpg
crop_3442_pen2_tur_cam1_20250109_071650.jpg,3,pen2_tur_cam1_20250109_071650.jpg
crop_3443_pen2_orb_cam1_20250108_080505.jpg,3,pen2_orb_cam1_20250108_080505.jpg
crop_3444_pen1_tur_cam2_20250125_122504.jpg,3,pen1_tur_cam2_20250125_122504.jpg
crop_3445_pen2_tur_cam1_20250120_100759.jpg,3,pen2_tur_cam1_20250120_100759.jpg
crop_3446_pen1_tur_cam2_20250220_090530.jpg,3,pen1_tur_cam2_20250220_090530.jpg
crop_3447_pen1_orb_cam1_20250108_090208.jpg,3,pen1_orb_cam1_20250108_090208.jpg
crop_3448_pen2_tur_cam1_20250209_135718.jpg,3,pen2_tur_cam1_20250209_135718.jpg
crop_3449_pen2_tur_cam1_20250120_134343.jpg,3,pen2_tur_cam1_20250120_134343.jpg
crop_3450_pen2_tur_cam1_20250120_114806.jpg,3,pen2_tur_cam1_20250120_114806.jpg
crop_3451_pen2_tur_cam1_20250109_070311.jpg,3,pen2_tur_cam1_20250109_070311.jpg
crop_3452_pen2_tur_cam2_20250120_081752.jpg,3,pen2_tur_cam2_20250120_081752.jpg
crop_3453_pen1_tur_cam2_20250207_134438.jpg,3,pen1_tur_cam2_20250207_134438.jpg
crop_3454_pen2_orb_cam1_20250108_082142.jpg,3,pen2_orb_cam1_20250108_082142.jpg
crop_3455_pen1_tur_cam2_20250125_120423.jpg,3,pen1_tur_cam2_20250125_120423.jpg
crop_3456_pen2_tur_cam1_20250109_072006.jpg,3,pen2_tur_cam1_20250109_072006.jpg
crop_3457_pen1_orb_cam2_20250108_085839.jpg,3,pen1_orb_cam2_20250108_085839.jpg
crop_3458_pen1_orb_cam2_20250108_090401.jpg,3,pen1_orb_cam2_20250108_090401.jpg
crop_3459_pen2_tur_cam1_20250209_135218.jpg,3,pen2_tur_cam1_20250209_135218.jpg
crop_3460_pen1_tur_cam2_20250207_133937.jpg,3,pen1_tur_cam2_20250207_133937.jpg
crop_3461_pen2_tur_cam1_20250120_081252.jpg,3,pen2_tur_cam1_20250120_081252.jpg
crop_3462_pen2_orb_cam1_20250108_081054.jpg,3,pen2_orb_cam1_20250108_081054.jpg
crop_3463_pen1_tur_cam2_20250207_134938.jpg,3,pen1_tur_cam2_20250207_134938.jpg
crop_3464_pen1_tur_cam2_20250201_143016.jpg,3,pen1_tur_cam2_20250201_143016.jpg
crop_3465_pen2_tur_cam1_20250109_071121.jpg,3,pen2_tur_cam1_20250109_071121.jpg
crop_3466_pen1_tur_cam2_20250122_122414.jpg,3,pen1_tur_cam2_20250122_122414.jpg
crop_3467_pen2_tur_cam1_20250109_075246.jpg,3,pen2_tur_cam1_20250109_075246.jpg
crop_3468_pen1_tur_cam2_20250127_110504.jpg,3,pen1_tur_cam2_20250127_110504.jpg
crop_3469_pen2_tur_cam1_20250109_070620.jpg,3,pen2_tur_cam1_20250109_070620.jpg
crop_3470_pen1_tur_cam2_20250203_094047.jpg,3,pen1_tur_cam2_20250203_094047.jpg
crop_3471_pen2_orb_cam1_20250108_081129.jpg,3,pen2_orb_cam1_20250108_081129.jpg
crop_3472_pen1_tur_cam2_20250127_145314.jpg,3,pen1_tur_cam2_20250127_145314.jpg
crop_3473_pen2_tur_cam1_20250109_074141.jpg,3,pen2_tur_cam1_20250109_074141.jpg
crop_3474_pen2_tur_cam1_20250109_074312.jpg,3,pen2_tur_cam1_20250109_074312.jpg
crop_3475_pen1_orb_cam2_20250108_090602.jpg,3,pen1_orb_cam2_20250108_090602.jpg
crop_3476_pen1_orb_cam2_20250108_131933.jpg,3,pen1_orb_cam2_20250108_131933.jpg
crop_3477_pen1_tur_cam2_20250220_090850.jpg,3,pen1_tur_cam2_20250220_090850.jpg
crop_3478_pen2_orb_cam1_20250108_083455.jpg,3,pen2_orb_cam1_20250108_083455.jpg
crop_3479_pen2_tur_cam1_20250109_075101.jpg,3,pen2_tur_cam1_20250109_075101.jpg
crop_3480_pen2_tur_cam1_20250109_073530.jpg,3,pen2_tur_cam1_20250109_073530.jpg
crop_3481_pen1_tur_cam2_20250125_133025.jpg,3,pen1_tur_cam2_20250125_133025.jpg
crop_3482_pen2_tur_cam1_20250109_071931.jpg,3,pen2_tur_cam1_20250109_071931.jpg
crop_3483_pen2_orb_cam1_20250108_080600.jpg,3,pen2_orb_cam1_20250108_080600.jpg
crop_3484_pen2_tur_cam1_20250109_072802.jpg,3,pen2_tur_cam1_20250109_072802.jpg
crop_3485_pen1_tur_cam2_20250203_095407.jpg,3,pen1_tur_cam2_20250203_095407.jpg
crop_3486_pen2_tur_cam1_20250109_072130.jpg,3,pen2_tur_cam1_20250109_072130.jpg
crop_3487_pen2_tur_cam1_20250123_122331.jpg,3,pen2_tur_cam1_20250123_122331.jpg
crop_3488_pen2_tur_cam1_20250109_075012.jpg,3,pen2_tur_cam1_20250109_075012.jpg
crop_3489_pen2_tur_cam1_20250109_070730.jpg,3,pen2_tur_cam1_20250109_070730.jpg
crop_3490_pen1_tur_cam2_20250203_103409.jpg,3,pen1_tur_cam2_20250203_103409.jpg
crop_3491_pen1_orb_cam2_20250108_134443.jpg,3,pen1_orb_cam2_20250108_134443.jpg
crop_3492_pen2_tur_cam1_20250124_091456.jpg,3,pen2_tur_cam1_20250124_091456.jpg
crop_3493_pen1_tur_cam2_20250122_141422.jpg,3,pen1_tur_cam2_20250122_141422.jpg
crop_3494_pen2_tur_cam1_20250109_075946.jpg,3,pen2_tur_cam1_20250109_075946.jpg
crop_3495_pen2_tur_cam1_20250123_113008.jpg,3,pen2_tur_cam1_20250123_113008.jpg
crop_3496_pen1_orb_cam2_20250108_090313.jpg,3,pen1_orb_cam2_20250108_090313.jpg
crop_3497_pen1_orb_cam2_20250108_085617.jpg,3,pen1_orb_cam2_20250108_085617.jpg
crop_3498_pen2_tur_cam1_20250209_112025.jpg,3,pen2_tur_cam1_20250209_112025.jpg
crop_3499_pen2_tur_cam1_20250120_120807.jpg,3,pen2_tur_cam1_20250120_120807.jpg
crop_3500_pen2_tur_cam1_20250209_071008.jpg,3,pen2_tur_cam1_20250209_071008.jpg
crop_3501_pen1_tur_cam2_20250122_110351.jpg,3,pen1_tur_cam2_20250122_110351.jpg
crop_3502_pen1_orb_cam2_20250108_090916.jpg,3,pen1_orb_cam2_20250108_090916.jpg
crop_3503_pen2_tur_cam1_20250109_073146.jpg,3,pen2_tur_cam1_20250109_073146.jpg
crop_3504_pen2_tur_cam1_20250109_072329.jpg,3,pen2_tur_cam1_20250109_072329.jpg
crop_3505_pen2_tur_cam1_20250109_071636.jpg,3,pen2_tur_cam1_20250109_071636.jpg
crop_3506_pen1_orb_cam2_20250108_091513.jpg,3,pen1_orb_cam2_20250108_091513.jpg
crop_3507_pen2_orb_cam1_20250108_083106.jpg,3,pen2_orb_cam1_20250108_083106.jpg
crop_3508_pen1_orb_cam1_20250108_090107.jpg,3,pen1_orb_cam1_20250108_090107.jpg
crop_3509_pen1_tur_cam2_20250220_104356.jpg,3,pen1_tur_cam2_20250220_104356.jpg
crop_3510_pen2_tur_cam1_20250215_095748.jpg,3,pen2_tur_cam1_20250215_095748.jpg
crop_3511_pen1_tur_cam2_20250220_094032.jpg,3,pen1_tur_cam2_20250220_094032.jpg
crop_3512_pen1_tur_cam2_20250126_085531.jpg,3,pen1_tur_cam2_20250126_085531.jpg
crop_3513_pen2_tur_cam1_20250109_071135.jpg,3,pen2_tur_cam1_20250109_071135.jpg
crop_3514_pen1_tur_cam2_20250125_075109.jpg,3,pen1_tur_cam2_20250125_075109.jpg
crop_3515_pen1_tur_cam2_20250220_084528.jpg,3,pen1_tur_cam2_20250220_084528.jpg
crop_3516_pen2_orb_cam1_20250108_080924.jpg,3,pen2_orb_cam1_20250108_080924.jpg
crop_3517_pen1_tur_cam2_20250126_074346.jpg,3,pen1_tur_cam2_20250126_074346.jpg
crop_3518_pen2_orb_cam1_20250108_081114.jpg,3,pen2_orb_cam1_20250108_081114.jpg
crop_3519_pen1_tur_cam2_20250125_124354.jpg,3,pen1_tur_cam2_20250125_124354.jpg
crop_3520_pen2_tur_cam1_20250109_074525.jpg,3,pen2_tur_cam1_20250109_074525.jpg
crop_3521_pen1_tur_cam2_20250125_080129.jpg,3,pen1_tur_cam2_20250125_080129.jpg
crop_3522_pen2_tur_cam1_20250209_093658.jpg,3,pen2_tur_cam1_20250209_093658.jpg
crop_3523_pen2_orb_cam1_20250108_084358.jpg,3,pen2_orb_cam1_20250108_084358.jpg
crop_3524_pen2_orb_cam1_20250108_085057.jpg,3,pen2_orb_cam1_20250108_085057.jpg
crop_3525_pen1_tur_cam2_20250203_112052.jpg,3,pen1_tur_cam2_20250203_112052.jpg
crop_3526_pen1_tur_cam1_20250203_093907.jpg,3,pen1_tur_cam1_20250203_093907.jpg
crop_3527_pen2_orb_cam1_20250108_082340.jpg,3,pen2_orb_cam1_20250108_082340.jpg
crop_3528_pen1_tur_cam2_20250127_120829.jpg,3,pen1_tur_cam2_20250127_120829.jpg
crop_3529_pen2_tur_cam1_20250109_072144.jpg,3,pen2_tur_cam1_20250109_072144.jpg
crop_3530_pen2_tur_cam1_20250109_071210.jpg,3,pen2_tur_cam1_20250109_071210.jpg
crop_3531_pen2_tur_cam1_20250209_112025.jpg,3,pen2_tur_cam1_20250209_112025.jpg
crop_3532_pen2_orb_cam1_20250108_083106.jpg,3,pen2_orb_cam1_20250108_083106.jpg
crop_3533_pen2_tur_cam1_20250209_132035.jpg,3,pen2_tur_cam1_20250209_132035.jpg
crop_3534_pen2_tur_cam1_20250209_104703.jpg,3,pen2_tur_cam1_20250209_104703.jpg
crop_3535_pen2_tur_cam1_20250209_124031.jpg,3,pen2_tur_cam1_20250209_124031.jpg
crop_3536_pen2_tur_cam1_20250120_090755.jpg,3,pen2_tur_cam1_20250120_090755.jpg
crop_3537_pen2_tur_cam1_20250109_070929.jpg,3,pen2_tur_cam1_20250109_070929.jpg
crop_3538_pen1_tur_cam2_20250220_073523.jpg,3,pen1_tur_cam2_20250220_073523.jpg
crop_3539_pen2_orb_cam1_20250108_083438.jpg,3,pen2_orb_cam1_20250108_083438.jpg
crop_3540_pen1_tur_cam2_20250220_072343.jpg,3,pen1_tur_cam2_20250220_072343.jpg
crop_3541_pen2_tur_cam1_20250109_073551.jpg,3,pen2_tur_cam1_20250109_073551.jpg
crop_3542_pen1_orb_cam2_20250108_090421.jpg,3,pen1_orb_cam2_20250108_090421.jpg
crop_3543_pen2_orb_cam1_20250108_083312.jpg,3,pen2_orb_cam1_20250108_083312.jpg
crop_3544_pen1_tur_cam2_20250201_142656.jpg,3,pen1_tur_cam2_20250201_142656.jpg
crop_3545_pen1_tur_cam2_20250125_105157.jpg,3,pen1_tur_cam2_20250125_105157.jpg
crop_3546_pen2_tur_cam1_20250109_071725.jpg,3,pen2_tur_cam1_20250109_071725.jpg
crop_3547_pen2_orb_cam1_20250108_083644.jpg,3,pen2_orb_cam1_20250108_083644.jpg
crop_3548_pen1_tur_cam2_20250127_142913.jpg,3,pen1_tur_cam2_20250127_142913.jpg
crop_3549_pen1_orb_cam1_20250108_085752.jpg,3,pen1_orb_cam1_20250108_085752.jpg
crop_3550_pen2_tur_cam1_20250120_110303.jpg,3,pen2_tur_cam1_20250120_110303.jpg
crop_3551_pen2_orb_cam1_20250108_083639.jpg,3,pen2_orb_cam1_20250108_083639.jpg
crop_3552_pen2_tur_cam1_20250109_071629.jpg,3,pen2_tur_cam1_20250109_071629.jpg
crop_3553_pen1_orb_cam2_20250108_085642.jpg,3,pen1_orb_cam2_20250108_085642.jpg
crop_3554_pen1_tur_cam2_20250122_130917.jpg,3,pen1_tur_cam2_20250122_130917.jpg
crop_3555_pen2_tur_cam1_20250109_071903.jpg,3,pen2_tur_cam1_20250109_071903.jpg
crop_3556_pen1_tur_cam2_20250220_074844.jpg,3,pen1_tur_cam2_20250220_074844.jpg
crop_3557_pen2_orb_cam1_20250108_083416.jpg,3,pen2_orb_cam1_20250108_083416.jpg
crop_3558_pen2_tur_cam1_20250120_140707.jpg,3,pen2_tur_cam1_20250120_140707.jpg
crop_3559_pen1_tur_cam2_20250122_091538.jpg,3,pen1_tur_cam2_20250122_091538.jpg
crop_3560_pen1_tur_cam2_20250203_104050.jpg,3,pen1_tur_cam2_20250203_104050.jpg
crop_3561_pen1_tur_cam2_20250126_084350.jpg,3,pen1_tur_cam2_20250126_084350.jpg
crop_3562_pen2_tur_cam1_20250109_074600.jpg,3,pen2_tur_cam1_20250109_074600.jpg
crop_3563_pen2_tur_cam1_20250120_124659.jpg,3,pen2_tur_cam1_20250120_124659.jpg
crop_3564_pen2_tur_cam1_20250109_075712.jpg,3,pen2_tur_cam1_20250109_075712.jpg
crop_3565_pen1_orb_cam2_20250108_132829.jpg,3,pen1_orb_cam2_20250108_132829.jpg
crop_3566_pen2_orb_cam1_20250108_080720.jpg,3,pen2_orb_cam1_20250108_080720.jpg
crop_3567_pen2_tur_cam1_20250109_072542.jpg,3,pen2_tur_cam1_20250109_072542.jpg
crop_3568_pen1_tur_cam2_20250125_120744.jpg,3,pen1_tur_cam2_20250125_120744.jpg
crop_3569_pen2_tur_cam1_20250109_071622.jpg,3,pen2_tur_cam1_20250109_071622.jpg
crop_3570_pen2_tur_cam1_20250120_093757.jpg,3,pen2_tur_cam1_20250120_093757.jpg
crop_3571_pen2_orb_cam1_20250108_083034.jpg,3,pen2_orb_cam1_20250108_083034.jpg
crop_3572_pen1_tur_cam2_20250126_101554.jpg,3,pen1_tur_cam2_20250126_101554.jpg
crop_3573_pen2_tur_cam1_20250120_073249.jpg,3,pen2_tur_cam1_20250120_073249.jpg
crop_3574_pen2_tur_cam1_20250109_070346.jpg,3,pen2_tur_cam1_20250109_070346.jpg
crop_3575_pen2_tur_cam1_20250109_073455.jpg,3,pen2_tur_cam1_20250109_073455.jpg
crop_3576_pen2_tur_cam1_20250120_111304.jpg,3,pen2_tur_cam1_20250120_111304.jpg
crop_3577_pen1_tur_cam2_20250127_103322.jpg,3,pen1_tur_cam2_20250127_103322.jpg
crop_3578_pen1_tur_cam2_20250220_085529.jpg,3,pen1_tur_cam2_20250220_085529.jpg
crop_3579_pen2_orb_cam1_20250108_084720.jpg,3,pen2_orb_cam1_20250108_084720.jpg
crop_3580_pen2_tur_cam1_20250109_070826.jpg,3,pen2_tur_cam1_20250109_070826.jpg
crop_3581_pen2_tur_cam1_20250120_112304.jpg,3,pen2_tur_cam1_20250120_112304.jpg
crop_3582_pen2_tur_cam1_20250109_070435.jpg,3,pen2_tur_cam1_20250109_070435.jpg
crop_3583_pen1_orb_cam2_20250108_131843.jpg,3,pen1_orb_cam2_20250108_131843.jpg
crop_3584_pen1_tur_cam2_20250207_131754.jpg,3,pen1_tur_cam2_20250207_131754.jpg
crop_3585_pen2_tur_cam1_20250109_072432.jpg,3,pen2_tur_cam1_20250109_072432.jpg
crop_3586_pen2_tur_cam1_20250109_071355.jpg,3,pen2_tur_cam1_20250109_071355.jpg
crop_3587_pen2_orb_cam1_20250108_080535.jpg,3,pen2_orb_cam1_20250108_080535.jpg
crop_3588_pen2_tur_cam1_20250109_074415.jpg,3,pen2_tur_cam1_20250109_074415.jpg
crop_3589_pen1_tur_cam2_20250125_073859.jpg,3,pen1_tur_cam2_20250125_073859.jpg
crop_3590_pen2_tur_cam1_20250109_071004.jpg,3,pen2_tur_cam1_20250109_071004.jpg
crop_3591_pen1_orb_cam2_20250108_134256.jpg,3,pen1_orb_cam2_20250108_134256.jpg
crop_3592_pen2_tur_cam1_20250109_070112.jpg,3,pen2_tur_cam1_20250109_070112.jpg
crop_3593_pen2_tur_cam1_20250120_073929.jpg,3,pen2_tur_cam1_20250120_073929.jpg
crop_3594_pen2_orb_cam1_20250108_083527.jpg,3,pen2_orb_cam1_20250108_083527.jpg
crop_3595_pen2_tur_cam1_20250109_071959.jpg,3,pen2_tur_cam1_20250109_071959.jpg
crop_3596_pen2_tur_cam2_20250120_073249.jpg,3,pen2_tur_cam2_20250120_073249.jpg
crop_3597_pen1_tur_cam2_20250220_085529.jpg,3,pen1_tur_cam2_20250220_085529.jpg
crop_3598_pen2_tur_cam1_20250109_070620.jpg,3,pen2_tur_cam1_20250109_070620.jpg
crop_3599_pen1_tur_cam2_20250125_123524.jpg,3,pen1_tur_cam2_20250125_123524.jpg
crop_3600_pen1_tur_cam2_20250127_124041.jpg,3,pen1_tur_cam2_20250127_124041.jpg
crop_3601_pen1_tur_cam2_20250125_073348.jpg,3,pen1_tur_cam2_20250125_073348.jpg
crop_3602_pen2_tur_cam1_20250109_070353.jpg,3,pen2_tur_cam1_20250109_070353.jpg
crop_3603_pen1_tur_cam2_20250127_101321.jpg,3,pen1_tur_cam2_20250127_101321.jpg
crop_3604_pen2_tur_cam1_20250109_073249.jpg,3,pen2_tur_cam1_20250109_073249.jpg
crop_3605_pen1_orb_cam2_20250108_090557.jpg,3,pen1_orb_cam2_20250108_090557.jpg
crop_3606_pen2_tur_cam1_20250109_072144.jpg,3,pen2_tur_cam1_20250109_072144.jpg
crop_3607_pen1_tur_cam2_20250125_121253.jpg,3,pen1_tur_cam2_20250125_121253.jpg
crop_3608_pen1_tur_cam2_20250127_111825.jpg,3,pen1_tur_cam2_20250127_111825.jpg
crop_3609_pen2_tur_cam1_20250109_071423.jpg,3,pen2_tur_cam1_20250109_071423.jpg
crop_3610_pen2_tur_cam1_20250209_112526.jpg,3,pen2_tur_cam1_20250209_112526.jpg
crop_3611_pen2_tur_cam1_20250109_072240.jpg,3,pen2_tur_cam1_20250109_072240.jpg
crop_3612_pen2_tur_cam1_20250123_100821.jpg,3,pen2_tur_cam1_20250123_100821.jpg
crop_3613_pen1_tur_cam2_20250125_133025.jpg,3,pen1_tur_cam2_20250125_133025.jpg
crop_3614_pen1_tur_cam2_20250201_134624.jpg,3,pen1_tur_cam2_20250201_134624.jpg
crop_3615_pen1_tur_cam2_20250203_111912.jpg,3,pen1_tur_cam2_20250203_111912.jpg
crop_3616_pen2_tur_cam1_20250109_080653.jpg,3,pen2_tur_cam1_20250109_080653.jpg
crop_3617_pen2_tur_cam1_20250109_070559.jpg,3,pen2_tur_cam1_20250109_070559.jpg
crop_3618_pen2_tur_cam1_20250109_070517.jpg,3,pen2_tur_cam1_20250109_070517.jpg
crop_3619_pen2_orb_cam1_20250108_083505.jpg,3,pen2_orb_cam1_20250108_083505.jpg
crop_3620_pen2_tur_cam1_20250109_075712.jpg,3,pen2_tur_cam1_20250109_075712.jpg
crop_3621_pen1_tur_cam2_20250207_133256.jpg,3,pen1_tur_cam2_20250207_133256.jpg
crop_3622_pen2_tur_cam1_20250109_070421.jpg,3,pen2_tur_cam1_20250109_070421.jpg
crop_3623_pen2_orb_cam1_20250108_081059.jpg,3,pen2_orb_cam1_20250108_081059.jpg
crop_3624_pen2_tur_cam1_20250209_085515.jpg,3,pen2_tur_cam1_20250209_085515.jpg
crop_3625_pen1_tur_cam2_20250125_095334.jpg,3,pen1_tur_cam2_20250125_095334.jpg
crop_3626_pen2_orb_cam1_20250108_084851.jpg,3,pen2_orb_cam1_20250108_084851.jpg
crop_3627_pen2_tur_cam1_20250120_085935.jpg,3,pen2_tur_cam1_20250120_085935.jpg
crop_3628_pen2_tur_cam1_20250109_071959.jpg,3,pen2_tur_cam1_20250109_071959.jpg
crop_3629_pen2_orb_cam1_20250108_085657.jpg,3,pen2_orb_cam1_20250108_085657.jpg
crop_3630_pen1_orb_cam1_20250108_090003.jpg,3,pen1_orb_cam1_20250108_090003.jpg
crop_3631_pen1_tur_cam2_20250126_103315.jpg,3,pen1_tur_cam2_20250126_103315.jpg
crop_3632_pen2_tur_cam1_20250109_072027.jpg,3,pen2_tur_cam1_20250109_072027.jpg
crop_3633_pen2_orb_cam1_20250108_080615.jpg,3,pen2_orb_cam1_20250108_080615.jpg
crop_3634_pen2_orb_cam1_20250108_084732.jpg,3,pen2_orb_cam1_20250108_084732.jpg
crop_3635_pen2_tur_cam1_20250109_070407.jpg,3,pen2_tur_cam1_20250109_070407.jpg
crop_3636_pen2_orb_cam1_20250108_082027.jpg,3,pen2_orb_cam1_20250108_082027.jpg
crop_3637_pen1_tur_cam2_20250203_110911.jpg,3,pen1_tur_cam2_20250203_110911.jpg
crop_3638_pen2_tur_cam1_20250209_120209.jpg,3,pen2_tur_cam1_20250209_120209.jpg
crop_3639_pen2_tur_cam1_20250109_071945.jpg,3,pen2_tur_cam1_20250109_071945.jpg
crop_3640_pen2_tur_cam1_20250123_121011.jpg,3,pen2_tur_cam1_20250123_121011.jpg
crop_3641_pen1_tur_cam2_20250122_121052.jpg,3,pen1_tur_cam2_20250122_121052.jpg
crop_3642_pen2_tur_cam1_20250109_070215.jpg,3,pen2_tur_cam1_20250109_070215.jpg
crop_3643_pen2_orb_cam1_20250108_082417.jpg,3,pen2_orb_cam1_20250108_082417.jpg
crop_3644_pen1_tur_cam2_20250220_090349.jpg,3,pen1_tur_cam2_20250220_090349.jpg
crop_3645_pen2_tur_cam1_20250109_072020.jpg,3,pen2_tur_cam1_20250109_072020.jpg
crop_3646_pen2_tur_cam1_20250109_071107.jpg,3,pen2_tur_cam1_20250109_071107.jpg
crop_3647_pen2_tur_cam1_20250109_074813.jpg,3,pen2_tur_cam1_20250109_074813.jpg
crop_3648_pen2_tur_cam1_20250120_075750.jpg,3,pen2_tur_cam1_20250120_075750.jpg
crop_3649_pen1_tur_cam2_20250125_135255.jpg,3,pen1_tur_cam2_20250125_135255.jpg
crop_3650_pen2_tur_cam1_20250120_110803.jpg,3,pen2_tur_cam1_20250120_110803.jpg
crop_3651_pen1_tur_cam2_20250207_134938.jpg,3,pen1_tur_cam2_20250207_134938.jpg
crop_3652_pen1_orb_cam1_20250108_085219.jpg,3,pen1_orb_cam1_20250108_085219.jpg
crop_3653_pen1_tur_cam2_20250126_134915.jpg,3,pen1_tur_cam2_20250126_134915.jpg
crop_3654_pen2_orb_cam2_20250217_125700.jpg,3,pen2_orb_cam2_20250217_125700.jpg
crop_3655_pen2_tur_cam1_20250109_072123.jpg,3,pen2_tur_cam1_20250109_072123.jpg
crop_3656_pen1_tur_cam2_20250125_142856.jpg,3,pen1_tur_cam2_20250125_142856.jpg
crop_3657_pen2_tur_cam1_20250209_085655.jpg,3,pen2_tur_cam1_20250209_085655.jpg
crop_3658_pen2_tur_cam1_20250109_075548.jpg,3,pen2_tur_cam1_20250109_075548.jpg
crop_3659_pen1_orb_cam2_20250108_090552.jpg,3,pen1_orb_cam2_20250108_090552.jpg
crop_3660_pen1_tur_cam2_20250122_145625.jpg,3,pen1_tur_cam2_20250122_145625.jpg
crop_3661_pen2_tur_cam1_20250109_073043.jpg,3,pen2_tur_cam1_20250109_073043.jpg
crop_3662_pen1_tur_cam2_20250126_085351.jpg,3,pen1_tur_cam2_20250126_085351.jpg
crop_3663_pen1_tur_cam2_20250127_135813.jpg,3,pen1_tur_cam2_20250127_135813.jpg
crop_3664_pen2_orb_cam1_20250108_081154.jpg,3,pen2_orb_cam1_20250108_081154.jpg
crop_3665_pen2_tur_cam1_20250109_071259.jpg,3,pen2_tur_cam1_20250109_071259.jpg
crop_3666_pen2_tur_cam1_20250123_123832.jpg,3,pen2_tur_cam1_20250123_123832.jpg
crop_3667_pen2_tur_cam1_20250209_094659.jpg,3,pen2_tur_cam1_20250209_094659.jpg
crop_3668_pen2_tur_cam1_20250109_070758.jpg,3,pen2_tur_cam1_20250109_070758.jpg
crop_3669_pen2_tur_cam1_20250109_070943.jpg,3,pen2_tur_cam1_20250109_070943.jpg
crop_3670_pen2_tur_cam1_20250109_071313.jpg,3,pen2_tur_cam1_20250109_071313.jpg
crop_3671_pen1_tur_cam2_20250201_133943.jpg,3,pen1_tur_cam2_20250201_133943.jpg
crop_3672_pen1_orb_cam1_20250108_085721.jpg,3,pen1_orb_cam1_20250108_085721.jpg
crop_3673_pen2_tur_cam1_20250120_081752.jpg,3,pen2_tur_cam1_20250120_081752.jpg
crop_3674_pen2_tur_cam1_20250123_123512.jpg,3,pen2_tur_cam1_20250123_123512.jpg
crop_3675_pen2_tur_cam1_20250109_075534.jpg,3,pen2_tur_cam1_20250109_075534.jpg
crop_3676_pen2_tur_cam1_20250109_073900.jpg,3,pen2_tur_cam1_20250109_073900.jpg
crop_3677_pen1_tur_cam2_20250127_120509.jpg,3,pen1_tur_cam2_20250127_120509.jpg
crop_3678_pen2_tur_cam1_20250123_151718.jpg,3,pen2_tur_cam1_20250123_151718.jpg
crop_3679_pen2_tur_cam1_20250109_070531.jpg,3,pen2_tur_cam1_20250109_070531.jpg
crop_3680_pen1_tur_cam2_20250201_093031.jpg,3,pen1_tur_cam2_20250201_093031.jpg
crop_3681_pen1_orb_cam2_20250108_090537.jpg,3,pen1_orb_cam2_20250108_090537.jpg
crop_3682_pen2_tur_cam1_20250109_080550.jpg,3,pen2_tur_cam1_20250109_080550.jpg
crop_3683_pen2_orb_cam1_20250108_084810.jpg,3,pen2_orb_cam1_20250108_084810.jpg
crop_3684_pen2_orb_cam1_20250108_081815.jpg,3,pen2_orb_cam1_20250108_081815.jpg
crop_3685_pen2_tur_cam1_20250209_073150.jpg,3,pen2_tur_cam1_20250209_073150.jpg
crop_3686_pen2_tur_cam1_20250109_075747.jpg,3,pen2_tur_cam1_20250109_075747.jpg
crop_3687_pen2_tur_cam1_20250209_072509.jpg,3,pen2_tur_cam1_20250209_072509.jpg
crop_3688_pen2_orb_cam1_20250108_085854.jpg,3,pen2_orb_cam1_20250108_085854.jpg
crop_3689_pen2_tur_cam1_20250109_071540.jpg,3,pen2_tur_cam1_20250109_071540.jpg
crop_3690_pen2_tur_cam1_20250209_072009.jpg,3,pen2_tur_cam1_20250209_072009.jpg
crop_3691_pen2_orb_cam2_20250217_125913.jpg,3,pen2_orb_cam2_20250217_125913.jpg
crop_3692_pen2_tur_cam1_20250109_080316.jpg,3,pen2_tur_cam1_20250109_080316.jpg
crop_3693_pen1_tur_cam2_20250125_062136.jpg,3,pen1_tur_cam2_20250125_062136.jpg
crop_3694_pen2_tur_cam1_20250109_072158.jpg,3,pen2_tur_cam1_20250109_072158.jpg
crop_3695_pen2_tur_cam1_20250209_142220.jpg,3,pen2_tur_cam1_20250209_142220.jpg
crop_3696_pen1_tur_cam2_20250220_110038.jpg,3,pen1_tur_cam2_20250220_110038.jpg
crop_3697_pen1_tur_cam2_20250122_121052.jpg,3,pen1_tur_cam2_20250122_121052.jpg
crop_3698_pen1_tur_cam2_20250125_095834.jpg,3,pen1_tur_cam2_20250125_095834.jpg
crop_3699_pen2_tur_cam1_20250109_070634.jpg,3,pen2_tur_cam1_20250109_070634.jpg
crop_3700_pen2_tur_cam1_20250120_125700.jpg,3,pen2_tur_cam1_20250120_125700.jpg
crop_3701_pen1_tur_cam2_20250125_081509.jpg,3,pen1_tur_cam2_20250125_081509.jpg
crop_3702_pen1_tur_cam2_20250122_125055.jpg,3,pen1_tur_cam2_20250122_125055.jpg
crop_3703_pen2_orb_cam1_20250108_080839.jpg,3,pen2_orb_cam1_20250108_080839.jpg
crop_3704_pen2_tur_cam1_20250109_075520.jpg,3,pen2_tur_cam1_20250109_075520.jpg
crop_3705_pen2_orb_cam1_20250108_085605.jpg,3,pen2_orb_cam1_20250108_085605.jpg
crop_3706_pen1_tur_cam2_20250220_073343.jpg,3,pen1_tur_cam2_20250220_073343.jpg
crop_3707_pen2_tur_cam1_20250109_071657.jpg,3,pen2_tur_cam1_20250109_071657.jpg
crop_3708_pen2_tur_cam1_20250109_070449.jpg,3,pen2_tur_cam1_20250109_070449.jpg
crop_3709_pen1_tur_cam2_20250201_091651.jpg,3,pen1_tur_cam2_20250201_091651.jpg
crop_3710_pen2_orb_cam1_20250108_083516.jpg,3,pen2_orb_cam1_20250108_083516.jpg
crop_3711_pen2_orb_cam1_20250108_082602.jpg,3,pen2_orb_cam1_20250108_082602.jpg
crop_3712_pen1_tur_cam2_20250203_111552.jpg,3,pen1_tur_cam2_20250203_111552.jpg
crop_3713_pen1_tur_cam2_20250220_074844.jpg,3,pen1_tur_cam2_20250220_074844.jpg
crop_3714_pen2_tur_cam1_20250109_080756.jpg,3,pen2_tur_cam1_20250109_080756.jpg
crop_3715_pen2_tur_cam1_20250109_074134.jpg,3,pen2_tur_cam1_20250109_074134.jpg
crop_3716_pen1_orb_cam2_20250108_090627.jpg,3,pen1_orb_cam2_20250108_090627.jpg
crop_3717_pen2_tur_cam1_20250109_074237.jpg,3,pen2_tur_cam1_20250109_074237.jpg
crop_3718_pen2_tur_cam1_20250120_094438.jpg,3,pen2_tur_cam1_20250120_094438.jpg
crop_3719_pen1_tur_cam2_20250127_111825.jpg,3,pen1_tur_cam2_20250127_111825.jpg
crop_3720_pen1_tur_cam2_20250125_144718.jpg,3,pen1_tur_cam2_20250125_144718.jpg
crop_3721_pen2_tur_cam1_20250109_070510.jpg,3,pen2_tur_cam1_20250109_070510.jpg
crop_3722_pen2_tur_cam1_20250109_071004.jpg,3,pen2_tur_cam1_20250109_071004.jpg
crop_3723_pen2_tur_cam1_20250209_124532.jpg,3,pen2_tur_cam1_20250209_124532.jpg
crop_3724_pen2_tur_cam1_20250120_082432.jpg,3,pen2_tur_cam1_20250120_082432.jpg
crop_3725_pen2_tur_cam1_20250109_070641.jpg,3,pen2_tur_cam1_20250109_070641.jpg
crop_3726_pen1_tur_cam2_20250201_091501.jpg,3,pen1_tur_cam2_20250201_091501.jpg
crop_3727_pen2_tur_cam1_20250109_071451.jpg,3,pen2_tur_cam1_20250109_071451.jpg
crop_3728_pen1_tur_cam2_20250125_133536.jpg,3,pen1_tur_cam2_20250125_133536.jpg
crop_3729_pen1_tur_cam2_20250126_121548.jpg,3,pen1_tur_cam2_20250126_121548.jpg
crop_3730_pen2_tur_cam1_20250209_124712.jpg,3,pen2_tur_cam1_20250209_124712.jpg
crop_3731_pen1_tur_cam2_20250220_084528.jpg,3,pen1_tur_cam2_20250220_084528.jpg
crop_3732_pen2_orb_cam1_20250108_083845.jpg,3,pen2_orb_cam1_20250108_083845.jpg
crop_3733_pen2_tur_cam1_20250109_074642.jpg,3,pen2_tur_cam1_20250109_074642.jpg
crop_3734_pen2_tur_cam1_20250109_075740.jpg,3,pen2_tur_cam1_20250109_075740.jpg
crop_3735_pen2_tur_cam1_20250209_121030.jpg,3,pen2_tur_cam1_20250209_121030.jpg
crop_3736_pen2_tur_cam1_20250209_101701.jpg,3,pen2_tur_cam1_20250209_101701.jpg
crop_3737_pen1_tur_cam2_20250203_100047.jpg,3,pen1_tur_cam2_20250203_100047.jpg
crop_3738_pen2_tur_cam1_20250120_073749.jpg,3,pen2_tur_cam1_20250120_073749.jpg
crop_3739_pen1_tur_cam2_20250125_122314.jpg,3,pen1_tur_cam2_20250125_122314.jpg
crop_3740_pen2_tur_cam1_20250120_111803.jpg,3,pen2_tur_cam1_20250120_111803.jpg
crop_3741_pen2_tur_cam1_20250109_070840.jpg,3,pen2_tur_cam1_20250109_070840.jpg
crop_3742_pen2_tur_cam1_20250120_081432.jpg,3,pen2_tur_cam1_20250120_081432.jpg
crop_3743_pen2_tur_cam1_20250123_142027.jpg,3,pen2_tur_cam1_20250123_142027.jpg
crop_3744_pen1_tur_cam2_20250203_094407.jpg,3,pen1_tur_cam2_20250203_094407.jpg
crop_3745_pen2_tur_cam1_20250109_074649.jpg,3,pen2_tur_cam1_20250109_074649.jpg
crop_3746_pen2_tur_cam1_20250209_083013.jpg,3,pen2_tur_cam1_20250209_083013.jpg
crop_3747_pen2_orb_cam1_20250108_085917.jpg,3,pen2_orb_cam1_20250108_085917.jpg
crop_3748_pen2_tur_cam1_20250120_113945.jpg,3,pen2_tur_cam1_20250120_113945.jpg
crop_3749_pen2_tur_cam1_20250209_135218.jpg,3,pen2_tur_cam1_20250209_135218.jpg
crop_3750_pen2_orb_cam1_20250108_082332.jpg,3,pen2_orb_cam1_20250108_082332.jpg
crop_3751_pen1_tur_cam2_20250126_095514.jpg,3,pen1_tur_cam2_20250126_095514.jpg
crop_3752_pen2_tur_cam1_20250209_072509.jpg,3,pen2_tur_cam1_20250209_072509.jpg
crop_3753_pen2_tur_cam1_20250209_094519.jpg,3,pen2_tur_cam1_20250209_094519.jpg
crop_3754_pen2_tur_cam1_20250209_094159.jpg,3,pen2_tur_cam1_20250209_094159.jpg
crop_3755_pen1_tur_cam2_20250201_090631.jpg,3,pen1_tur_cam2_20250201_090631.jpg
crop_3756_pen1_tur_cam2_20250126_113836.jpg,3,pen1_tur_cam2_20250126_113836.jpg
crop_3757_pen1_tur_cam2_20250122_140921.jpg,3,pen1_tur_cam2_20250122_140921.jpg
crop_3758_pen1_tur_cam2_20250207_131434.jpg,3,pen1_tur_cam2_20250207_131434.jpg
crop_3759_pen2_tur_cam1_20250209_124212.jpg,3,pen2_tur_cam1_20250209_124212.jpg
crop_3760_pen2_tur_cam1_20250109_070812.jpg,3,pen2_tur_cam1_20250109_070812.jpg
crop_3761_pen1_tur_cam2_20250203_114914.jpg,3,pen1_tur_cam2_20250203_114914.jpg
crop_3762_pen2_tur_cam1_20250120_093437.jpg,3,pen2_tur_cam1_20250120_093437.jpg
crop_3763_pen2_tur_cam1_20250109_075808.jpg,3,pen2_tur_cam1_20250109_075808.jpg
crop_3764_pen2_tur_cam1_20250209_094659.jpg,3,pen2_tur_cam1_20250209_094659.jpg
crop_3765_pen1_tur_cam2_20250125_094333.jpg,3,pen1_tur_cam2_20250125_094333.jpg
crop_3766_pen1_tur_cam2_20250207_142441.jpg,3,pen1_tur_cam2_20250207_142441.jpg
crop_3767_pen1_tur_cam2_20250127_154527.jpg,3,pen1_tur_cam2_20250127_154527.jpg
crop_3768_pen2_orb_cam1_20250108_080405.jpg,3,pen2_orb_cam1_20250108_080405.jpg
crop_3769_pen2_tur_cam1_20250109_071121.jpg,3,pen2_tur_cam1_20250109_071121.jpg
crop_3770_pen1_tur_cam2_20250126_115406.jpg,3,pen1_tur_cam2_20250126_115406.jpg
crop_3771_pen2_orb_cam1_20250108_081339.jpg,3,pen2_orb_cam1_20250108_081339.jpg
crop_3772_pen2_tur_cam1_20250109_073949.jpg,3,pen2_tur_cam1_20250109_073949.jpg
crop_3773_pen1_tur_cam2_20250220_091030.jpg,3,pen1_tur_cam2_20250220_091030.jpg
crop_3774_pen2_tur_cam1_20250124_091456.jpg,3,pen2_tur_cam1_20250124_091456.jpg
crop_3775_pen1_tur_cam2_20250126_123049.jpg,3,pen1_tur_cam2_20250126_123049.jpg
crop_3776_pen2_tur_cam1_20250109_073701.jpg,3,pen2_tur_cam1_20250109_073701.jpg
crop_3777_pen1_tur_cam2_20250127_140833.jpg,3,pen1_tur_cam2_20250127_140833.jpg
crop_3778_pen2_tur_cam1_20250209_093158.jpg,3,pen2_tur_cam1_20250209_093158.jpg
crop_3779_pen2_orb_cam1_20250108_080844.jpg,3,pen2_orb_cam1_20250108_080844.jpg
crop_3780_pen1_tur_cam2_20250220_074524.jpg,3,pen1_tur_cam2_20250220_074524.jpg
crop_3781_pen2_tur_cam1_20250109_070723.jpg,3,pen2_tur_cam1_20250109_070723.jpg
crop_3782_pen2_tur_cam1_20250109_070449.jpg,3,pen2_tur_cam1_20250109_070449.jpg
crop_3783_pen1_tur_cam2_20250203_110551.jpg,3,pen1_tur_cam2_20250203_110551.jpg
crop_3784_pen2_tur_cam1_20250120_122809.jpg,3,pen2_tur_cam1_20250120_122809.jpg
crop_3785_pen2_tur_cam1_20250109_075911.jpg,3,pen2_tur_cam1_20250109_075911.jpg
crop_3786_pen2_orb_cam1_20250108_080820.jpg,3,pen2_orb_cam1_20250108_080820.jpg
crop_3787_pen1_tur_cam2_20250220_091851.jpg,3,pen1_tur_cam2_20250220_091851.jpg
crop_3788_pen2_tur_cam1_20250120_121307.jpg,3,pen2_tur_cam1_20250120_121307.jpg
crop_3789_pen1_tur_cam2_20250220_072343.jpg,3,pen1_tur_cam2_20250220_072343.jpg
crop_3790_pen2_tur_cam1_20250109_070229.jpg,3,pen2_tur_cam1_20250109_070229.jpg
crop_3791_pen2_orb_cam1_20250108_085652.jpg,3,pen2_orb_cam1_20250108_085652.jpg
crop_3792_pen2_tur_cam1_20250109_071149.jpg,3,pen2_tur_cam1_20250109_071149.jpg
crop_3793_pen1_tur_cam2_20250122_134559.jpg,3,pen1_tur_cam2_20250122_134559.jpg
crop_3794_pen1_orb_cam2_20250108_080339.jpg,3,pen1_orb_cam2_20250108_080339.jpg
crop_3795_pen1_tur_cam2_20250122_111411.jpg,3,pen1_tur_cam2_20250122_111411.jpg
crop_3796_pen2_orb_cam1_20250108_083522.jpg,3,pen2_orb_cam1_20250108_083522.jpg
crop_3797_pen1_tur_cam2_20250125_115214.jpg,3,pen1_tur_cam2_20250125_115214.jpg
crop_3798_pen1_tur_cam2_20250220_105357.jpg,3,pen1_tur_cam2_20250220_105357.jpg
crop_3799_pen2_tur_cam1_20250109_074649.jpg,3,pen2_tur_cam1_20250109_074649.jpg
crop_3800_pen2_tur_cam1_20250209_140219.jpg,3,pen2_tur_cam1_20250209_140219.jpg
crop_3801_pen1_tur_cam2_20250127_143233.jpg,3,pen1_tur_cam2_20250127_143233.jpg
crop_3802_pen2_tur_cam1_20250109_070702.jpg,3,pen2_tur_cam1_20250109_070702.jpg
crop_3803_pen2_orb_cam1_20250108_080430.jpg,3,pen2_orb_cam1_20250108_080430.jpg
crop_3804_pen1_tur_cam2_20250122_134920.jpg,3,pen1_tur_cam2_20250122_134920.jpg
crop_3805_pen2_orb_cam1_20250108_080944.jpg,3,pen2_orb_cam1_20250108_080944.jpg
crop_3806_pen2_tur_cam1_20250124_092137.jpg,3,pen2_tur_cam1_20250124_092137.jpg
crop_3807_pen2_orb_cam1_20250108_081149.jpg,3,pen2_orb_cam1_20250108_081149.jpg
crop_3808_pen1_tur_cam2_20250201_091141.jpg,3,pen1_tur_cam2_20250201_091141.jpg
crop_3809_pen2_tur_cam1_20250124_090955.jpg,3,pen2_tur_cam1_20250124_090955.jpg
crop_3810_pen2_tur_cam1_20250109_071903.jpg,3,pen2_tur_cam1_20250109_071903.jpg
crop_3811_pen2_tur_cam1_20250209_071008.jpg,3,pen2_tur_cam1_20250209_071008.jpg
crop_3812_pen1_tur_cam2_20250203_114914.jpg,3,pen1_tur_cam2_20250203_114914.jpg
crop_3813_pen2_orb_cam1_20250108_085536.jpg,3,pen2_orb_cam1_20250108_085536.jpg
crop_3814_pen2_tur_cam1_20250109_073804.jpg,3,pen2_tur_cam1_20250109_073804.jpg
crop_3815_pen2_tur_cam1_20250109_073907.jpg,3,pen2_tur_cam1_20250109_073907.jpg
crop_3816_pen1_tur_cam2_20250126_081529.jpg,3,pen1_tur_cam2_20250126_081529.jpg
crop_3817_pen1_orb_cam2_20250108_085824.jpg,3,pen1_orb_cam2_20250108_085824.jpg
crop_3818_pen2_tur_cam1_20250209_125032.jpg,3,pen2_tur_cam1_20250209_125032.jpg
crop_3819_pen2_orb_cam1_20250108_082004.jpg,3,pen2_orb_cam1_20250108_082004.jpg
crop_3820_pen2_tur_cam1_20250109_070456.jpg,3,pen2_tur_cam1_20250109_070456.jpg
crop_3821_pen2_tur_cam1_20250109_071252.jpg,3,pen2_tur_cam1_20250109_071252.jpg
crop_3822_pen2_orb_cam1_20250108_082340.jpg,3,pen2_orb_cam1_20250108_082340.jpg
crop_3823_pen2_tur_cam1_20250209_124031.jpg,3,pen2_tur_cam1_20250209_124031.jpg
crop_3824_pen2_tur_cam1_20250209_095700.jpg,3,pen2_tur_cam1_20250209_095700.jpg
crop_3825_pen1_tur_cam2_20250220_072843.jpg,3,pen1_tur_cam2_20250220_072843.jpg
crop_3826_pen1_tur_cam2_20250127_122511.jpg,3,pen1_tur_cam2_20250127_122511.jpg
crop_3827_pen2_tur_cam1_20250120_075430.jpg,3,pen2_tur_cam1_20250120_075430.jpg
crop_3828_pen1_tur_cam2_20250203_113553.jpg,3,pen1_tur_cam2_20250203_113553.jpg
crop_3829_pen1_orb_cam1_20250108_085813.jpg,3,pen1_orb_cam1_20250108_085813.jpg
crop_3830_pen1_tur_cam2_20250201_143016.jpg,3,pen1_tur_cam2_20250201_143016.jpg
crop_3831_pen1_tur_cam2_20250201_093221.jpg,3,pen1_tur_cam2_20250201_093221.jpg
crop_3832_pen2_tur_cam1_20250109_072226.jpg,3,pen2_tur_cam1_20250109_072226.jpg
crop_3833_pen2_tur_cam1_20250109_074305.jpg,3,pen2_tur_cam1_20250109_074305.jpg
crop_3834_pen2_tur_cam1_20250209_135538.jpg,3,pen2_tur_cam1_20250209_135538.jpg
crop_3835_pen2_tur_cam1_20250109_070744.jpg,3,pen2_tur_cam1_20250109_070744.jpg
crop_3836_pen2_orb_cam1_20250108_081559.jpg,3,pen2_orb_cam1_20250108_081559.jpg
crop_3837_pen2_orb_cam1_20250108_080550.jpg,3,pen2_orb_cam1_20250108_080550.jpg
crop_3838_pen2_tur_cam1_20250109_073544.jpg,3,pen2_tur_cam1_20250109_073544.jpg
crop_3839_pen2_tur_cam1_20250109_072500.jpg,3,pen2_tur_cam1_20250109_072500.jpg
crop_3840_pen1_tur_cam2_20250203_113553.jpg,3,pen1_tur_cam2_20250203_113553.jpg
crop_3841_pen2_tur_cam1_20250109_075630.jpg,3,pen2_tur_cam1_20250109_075630.jpg
crop_3842_pen2_orb_cam1_20250108_081039.jpg,3,pen2_orb_cam1_20250108_081039.jpg
crop_3843_pen2_orb_cam1_20250108_083257.jpg,3,pen2_orb_cam1_20250108_083257.jpg
crop_3844_pen1_tur_cam2_20250126_081849.jpg,3,pen1_tur_cam2_20250126_081849.jpg
crop_3845_pen1_tur_cam2_20250122_140921.jpg,3,pen1_tur_cam2_20250122_140921.jpg
crop_3846_pen1_tur_cam2_20250125_121804.jpg,3,pen1_tur_cam2_20250125_121804.jpg
crop_3847_pen1_tur_cam2_20250125_122824.jpg,3,pen1_tur_cam2_20250125_122824.jpg
crop_3848_pen2_orb_cam1_20250108_081529.jpg,3,pen2_orb_cam1_20250108_081529.jpg
crop_3849_pen2_tur_cam1_20250109_073153.jpg,3,pen2_tur_cam1_20250109_073153.jpg
crop_3850_pen1_tur_cam2_20250220_110858.jpg,3,pen1_tur_cam2_20250220_110858.jpg
crop_3851_pen2_tur_cam1_20250109_070030.jpg,3,pen2_tur_cam1_20250109_070030.jpg
crop_3852_pen2_tur_cam1_20250109_070716.jpg,3,pen2_tur_cam1_20250109_070716.jpg
crop_3853_pen2_tur_cam1_20250109_074408.jpg,3,pen2_tur_cam1_20250109_074408.jpg
crop_3854_pen2_tur_cam1_20250123_121831.jpg,3,pen2_tur_cam1_20250123_121831.jpg
crop_3855_pen1_tur_cam2_20250220_071341.jpg,3,pen1_tur_cam2_20250220_071341.jpg
crop_3856_pen1_tur_cam2_20250125_142356.jpg,3,pen1_tur_cam2_20250125_142356.jpg
crop_3857_pen2_tur_cam1_20250209_074510.jpg,3,pen2_tur_cam1_20250209_074510.jpg
crop_3858_pen2_tur_cam1_20250109_071046.jpg,3,pen2_tur_cam1_20250109_071046.jpg
crop_3859_pen2_orb_cam1_20250108_080835.jpg,3,pen2_orb_cam1_20250108_080835.jpg
crop_3860_pen1_tur_cam2_20250207_140439.jpg,3,pen1_tur_cam2_20250207_140439.jpg
crop_3861_pen2_orb_cam1_20250108_083056.jpg,3,pen2_orb_cam1_20250108_083056.jpg
crop_3862_pen1_tur_cam2_20250127_132522.jpg,3,pen1_tur_cam2_20250127_132522.jpg
crop_3863_pen1_tur_cam2_20250207_143301.jpg,3,pen1_tur_cam2_20250207_143301.jpg
crop_3864_pen2_tur_cam1_20250109_070655.jpg,3,pen2_tur_cam1_20250109_070655.jpg
crop_3865_pen1_tur_cam2_20250126_105715.jpg,3,pen1_tur_cam2_20250126_105715.jpg
crop_3866_pen2_orb_cam1_20250108_082703.jpg,3,pen2_orb_cam1_20250108_082703.jpg
crop_3867_pen2_orb_cam1_20250108_081134.jpg,3,pen2_orb_cam1_20250108_081134.jpg
crop_3868_pen1_orb_cam2_20250108_090119.jpg,3,pen1_orb_cam2_20250108_090119.jpg
crop_3869_pen1_tur_cam2_20250203_095547.jpg,3,pen1_tur_cam2_20250203_095547.jpg
crop_3870_pen1_tur_cam2_20250122_093919.jpg,3,pen1_tur_cam2_20250122_093919.jpg
crop_3871_pen1_orb_cam2_20250108_090308.jpg,3,pen1_orb_cam2_20250108_090308.jpg
crop_3872_pen2_tur_cam1_20250109_070950.jpg,3,pen2_tur_cam1_20250109_070950.jpg
crop_3873_pen2_tur_cam1_20250120_111944.jpg,3,pen2_tur_cam1_20250120_111944.jpg
crop_3874_pen2_tur_cam1_20250109_075143.jpg,3,pen2_tur_cam1_20250109_075143.jpg
crop_3875_pen1_tur_cam2_20250126_151220.jpg,3,pen1_tur_cam2_20250126_151220.jpg
crop_3876_pen2_tur_cam1_20250120_145217.jpg,3,pen2_tur_cam1_20250120_145217.jpg
crop_3877_pen1_tur_cam2_20250207_132256.jpg,3,pen1_tur_cam2_20250207_132256.jpg
crop_3878_pen1_tur_cam2_20250127_144254.jpg,3,pen1_tur_cam2_20250127_144254.jpg
crop_3879_pen2_orb_cam1_20250108_080939.jpg,3,pen2_orb_cam1_20250108_080939.jpg
crop_3880_pen2_tur_cam1_20250209_083154.jpg,3,pen2_tur_cam1_20250209_083154.jpg
crop_3881_pen2_orb_cam1_20250108_081920.jpg,3,pen2_orb_cam1_20250108_081920.jpg
crop_3882_pen2_orb_cam1_20250108_080909.jpg,3,pen2_orb_cam1_20250108_080909.jpg
crop_3883_pen1_orb_cam2_20250108_131943.jpg,3,pen1_orb_cam2_20250108_131943.jpg
crop_3884_pen2_tur_cam1_20250109_074621.jpg,3,pen2_tur_cam1_20250109_074621.jpg
crop_3885_pen2_tur_cam1_20250123_114829.jpg,3,pen2_tur_cam1_20250123_114829.jpg
crop_3886_pen2_tur_cam1_20250109_073015.jpg,3,pen2_tur_cam1_20250109_073015.jpg
crop_3887_pen2_tur_cam1_20250109_080618.jpg,3,pen2_tur_cam1_20250109_080618.jpg
crop_3888_pen1_tur_cam2_20250202_153624.jpg,3,pen1_tur_cam2_20250202_153624.jpg
crop_3889_pen2_orb_cam1_20250108_080805.jpg,3,pen2_orb_cam1_20250108_080805.jpg
crop_3890_pen2_tur_cam1_20250109_074429.jpg,3,pen2_tur_cam1_20250109_074429.jpg
crop_3891_pen2_tur_cam1_20250120_100439.jpg,3,pen2_tur_cam1_20250120_100439.jpg
crop_3892_pen2_tur_cam1_20250109_080707.jpg,3,pen2_tur_cam1_20250109_080707.jpg
crop_3893_pen2_tur_cam1_20250120_110303.jpg,3,pen2_tur_cam1_20250120_110303.jpg
crop_3894_pen1_tur_cam2_20250203_113053.jpg,3,pen1_tur_cam2_20250203_113053.jpg
crop_3895_pen1_tur_cam2_20250122_093559.jpg,3,pen1_tur_cam2_20250122_093559.jpg
crop_3896_pen2_orb_cam1_20250108_080505.jpg,3,pen2_orb_cam1_20250108_080505.jpg
crop_3897_pen1_tur_cam2_20250125_094833.jpg,3,pen1_tur_cam2_20250125_094833.jpg
crop_3898_pen2_tur_cam1_20250120_133843.jpg,3,pen2_tur_cam1_20250120_133843.jpg
crop_3899_pen1_orb_cam1_20250108_090023.jpg,3,pen1_orb_cam1_20250108_090023.jpg
crop_3900_pen2_tur_cam1_20250109_071135.jpg,3,pen2_tur_cam1_20250109_071135.jpg
crop_3901_pen1_orb_cam1_20250108_085721.jpg,3,pen1_orb_cam1_20250108_085721.jpg
crop_3902_pen2_tur_cam1_20250120_081752.jpg,3,pen2_tur_cam1_20250120_081752.jpg
crop_3903_pen2_tur_cam1_20250109_080412.jpg,3,pen2_tur_cam1_20250109_080412.jpg
crop_3904_pen1_tur_cam2_20250220_104537.jpg,3,pen1_tur_cam2_20250220_104537.jpg
crop_3905_pen2_tur_cam1_20250109_071437.jpg,3,pen2_tur_cam1_20250109_071437.jpg
crop_3906_pen2_orb_cam1_20250108_083421.jpg,3,pen2_orb_cam1_20250108_083421.jpg
crop_3907_pen1_tur_cam2_20250127_112506.jpg,3,pen1_tur_cam2_20250127_112506.jpg
crop_3908_pen2_tur_cam1_20250209_075151.jpg,3,pen2_tur_cam1_20250209_075151.jpg
crop_3909_pen2_tur_cam1_20250209_083154.jpg,3,pen2_tur_cam1_20250209_083154.jpg
crop_3910_pen1_tur_cam2_20250125_073539.jpg,3,pen1_tur_cam2_20250125_073539.jpg
crop_3911_pen2_tur_cam1_20250109_071519.jpg,3,pen2_tur_cam1_20250109_071519.jpg
crop_3912_pen1_tur_cam2_20250201_143206.jpg,3,pen1_tur_cam2_20250201_143206.jpg
crop_3913_pen1_tur_cam2_20250220_091030.jpg,3,pen1_tur_cam2_20250220_091030.jpg
crop_3914_pen1_tur_cam2_20250122_114831.jpg,3,pen1_tur_cam2_20250122_114831.jpg
crop_3915_pen2_tur_cam1_20250109_071828.jpg,3,pen2_tur_cam1_20250109_071828.jpg
crop_3916_pen2_tur_cam1_20250209_124031.jpg,3,pen2_tur_cam1_20250209_124031.jpg
crop_3917_pen2_tur_cam1_20250109_080543.jpg,3,pen2_tur_cam1_20250109_080543.jpg
crop_3918_pen1_tur_cam2_20250126_084030.jpg,3,pen1_tur_cam2_20250126_084030.jpg
crop_3919_pen2_tur_cam1_20250109_072802.jpg,3,pen2_tur_cam1_20250109_072802.jpg
crop_3920_pen2_tur_cam1_20250109_075857.jpg,3,pen2_tur_cam1_20250109_075857.jpg
crop_3921_pen2_tur_cam1_20250109_070538.jpg,3,pen2_tur_cam1_20250109_070538.jpg
crop_3922_pen2_orb_cam2_20250217_130731.jpg,3,pen2_orb_cam2_20250217_130731.jpg
crop_3923_pen2_tur_cam1_20250209_124212.jpg,3,pen2_tur_cam1_20250209_124212.jpg
crop_3924_pen2_tur_cam1_20250109_080131.jpg,3,pen2_tur_cam1_20250109_080131.jpg
crop_3925_pen2_tur_cam1_20250109_075054.jpg,3,pen2_tur_cam1_20250109_075054.jpg
crop_3926_pen2_tur_cam1_20250123_105325.jpg,3,pen2_tur_cam1_20250123_105325.jpg
crop_3927_pen1_tur_cam2_20250203_103049.jpg,3,pen1_tur_cam2_20250203_103049.jpg
crop_3928_pen2_tur_cam1_20250109_071512.jpg,3,pen2_tur_cam1_20250109_071512.jpg
crop_3929_pen1_tur_cam2_20250125_095334.jpg,3,pen1_tur_cam2_20250125_095334.jpg
crop_3930_pen2_tur_cam1_20250109_072343.jpg,3,pen2_tur_cam1_20250109_072343.jpg
crop_3931_pen1_tur_cam2_20250220_094853.jpg,3,pen1_tur_cam2_20250220_094853.jpg
crop_3932_pen2_tur_cam1_20250209_091657.jpg,3,pen2_tur_cam1_20250209_091657.jpg
crop_3933_pen2_tur_cam1_20250109_070524.jpg,3,pen2_tur_cam1_20250109_070524.jpg
crop_3934_pen1_tur_cam2_20250127_143233.jpg,3,pen1_tur_cam2_20250127_143233.jpg
crop_3935_pen2_tur_cam1_20250109_071107.jpg,3,pen2_tur_cam1_20250109_071107.jpg
crop_3936_pen2_orb_cam1_20250108_081840.jpg,3,pen2_orb_cam1_20250108_081840.jpg
crop_3937_pen2_tur_cam1_20250109_075157.jpg,3,pen2_tur_cam1_20250109_075157.jpg
crop_3938_pen1_tur_cam2_20250125_072518.jpg,3,pen1_tur_cam2_20250125_072518.jpg
crop_3939_pen2_orb_cam1_20250108_080725.jpg,3,pen2_orb_cam1_20250108_080725.jpg
crop_3940_pen2_tur_cam1_20250109_074525.jpg,3,pen2_tur_cam1_20250109_074525.jpg
crop_3941_pen2_tur_cam1_20250123_112827.jpg,3,pen2_tur_cam1_20250123_112827.jpg
crop_3942_pen2_tur_cam1_20250209_124532.jpg,3,pen2_tur_cam1_20250209_124532.jpg
crop_3943_pen2_tur_cam1_20250109_070524.jpg,3,pen2_tur_cam1_20250109_070524.jpg
crop_3944_pen1_tur_cam2_20250122_124555.jpg,3,pen1_tur_cam2_20250122_124555.jpg
crop_3945_pen1_orb_cam2_20250108_132829.jpg,3,pen1_orb_cam2_20250108_132829.jpg
crop_3946_pen2_orb_cam1_20250108_083023.jpg,3,pen2_orb_cam1_20250108_083023.jpg
crop_3947_pen2_tur_cam1_20250109_070517.jpg,3,pen2_tur_cam1_20250109_070517.jpg
crop_3948_pen1_tur_cam2_20250125_110658.jpg,3,pen1_tur_cam2_20250125_110658.jpg
crop_3949_pen2_tur_cam1_20250120_100439.jpg,3,pen2_tur_cam1_20250120_100439.jpg
crop_3950_pen2_tur_cam1_20250215_095248.jpg,3,pen2_tur_cam1_20250215_095248.jpg
crop_3951_pen1_tur_cam2_20250220_092350.jpg,3,pen1_tur_cam2_20250220_092350.jpg
crop_3952_pen1_tur_cam2_20250125_095654.jpg,3,pen1_tur_cam2_20250125_095654.jpg
crop_3953_pen2_tur_cam1_20250109_071910.jpg,3,pen2_tur_cam1_20250109_071910.jpg
crop_3954_pen2_tur_cam1_20250109_070648.jpg,3,pen2_tur_cam1_20250109_070648.jpg
crop_3955_pen1_tur_cam2_20250122_112751.jpg,3,pen1_tur_cam2_20250122_112751.jpg
crop_3956_pen1_tur_cam2_20250220_081526.jpg,3,pen1_tur_cam2_20250220_081526.jpg
crop_3957_pen2_orb_cam1_20250108_085023.jpg,3,pen2_orb_cam1_20250108_085023.jpg
crop_3958_pen1_tur_cam2_20250126_120547.jpg,3,pen1_tur_cam2_20250126_120547.jpg
crop_3959_pen2_tur_cam1_20250124_085635.jpg,3,pen2_tur_cam1_20250124_085635.jpg
crop_3960_pen2_tur_cam1_20250209_120209.jpg,3,pen2_tur_cam1_20250209_120209.jpg
crop_3961_pen1_orb_cam2_20250108_131923.jpg,3,pen1_orb_cam2_20250108_131923.jpg
crop_3962_pen1_tur_cam2_20250203_100548.jpg,3,pen1_tur_cam2_20250203_100548.jpg
crop_3963_pen2_orb_cam1_20250108_082122.jpg,3,pen2_orb_cam1_20250108_082122.jpg
crop_3964_pen2_tur_cam1_20250109_071245.jpg,3,pen2_tur_cam1_20250109_071245.jpg
crop_3965_pen2_tur_cam1_20250109_075651.jpg,3,pen2_tur_cam1_20250109_075651.jpg
crop_3966_pen2_orb_cam1_20250108_082653.jpg,3,pen2_orb_cam1_20250108_082653.jpg
crop_3967_pen2_tur_cam1_20250120_080751.jpg,3,pen2_tur_cam1_20250120_080751.jpg
crop_3968_pen1_orb_cam2_20250108_133040.jpg,3,pen1_orb_cam2_20250108_133040.jpg
crop_3969_pen2_tur_cam1_20250109_072919.jpg,3,pen2_tur_cam1_20250109_072919.jpg
crop_3970_pen2_tur_cam1_20250109_070559.jpg,3,pen2_tur_cam1_20250109_070559.jpg
crop_3971_pen2_tur_cam1_20250109_070901.jpg,3,pen2_tur_cam1_20250109_070901.jpg
crop_3972_pen2_tur_cam1_20250209_134037.jpg,3,pen2_tur_cam1_20250209_134037.jpg
crop_3973_pen2_tur_cam1_20250109_075904.jpg,3,pen2_tur_cam1_20250109_075904.jpg
crop_3974_pen1_tur_cam2_20250207_121932.jpg,3,pen1_tur_cam2_20250207_121932.jpg
crop_3975_pen1_tur_cam2_20250125_074559.jpg,3,pen1_tur_cam2_20250125_074559.jpg
crop_3976_pen1_tur_cam2_20250126_102805.jpg,3,pen1_tur_cam2_20250126_102805.jpg
crop_3977_pen2_tur_cam1_20250109_072919.jpg,3,pen2_tur_cam1_20250109_072919.jpg
crop_3978_pen2_tur_cam1_20250109_070559.jpg,3,pen2_tur_cam1_20250109_070559.jpg
crop_3979_pen2_orb_cam1_20250108_081852.jpg,3,pen2_orb_cam1_20250108_081852.jpg
crop_3980_pen2_tur_cam1_20250123_133216.jpg,3,pen2_tur_cam1_20250123_133216.jpg
crop_3981_pen2_tur_cam1_20250109_070929.jpg,3,pen2_tur_cam1_20250109_070929.jpg
crop_3982_pen2_tur_cam1_20250120_114445.jpg,3,pen2_tur_cam1_20250120_114445.jpg
crop_3983_pen1_tur_cam2_20250122_102230.jpg,3,pen1_tur_cam2_20250122_102230.jpg
crop_3984_pen2_tur_cam1_20250109_075726.jpg,3,pen2_tur_cam1_20250109_075726.jpg
crop_3985_pen1_tur_cam2_20250126_094134.jpg,3,pen1_tur_cam2_20250126_094134.jpg
crop_3986_pen2_orb_cam1_20250108_082818.jpg,3,pen2_orb_cam1_20250108_082818.jpg
crop_3987_pen1_tur_cam2_20250125_113841.jpg,3,pen1_tur_cam2_20250125_113841.jpg
crop_3988_pen2_tur_cam2_20250120_074930.jpg,3,pen2_tur_cam2_20250120_074930.jpg
crop_3989_pen2_tur_cam1_20250124_085955.jpg,3,pen2_tur_cam1_20250124_085955.jpg
crop_3990_pen2_tur_cam1_20250209_124212.jpg,3,pen2_tur_cam1_20250209_124212.jpg
crop_3991_pen1_tur_cam2_20250207_142941.jpg,3,pen1_tur_cam2_20250207_142941.jpg
crop_3992_pen2_orb_cam1_20250108_083748.jpg,3,pen2_orb_cam1_20250108_083748.jpg
crop_3993_pen2_tur_cam1_20250120_081752.jpg,3,pen2_tur_cam1_20250120_081752.jpg
crop_3994_pen1_orb_cam2_20250108_085959.jpg,3,pen1_orb_cam2_20250108_085959.jpg
crop_3995_pen1_tur_cam2_20250125_114201.jpg,3,pen1_tur_cam2_20250125_114201.jpg
crop_3996_pen2_tur_cam1_20250109_073256.jpg,3,pen2_tur_cam1_20250109_073256.jpg
crop_3997_pen2_tur_cam1_20250109_072013.jpg,3,pen2_tur_cam1_20250109_072013.jpg
crop_3998_pen1_orb_cam2_20250108_090851.jpg,3,pen1_orb_cam2_20250108_090851.jpg
crop_3999_pen2_tur_cam1_20250109_070627.jpg,3,pen2_tur_cam1_20250109_070627.jpg
crop_4000_pen1_tur_cam2_20250203_100908.jpg,3,pen1_tur_cam2_20250203_100908.jpg
crop_4001_pen2_tur_cam1_20250120_071928.jpg,3,pen2_tur_cam1_20250120_071928.jpg
crop_4002_pen2_tur_cam1_20250109_071903.jpg,3,pen2_tur_cam1_20250109_071903.jpg
crop_4003_pen2_tur_cam1_20250109_070833.jpg,3,pen2_tur_cam1_20250109_070833.jpg
crop_4004_pen2_tur_cam1_20250109_075602.jpg,3,pen2_tur_cam1_20250109_075602.jpg
crop_4005_pen2_orb_cam1_20250108_083421.jpg,3,pen2_orb_cam1_20250108_083421.jpg
crop_4006_pen2_tur_cam1_20250209_073009.jpg,3,pen2_tur_cam1_20250209_073009.jpg
crop_4007_pen1_tur_cam2_20250220_092531.jpg,3,pen1_tur_cam2_20250220_092531.jpg
crop_4008_pen1_tur_cam2_20250207_131434.jpg,3,pen1_tur_cam2_20250207_131434.jpg
crop_4009_pen1_tur_cam2_20250220_085849.jpg,3,pen1_tur_cam2_20250220_085849.jpg
crop_4010_pen2_tur_cam1_20250209_100700.jpg,3,pen2_tur_cam1_20250209_100700.jpg
crop_4011_pen1_tur_cam2_20250127_102502.jpg,3,pen1_tur_cam2_20250127_102502.jpg
crop_4012_pen2_tur_cam1_20250109_071341.jpg,3,pen2_tur_cam1_20250109_071341.jpg
crop_4013_pen2_tur_cam1_20250109_070257.jpg,3,pen2_tur_cam1_20250109_070257.jpg
crop_4014_pen1_tur_cam2_20250122_140601.jpg,3,pen1_tur_cam2_20250122_140601.jpg
crop_4015_pen1_tur_cam2_20250127_141853.jpg,3,pen1_tur_cam2_20250127_141853.jpg
crop_4016_pen1_tur_cam2_20250122_114511.jpg,3,pen1_tur_cam2_20250122_114511.jpg
crop_4017_pen2_tur_cam1_20250109_080728.jpg,3,pen2_tur_cam1_20250109_080728.jpg
crop_4018_pen1_tur_cam2_20250125_075429.jpg,3,pen1_tur_cam2_20250125_075429.jpg
crop_4019_pen2_tur_cam1_20250109_080145.jpg,3,pen2_tur_cam1_20250109_080145.jpg
crop_4020_pen1_tur_cam2_20250122_131917.jpg,3,pen1_tur_cam2_20250122_131917.jpg
crop_4021_pen2_orb_cam1_20250108_080405.jpg,3,pen2_orb_cam1_20250108_080405.jpg
crop_4022_pen2_tur_cam1_20250123_100320.jpg,3,pen2_tur_cam1_20250123_100320.jpg
crop_4023_pen1_orb_cam1_20250108_085214.jpg,3,pen1_orb_cam1_20250108_085214.jpg
crop_4024_pen2_tur_cam1_20250209_080652.jpg,3,pen2_tur_cam1_20250209_080652.jpg
crop_4025_pen2_tur_cam1_20250120_114946.jpg,3,pen2_tur_cam1_20250120_114946.jpg
crop_4026_pen2_tur_cam1_20250109_075122.jpg,3,pen2_tur_cam1_20250109_075122.jpg
crop_4027_pen2_tur_cam1_20250215_094928.jpg,3,pen2_tur_cam1_20250215_094928.jpg
crop_4028_pen2_tur_cam1_20250120_113445.jpg,3,pen2_tur_cam1_20250120_113445.jpg
crop_4029_pen2_tur_cam1_20250209_150223.jpg,3,pen2_tur_cam1_20250209_150223.jpg
crop_4030_pen1_tur_cam2_20250127_100500.jpg,3,pen1_tur_cam2_20250127_100500.jpg
crop_4031_pen2_orb_cam1_20250108_080610.jpg,3,pen2_orb_cam1_20250108_080610.jpg
crop_4032_pen1_orb_cam1_20250108_085702.jpg,3,pen1_orb_cam1_20250108_085702.jpg
crop_4033_pen2_orb_cam1_20250108_082401.jpg,3,pen2_orb_cam1_20250108_082401.jpg
crop_4034_pen2_orb_cam1_20250108_082913.jpg,3,pen2_orb_cam1_20250108_082913.jpg
crop_4035_pen1_tur_cam2_20250126_124550.jpg,3,pen1_tur_cam2_20250126_124550.jpg
crop_4036_pen1_tur_cam2_20250126_141557.jpg,3,pen1_tur_cam2_20250126_141557.jpg
crop_4037_pen1_orb_cam1_20250108_085757.jpg,3,pen1_orb_cam1_20250108_085757.jpg
crop_4038_pen1_tur_cam2_20250220_070341.jpg,3,pen1_tur_cam2_20250220_070341.jpg
crop_4039_pen1_orb_cam2_20250108_090149.jpg,3,pen1_orb_cam2_20250108_090149.jpg
crop_4040_pen1_tur_cam2_20250125_102836.jpg,3,pen1_tur_cam2_20250125_102836.jpg
crop_4041_pen2_tur_cam1_20250109_072006.jpg,3,pen2_tur_cam1_20250109_072006.jpg
crop_4042_pen2_tur_cam1_20250209_115528.jpg,3,pen2_tur_cam1_20250209_115528.jpg
crop_4043_pen1_tur_cam2_20250220_103856.jpg,3,pen1_tur_cam2_20250220_103856.jpg
crop_4044_pen2_orb_cam1_20250108_084325.jpg,3,pen2_orb_cam1_20250108_084325.jpg
crop_4045_pen2_orb_cam1_20250108_090147.jpg,3,pen2_orb_cam1_20250108_090147.jpg
crop_4046_pen1_orb_cam2_20250108_090406.jpg,3,pen1_orb_cam2_20250108_090406.jpg
crop_4047_pen2_tur_cam1_20250120_112304.jpg,3,pen2_tur_cam1_20250120_112304.jpg
crop_4048_pen1_tur_cam2_20250125_102836.jpg,3,pen1_tur_cam2_20250125_102836.jpg
crop_4049_pen2_tur_cam1_20250120_084934.jpg,3,pen2_tur_cam1_20250120_084934.jpg
crop_4050_pen2_tur_cam1_20250109_070510.jpg,3,pen2_tur_cam1_20250109_070510.jpg
crop_4051_pen1_tur_cam2_20250203_103049.jpg,3,pen1_tur_cam2_20250203_103049.jpg
crop_4052_pen2_tur_cam1_20250109_071355.jpg,3,pen2_tur_cam1_20250109_071355.jpg
crop_4053_pen1_tur_cam2_20250220_073523.jpg,3,pen1_tur_cam2_20250220_073523.jpg
crop_4054_pen1_orb_cam2_20250108_134554.jpg,3,pen1_orb_cam2_20250108_134554.jpg
crop_4055_pen2_tur_cam1_20250109_074525.jpg,3,pen2_tur_cam1_20250109_074525.jpg
crop_4056_pen2_tur_cam1_20250109_080714.jpg,3,pen2_tur_cam1_20250109_080714.jpg
crop_4057_pen1_tur_cam2_20250127_104823.jpg,3,pen1_tur_cam2_20250127_104823.jpg
crop_4058_pen2_orb_cam1_20250108_083554.jpg,3,pen2_orb_cam1_20250108_083554.jpg
crop_4059_pen2_tur_cam1_20250209_111206.jpg,3,pen2_tur_cam1_20250209_111206.jpg
crop_4060_pen1_tur_cam2_20250203_111912.jpg,3,pen1_tur_cam2_20250203_111912.jpg
crop_4061_pen2_tur_cam1_20250120_133203.jpg,3,pen2_tur_cam1_20250120_133203.jpg
crop_4062_pen1_tur_cam2_20250122_121412.jpg,3,pen1_tur_cam2_20250122_121412.jpg
crop_4063_pen2_tur_cam1_20250109_071959.jpg,3,pen2_tur_cam1_20250109_071959.jpg
crop_4064_pen2_orb_cam1_20250108_085451.jpg,3,pen2_orb_cam1_20250108_085451.jpg
crop_4065_pen2_tur_cam1_20250109_070552.jpg,3,pen2_tur_cam1_20250109_070552.jpg
crop_4066_pen2_orb_cam1_20250108_081504.jpg,3,pen2_orb_cam1_20250108_081504.jpg
crop_4067_pen2_tur_cam1_20250109_071011.jpg,3,pen2_tur_cam1_20250109_071011.jpg
crop_4068_pen2_orb_cam1_20250108_080405.jpg,3,pen2_orb_cam1_20250108_080405.jpg
crop_4069_pen1_tur_cam2_20250122_101530.jpg,3,pen1_tur_cam2_20250122_101530.jpg
crop_4070_pen1_tur_cam2_20250220_111038.jpg,3,pen1_tur_cam2_20250220_111038.jpg
crop_4071_pen2_tur_cam1_20250109_071821.jpg,3,pen2_tur_cam1_20250109_071821.jpg
crop_4072_pen1_orb_cam2_20250108_133105.jpg,3,pen1_orb_cam2_20250108_133105.jpg
crop_4073_pen2_tur_cam1_20250209_132536.jpg,3,pen2_tur_cam1_20250209_132536.jpg
crop_4074_pen1_tur_cam1_20250203_094407.jpg,3,pen1_tur_cam1_20250203_094407.jpg
crop_4075_pen2_tur_cam1_20250123_112507.jpg,3,pen2_tur_cam1_20250123_112507.jpg
crop_4076_pen2_tur_cam1_20250109_074429.jpg,3,pen2_tur_cam1_20250109_074429.jpg
crop_4077_pen2_tur_cam1_20250109_073633.jpg,3,pen2_tur_cam1_20250109_073633.jpg
crop_4078_pen2_tur_cam1_20250109_074656.jpg,3,pen2_tur_cam1_20250109_074656.jpg
crop_4079_pen2_orb_cam1_20250108_085513.jpg,3,pen2_orb_cam1_20250108_085513.jpg
crop_4080_pen2_tur_cam1_20250109_070407.jpg,3,pen2_tur_cam1_20250109_070407.jpg
crop_4081_pen1_tur_cam2_20250125_070948.jpg,3,pen1_tur_cam2_20250125_070948.jpg
crop_4082_pen2_tur_cam1_20250120_104302.jpg,3,pen2_tur_cam1_20250120_104302.jpg
crop_4083_pen2_tur_cam1_20250120_140846.jpg,3,pen2_tur_cam1_20250120_140846.jpg
crop_4084_pen2_tur_cam1_20250120_132341.jpg,3,pen2_tur_cam1_20250120_132341.jpg
crop_4085_pen2_tur_cam1_20250123_140307.jpg,3,pen2_tur_cam1_20250123_140307.jpg
crop_4086_pen2_tur_cam1_20250109_080700.jpg,3,pen2_tur_cam1_20250109_080700.jpg
crop_4087_pen2_tur_cam1_20250209_124532.jpg,3,pen2_tur_cam1_20250209_124532.jpg
crop_4088_pen2_orb_cam1_20250108_082127.jpg,3,pen2_orb_cam1_20250108_082127.jpg
crop_4089_pen1_tur_cam2_20250203_105411.jpg,3,pen1_tur_cam2_20250203_105411.jpg
crop_4090_pen2_tur_cam1_20250120_111304.jpg,3,pen2_tur_cam1_20250120_111304.jpg
crop_4091_pen2_tur_cam1_20250120_143848.jpg,3,pen2_tur_cam1_20250120_143848.jpg
crop_4092_pen1_tur_cam2_20250220_073023.jpg,3,pen1_tur_cam2_20250220_073023.jpg
crop_4093_pen1_tur_cam2_20250125_075429.jpg,3,pen1_tur_cam2_20250125_075429.jpg
crop_4094_pen2_orb_cam1_20250108_085935.jpg,3,pen2_orb_cam1_20250108_085935.jpg
crop_4095_pen2_tur_cam1_20250109_072027.jpg,3,pen2_tur_cam1_20250109_072027.jpg
crop_4096_pen2_tur_cam1_20250109_071828.jpg,3,pen2_tur_cam1_20250109_071828.jpg
crop_4097_pen1_tur_cam2_20250127_144443.jpg,3,pen1_tur_cam2_20250127_144443.jpg
crop_4098_pen1_tur_cam2_20250127_134753.jpg,3,pen1_tur_cam2_20250127_134753.jpg
crop_4099_pen1_tur_cam2_20250220_071021.jpg,3,pen1_tur_cam2_20250220_071021.jpg
crop_4100_pen1_tur_cam2_20250122_123554.jpg,3,pen1_tur_cam2_20250122_123554.jpg
crop_4101_pen2_tur_cam1_20250109_070613.jpg,3,pen2_tur_cam1_20250109_070613.jpg
crop_4102_pen2_tur_cam1_20250120_081252.jpg,3,pen2_tur_cam1_20250120_081252.jpg
crop_4103_pen2_tur_cam1_20250109_072322.jpg,3,pen2_tur_cam1_20250109_072322.jpg
crop_4104_pen1_tur_cam2_20250220_090029.jpg,3,pen1_tur_cam2_20250220_090029.jpg
crop_4105_pen2_tur_cam1_20250120_140205.jpg,3,pen2_tur_cam1_20250120_140205.jpg
crop_4106_pen2_tur_cam1_20250109_075342.jpg,3,pen2_tur_cam1_20250109_075342.jpg
crop_4107_pen2_tur_cam1_20250209_135718.jpg,3,pen2_tur_cam1_20250209_135718.jpg
crop_4108_pen1_orb_cam2_20250108_080108.jpg,3,pen1_orb_cam2_20250108_080108.jpg
crop_4109_pen1_orb_cam1_20250108_090107.jpg,3,pen1_orb_cam1_20250108_090107.jpg
crop_4110_pen2_orb_cam1_20250108_080640.jpg,3,pen2_orb_cam1_20250108_080640.jpg
crop_4111_pen1_tur_cam2_20250125_142356.jpg,3,pen1_tur_cam2_20250125_142356.jpg
crop_4112_pen2_orb_cam1_20250108_081614.jpg,3,pen2_orb_cam1_20250108_081614.jpg
crop_4113_pen1_tur_cam2_20250122_144424.jpg,3,pen1_tur_cam2_20250122_144424.jpg
crop_4114_pen1_tur_cam2_20250203_093547.jpg,3,pen1_tur_cam2_20250203_093547.jpg
crop_4115_pen2_tur_cam1_20250109_075939.jpg,3,pen2_tur_cam1_20250109_075939.jpg
crop_4116_pen2_tur_cam1_20250209_110704.jpg,3,pen2_tur_cam1_20250209_110704.jpg
crop_4117_pen2_tur_cam1_20250109_073352.jpg,3,pen2_tur_cam1_20250109_073352.jpg
crop_4118_pen1_tur_cam2_20250127_105824.jpg,3,pen1_tur_cam2_20250127_105824.jpg
crop_4119_pen1_tur_cam2_20250220_090530.jpg,3,pen1_tur_cam2_20250220_090530.jpg
crop_4120_pen2_tur_cam2_20250120_082252.jpg,3,pen2_tur_cam2_20250120_082252.jpg
crop_4121_pen2_tur_cam1_20250109_070634.jpg,3,pen2_tur_cam1_20250109_070634.jpg
crop_4122_pen2_tur_cam1_20250109_070826.jpg,3,pen2_tur_cam1_20250109_070826.jpg
crop_4123_pen1_orb_cam2_20250108_091508.jpg,3,pen1_orb_cam2_20250108_091508.jpg
crop_4124_pen1_tur_cam2_20250127_111505.jpg,3,pen1_tur_cam2_20250127_111505.jpg
crop_4125_pen2_tur_cam1_20250209_130214.jpg,3,pen2_tur_cam1_20250209_130214.jpg
crop_4126_pen1_orb_cam2_20250108_090717.jpg,3,pen1_orb_cam2_20250108_090717.jpg
crop_4127_pen1_tur_cam2_20250201_092711.jpg,3,pen1_tur_cam2_20250201_092711.jpg
crop_4128_pen2_tur_cam1_20250109_074010.jpg,3,pen2_tur_cam1_20250109_074010.jpg
crop_4129_pen2_orb_cam1_20250108_090215.jpg,3,pen2_orb_cam1_20250108_090215.jpg
crop_4130_pen2_tur_cam1_20250109_071739.jpg,3,pen2_tur_cam1_20250109_071739.jpg
crop_4131_pen1_tur_cam2_20250125_110158.jpg,3,pen1_tur_cam2_20250125_110158.jpg
crop_4132_pen1_orb_cam2_20250108_080409.jpg,3,pen1_orb_cam2_20250108_080409.jpg
crop_4133_pen1_tur_cam2_20250125_115214.jpg,3,pen1_tur_cam2_20250125_115214.jpg
crop_4134_pen1_tur_cam2_20250127_155028.jpg,3,pen1_tur_cam2_20250127_155028.jpg
crop_4135_pen2_tur_cam1_20250109_071629.jpg,3,pen2_tur_cam1_20250109_071629.jpg
crop_4136_pen2_tur_cam1_20250109_071107.jpg,3,pen2_tur_cam1_20250109_071107.jpg
crop_4137_pen2_tur_cam1_20250209_072149.jpg,3,pen2_tur_cam1_20250209_072149.jpg
crop_4138_pen2_tur_cam1_20250209_100200.jpg,3,pen2_tur_cam1_20250209_100200.jpg
crop_4139_pen2_tur_cam1_20250109_080049.jpg,3,pen2_tur_cam1_20250109_080049.jpg
crop_4140_pen2_orb_cam1_20250108_085842.jpg,3,pen2_orb_cam1_20250108_085842.jpg
crop_4141_pen2_tur_cam1_20250120_095938.jpg,3,pen2_tur_cam1_20250120_095938.jpg
crop_4142_pen1_tur_cam2_20250126_084531.jpg,3,pen1_tur_cam2_20250126_084531.jpg
crop_4143_pen1_tur_cam2_20250220_073843.jpg,3,pen1_tur_cam2_20250220_073843.jpg
crop_4144_pen2_tur_cam1_20250109_072706.jpg,3,pen2_tur_cam1_20250109_072706.jpg
crop_4145_pen2_tur_cam1_20250109_070030.jpg,3,pen2_tur_cam1_20250109_070030.jpg
crop_4146_pen2_tur_cam1_20250109_075005.jpg,3,pen2_tur_cam1_20250109_075005.jpg
crop_4147_pen2_tur_cam1_20250120_084934.jpg,3,pen2_tur_cam1_20250120_084934.jpg
crop_4148_pen1_tur_cam2_20250220_102855.jpg,3,pen1_tur_cam2_20250220_102855.jpg
crop_4149_pen2_tur_cam1_20250109_075747.jpg,3,pen2_tur_cam1_20250109_075747.jpg
crop_4150_pen2_tur_cam1_20250120_074930.jpg,3,pen2_tur_cam1_20250120_074930.jpg
crop_4151_pen1_orb_cam2_20250108_085702.jpg,3,pen1_orb_cam2_20250108_085702.jpg
crop_4152_pen1_tur_cam2_20250126_100214.jpg,3,pen1_tur_cam2_20250126_100214.jpg
crop_4153_pen2_tur_cam1_20250123_112007.jpg,3,pen2_tur_cam1_20250123_112007.jpg
crop_4154_pen1_orb_cam2_20250108_085914.jpg,3,pen1_orb_cam2_20250108_085914.jpg
crop_4155_pen2_orb_cam1_20250108_083940.jpg,3,pen2_orb_cam1_20250108_083940.jpg
crop_4156_pen1_tur_cam2_20250203_102549.jpg,3,pen1_tur_cam2_20250203_102549.jpg
crop_4157_pen1_tur_cam2_20250220_094853.jpg,3,pen1_tur_cam2_20250220_094853.jpg
crop_4158_pen1_tur_cam2_20250127_140833.jpg,3,pen1_tur_cam2_20250127_140833.jpg
crop_4159_pen2_orb_cam1_20250108_084158.jpg,3,pen2_orb_cam1_20250108_084158.jpg
crop_4160_pen2_orb_cam1_20250108_084251.jpg,3,pen2_orb_cam1_20250108_084251.jpg
crop_4161_pen2_tur_cam1_20250120_080751.jpg,3,pen2_tur_cam1_20250120_080751.jpg
crop_4162_pen2_orb_cam1_20250108_081719.jpg,3,pen2_orb_cam1_20250108_081719.jpg
crop_4163_pen2_orb_cam1_20250108_080345.jpg,3,pen2_orb_cam1_20250108_080345.jpg
crop_4164_pen1_tur_cam2_20250207_144802.jpg,3,pen1_tur_cam2_20250207_144802.jpg
crop_4165_pen1_tur_cam2_20250220_071842.jpg,3,pen1_tur_cam2_20250220_071842.jpg
crop_4166_pen1_tur_cam2_20250203_095407.jpg,3,pen1_tur_cam2_20250203_095407.jpg
crop_4167_pen2_orb_cam1_20250108_083312.jpg,3,pen2_orb_cam1_20250108_083312.jpg
crop_4168_pen1_tur_cam2_20250220_105357.jpg,3,pen1_tur_cam2_20250220_105357.jpg
crop_4169_pen1_tur_cam2_20250220_090349.jpg,3,pen1_tur_cam2_20250220_090349.jpg
crop_4170_pen1_tur_cam2_20250201_140445.jpg,3,pen1_tur_cam2_20250201_140445.jpg
crop_4171_pen2_orb_cam1_20250108_085714.jpg,3,pen2_orb_cam1_20250108_085714.jpg
crop_4172_pen2_tur_cam1_20250109_075150.jpg,3,pen2_tur_cam1_20250109_075150.jpg
crop_4173_pen1_tur_cam2_20250203_105050.jpg,3,pen1_tur_cam2_20250203_105050.jpg
crop_4174_pen1_tur_cam2_20250201_140125.jpg,3,pen1_tur_cam2_20250201_140125.jpg
crop_4175_pen1_tur_cam2_20250201_090631.jpg,3,pen1_tur_cam2_20250201_090631.jpg
crop_4176_pen1_tur_cam2_20250220_085029.jpg,3,pen1_tur_cam2_20250220_085029.jpg
crop_4177_pen2_tur_cam1_20250209_092658.jpg,3,pen2_tur_cam1_20250209_092658.jpg
crop_4178_pen1_orb_cam2_20250108_085904.jpg,3,pen1_orb_cam2_20250108_085904.jpg
crop_4179_pen1_orb_cam2_20250108_090931.jpg,3,pen1_orb_cam2_20250108_090931.jpg
crop_4180_pen1_tur_cam2_20250125_133025.jpg,3,pen1_tur_cam2_20250125_133025.jpg
crop_4181_pen2_orb_cam1_20250108_082741.jpg,3,pen2_orb_cam1_20250108_082741.jpg
crop_4182_pen1_tur_cam2_20250127_144954.jpg,3,pen1_tur_cam2_20250127_144954.jpg
crop_4183_pen1_tur_cam2_20250125_061315.jpg,3,pen1_tur_cam2_20250125_061315.jpg
crop_4184_pen1_orb_cam1_20250108_085933.jpg,3,pen1_orb_cam1_20250108_085933.jpg
crop_4185_pen1_tur_cam2_20250125_100334.jpg,3,pen1_tur_cam2_20250125_100334.jpg
crop_4186_pen2_tur_cam1_20250109_072556.jpg,3,pen2_tur_cam1_20250109_072556.jpg
crop_4187_pen2_tur_cam1_20250209_071008.jpg,3,pen2_tur_cam1_20250209_071008.jpg
crop_4188_pen1_tur_cam1_20250201_090951.jpg,3,pen1_tur_cam1_20250201_090951.jpg
crop_4189_pen2_tur_cam1_20250109_072535.jpg,3,pen2_tur_cam1_20250109_072535.jpg
crop_4190_pen2_tur_cam1_20250123_145958.jpg,3,pen2_tur_cam1_20250123_145958.jpg
crop_4191_pen1_tur_cam2_20250220_084848.jpg,3,pen1_tur_cam2_20250220_084848.jpg
crop_4192_pen2_tur_cam1_20250109_080803.jpg,3,pen2_tur_cam1_20250109_080803.jpg
crop_4193_pen2_tur_cam1_20250120_110443.jpg,3,pen2_tur_cam1_20250120_110443.jpg
crop_4194_pen1_tur_cam2_20250127_134243.jpg,3,pen1_tur_cam2_20250127_134243.jpg
crop_4195_pen1_tur_cam2_20250127_155528.jpg,3,pen1_tur_cam2_20250127_155528.jpg
crop_4196_pen1_tur_cam2_20250127_111505.jpg,3,pen1_tur_cam2_20250127_111505.jpg
crop_4197_pen2_tur_cam1_20250120_103801.jpg,3,pen2_tur_cam1_20250120_103801.jpg
crop_4198_pen2_orb_cam1_20250108_083730.jpg,3,pen2_orb_cam1_20250108_083730.jpg
crop_4199_pen1_tur_cam2_20250122_092859.jpg,3,pen1_tur_cam2_20250122_092859.jpg
crop_4200_pen1_orb_cam2_20250108_134554.jpg,3,pen1_orb_cam2_20250108_134554.jpg
crop_4201_pen2_tur_cam1_20250109_070400.jpg,3,pen2_tur_cam1_20250109_070400.jpg
crop_4202_pen2_tur_cam1_20250209_105704.jpg,3,pen2_tur_cam1_20250209_105704.jpg
crop_4203_pen2_tur_cam1_20250209_115028.jpg,3,pen2_tur_cam1_20250209_115028.jpg
crop_4204_pen1_orb_cam1_20250108_085616.jpg,3,pen1_orb_cam1_20250108_085616.jpg
crop_4205_pen2_orb_cam1_20250108_080445.jpg,3,pen2_orb_cam1_20250108_080445.jpg
crop_4206_pen2_tur_cam1_20250120_145349.jpg,3,pen2_tur_cam1_20250120_145349.jpg
crop_4207_pen1_tur_cam2_20250122_110201.jpg,3,pen1_tur_cam2_20250122_110201.jpg
crop_4208_pen1_orb_cam2_20250108_090019.jpg,3,pen1_orb_cam2_20250108_090019.jpg
crop_4209_pen1_tur_cam2_20250201_092521.jpg,3,pen1_tur_cam2_20250201_092521.jpg
crop_4210_pen1_tur_cam2_20250220_072022.jpg,3,pen1_tur_cam2_20250220_072022.jpg
crop_4211_pen2_tur_cam1_20250109_071601.jpg,3,pen2_tur_cam1_20250109_071601.jpg
crop_4212_pen1_orb_cam2_20250108_085954.jpg,3,pen1_orb_cam2_20250108_085954.jpg
crop_4213_pen1_tur_cam2_20250127_101001.jpg,3,pen1_tur_cam2_20250127_101001.jpg
crop_4214_pen1_tur_cam2_20250127_141703.jpg,3,pen1_tur_cam2_20250127_141703.jpg
crop_4215_pen2_tur_cam1_20250120_114305.jpg,3,pen2_tur_cam1_20250120_114305.jpg
crop_4216_pen2_tur_cam1_20250109_073558.jpg,3,pen2_tur_cam1_20250109_073558.jpg
crop_4217_pen2_tur_cam1_20250109_072713.jpg,3,pen2_tur_cam1_20250109_072713.jpg
crop_4218_pen1_tur_cam2_20250126_090032.jpg,3,pen1_tur_cam2_20250126_090032.jpg
crop_4219_pen2_orb_cam1_20250108_083719.jpg,3,pen2_orb_cam1_20250108_083719.jpg
crop_4220_pen1_tur_cam2_20250122_141922.jpg,3,pen1_tur_cam2_20250122_141922.jpg
crop_4221_pen2_orb_cam1_20250108_082835.jpg,3,pen2_orb_cam1_20250108_082835.jpg
crop_4222_pen1_tur_cam2_20250220_105538.jpg,3,pen1_tur_cam2_20250220_105538.jpg
crop_4223_pen2_tur_cam1_20250109_074429.jpg,3,pen2_tur_cam1_20250109_074429.jpg
crop_4224_pen2_tur_cam1_20250109_073111.jpg,3,pen2_tur_cam1_20250109_073111.jpg
crop_4225_pen1_tur_cam2_20250122_110711.jpg,3,pen1_tur_cam2_20250122_110711.jpg
crop_4226_pen2_tur_cam1_20250109_080302.jpg,3,pen2_tur_cam1_20250109_080302.jpg
crop_4227_pen1_orb_cam2_20250108_085808.jpg,3,pen1_orb_cam2_20250108_085808.jpg
crop_4228_pen1_tur_cam2_20250126_100535.jpg,3,pen1_tur_cam2_20250126_100535.jpg
crop_4229_pen1_tur_cam2_20250203_111912.jpg,3,pen1_tur_cam2_20250203_111912.jpg
crop_4230_pen2_tur_cam1_20250123_105005.jpg,3,pen2_tur_cam1_20250123_105005.jpg
crop_4231_pen2_orb_cam1_20250108_081134.jpg,3,pen2_orb_cam1_20250108_081134.jpg
crop_4232_pen2_tur_cam1_20250109_071746.jpg,3,pen2_tur_cam1_20250109_071746.jpg
crop_4233_pen2_orb_cam1_20250108_084314.jpg,3,pen2_orb_cam1_20250108_084314.jpg
crop_4234_pen2_tur_cam1_20250109_073427.jpg,3,pen2_tur_cam1_20250109_073427.jpg
crop_4235_pen2_tur_cam2_20250120_073929.jpg,3,pen2_tur_cam2_20250120_073929.jpg
crop_4236_pen2_tur_cam1_20250209_070148.jpg,3,pen2_tur_cam1_20250209_070148.jpg
crop_4237_pen1_tur_cam2_20250220_105037.jpg,3,pen1_tur_cam2_20250220_105037.jpg
crop_4238_pen1_tur_cam2_20250125_135805.jpg,3,pen1_tur_cam2_20250125_135805.jpg
crop_4239_pen2_tur_cam1_20250123_104324.jpg,3,pen2_tur_cam1_20250123_104324.jpg
crop_4240_pen2_tur_cam1_20250209_084515.jpg,3,pen2_tur_cam1_20250209_084515.jpg
crop_4241_pen2_tur_cam1_20250109_070936.jpg,3,pen2_tur_cam1_20250109_070936.jpg
crop_4242_pen2_orb_cam1_20250108_081559.jpg,3,pen2_orb_cam1_20250108_081559.jpg
crop_4243_pen2_tur_cam1_20250209_141038.jpg,3,pen2_tur_cam1_20250209_141038.jpg
crop_4244_pen2_tur_cam1_20250109_070304.jpg,3,pen2_tur_cam1_20250109_070304.jpg
crop_4245_pen2_tur_cam1_20250109_070648.jpg,3,pen2_tur_cam1_20250109_070648.jpg
crop_4246_pen2_tur_cam1_20250209_130715.jpg,3,pen2_tur_cam1_20250209_130715.jpg
crop_4247_pen2_tur_cam1_20250109_071348.jpg,3,pen2_tur_cam1_20250109_071348.jpg
crop_4248_pen2_tur_cam1_20250109_071533.jpg,3,pen2_tur_cam1_20250109_071533.jpg
crop_4249_pen1_tur_cam2_20250125_081509.jpg,3,pen1_tur_cam2_20250125_081509.jpg
crop_4250_pen2_tur_cam2_20250120_082753.jpg,3,pen2_tur_cam2_20250120_082753.jpg
crop_4251_pen2_orb_cam1_20250108_084635.jpg,3,pen2_orb_cam1_20250108_084635.jpg
crop_4252_pen2_orb_cam1_20250108_082238.jpg,3,pen2_orb_cam1_20250108_082238.jpg
crop_4253_pen1_tur_cam2_20250126_103825.jpg,3,pen1_tur_cam2_20250126_103825.jpg
crop_4254_pen1_tur_cam2_20250126_134915.jpg,3,pen1_tur_cam2_20250126_134915.jpg
crop_4255_pen1_orb_cam2_20250108_085748.jpg,3,pen1_orb_cam2_20250108_085748.jpg
crop_4256_pen1_tur_cam2_20250125_114201.jpg,3,pen1_tur_cam2_20250125_114201.jpg
crop_4257_pen2_tur_cam1_20250109_073036.jpg,3,pen2_tur_cam1_20250109_073036.jpg
crop_4258_pen2_tur_cam1_20250109_070517.jpg,3,pen2_tur_cam1_20250109_070517.jpg
crop_4259_pen2_orb_cam1_20250108_084413.jpg,3,pen2_orb_cam1_20250108_084413.jpg
crop_4260_pen1_tur_cam2_20250220_080025.jpg,3,pen1_tur_cam2_20250220_080025.jpg
crop_4261_pen2_tur_cam1_20250209_073650.jpg,3,pen2_tur_cam1_20250209_073650.jpg
crop_4262_pen2_tur_cam1_20250109_075527.jpg,3,pen2_tur_cam1_20250109_075527.jpg
crop_4263_pen2_tur_cam1_20250109_070407.jpg,3,pen2_tur_cam1_20250109_070407.jpg
crop_4264_pen2_orb_cam1_20250108_080440.jpg,3,pen2_orb_cam1_20250108_080440.jpg
crop_4265_pen2_tur_cam1_20250109_072343.jpg,3,pen2_tur_cam1_20250109_072343.jpg
crop_4266_pen2_tur_cam1_20250109_071636.jpg,3,pen2_tur_cam1_20250109_071636.jpg
crop_4267_pen1_tur_cam2_20250122_141422.jpg,3,pen1_tur_cam2_20250122_141422.jpg
crop_4268_pen2_tur_cam1_20250109_075101.jpg,3,pen2_tur_cam1_20250109_075101.jpg
crop_4269_pen2_tur_cam1_20250123_104004.jpg,3,pen2_tur_cam1_20250123_104004.jpg
crop_4270_pen1_tur_cam1_20250203_100048.jpg,3,pen1_tur_cam1_20250203_100048.jpg
crop_4271_pen2_orb_cam1_20250108_080655.jpg,3,pen2_orb_cam1_20250108_080655.jpg
crop_4272_pen2_tur_cam1_20250120_140344.jpg,3,pen2_tur_cam1_20250120_140344.jpg
crop_4273_pen2_tur_cam1_20250109_073036.jpg,3,pen2_tur_cam1_20250109_073036.jpg
crop_4274_pen1_tur_cam2_20250122_141602.jpg,3,pen1_tur_cam2_20250122_141602.jpg
crop_4275_pen2_orb_cam1_20250108_080720.jpg,3,pen2_orb_cam1_20250108_080720.jpg
crop_4276_pen2_tur_cam1_20250109_071526.jpg,3,pen2_tur_cam1_20250109_071526.jpg
crop_4277_pen2_tur_cam1_20250109_073640.jpg,3,pen2_tur_cam1_20250109_073640.jpg
crop_4278_pen1_tur_cam2_20250125_104157.jpg,3,pen1_tur_cam2_20250125_104157.jpg
crop_4279_pen2_tur_cam1_20250209_110524.jpg,3,pen2_tur_cam1_20250209_110524.jpg
crop_4280_pen2_tur_cam1_20250123_103323.jpg,3,pen2_tur_cam1_20250123_103323.jpg
crop_4281_pen1_tur_cam2_20250126_091544.jpg,3,pen1_tur_cam2_20250126_091544.jpg
crop_4282_pen1_tur_cam2_20250125_142206.jpg,3,pen1_tur_cam2_20250125_142206.jpg
crop_4283_pen1_tur_cam2_20250125_075619.jpg,3,pen1_tur_cam2_20250125_075619.jpg
crop_4284_pen1_tur_cam2_20250203_114914.jpg,3,pen1_tur_cam2_20250203_114914.jpg
crop_4285_pen1_tur_cam2_20250207_125754.jpg,3,pen1_tur_cam2_20250207_125754.jpg
crop_4286_pen2_orb_cam1_20250108_082412.jpg,3,pen2_orb_cam1_20250108_082412.jpg
crop_4287_pen1_tur_cam2_20250122_112431.jpg,3,pen1_tur_cam2_20250122_112431.jpg
crop_4288_pen2_tur_cam1_20250109_074134.jpg,3,pen2_tur_cam1_20250109_074134.jpg
crop_4289_pen2_tur_cam1_20250120_133703.jpg,3,pen2_tur_cam1_20250120_133703.jpg
crop_4290_pen1_tur_cam2_20250126_111436.jpg,3,pen1_tur_cam2_20250126_111436.jpg
crop_4291_pen2_tur_cam1_20250109_072514.jpg,3,pen2_tur_cam1_20250109_072514.jpg
crop_4292_pen2_tur_cam1_20250120_112304.jpg,3,pen2_tur_cam1_20250120_112304.jpg
crop_4293_pen2_tur_cam1_20250109_073118.jpg,3,pen2_tur_cam1_20250109_073118.jpg
crop_4294_pen2_tur_cam1_20250109_071451.jpg,3,pen2_tur_cam1_20250109_071451.jpg
crop_4295_pen2_tur_cam1_20250123_134927.jpg,3,pen2_tur_cam1_20250123_134927.jpg
crop_4296_pen2_tur_cam1_20250109_074230.jpg,3,pen2_tur_cam1_20250109_074230.jpg
crop_4297_pen1_tur_cam2_20250220_080846.jpg,3,pen1_tur_cam2_20250220_080846.jpg
crop_4298_pen2_tur_cam1_20250109_073502.jpg,3,pen2_tur_cam1_20250109_073502.jpg
crop_4299_pen1_tur_cam2_20250201_090631.jpg,3,pen1_tur_cam2_20250201_090631.jpg
crop_4300_pen2_tur_cam1_20250120_105943.jpg,3,pen2_tur_cam1_20250120_105943.jpg
crop_4301_pen1_tur_cam2_20250207_123933.jpg,3,pen1_tur_cam2_20250207_123933.jpg
crop_4302_pen2_tur_cam1_20250124_085635.jpg,3,pen2_tur_cam1_20250124_085635.jpg
crop_4303_pen2_tur_cam1_20250109_071224.jpg,3,pen2_tur_cam1_20250109_071224.jpg
crop_4304_pen2_tur_cam1_20250109_070538.jpg,3,pen2_tur_cam1_20250109_070538.jpg
crop_4305_pen1_tur_cam2_20250125_122824.jpg,3,pen1_tur_cam2_20250125_122824.jpg
crop_4306_pen2_tur_cam1_20250109_065955.jpg,3,pen2_tur_cam1_20250109_065955.jpg
crop_4307_pen2_tur_cam1_20250109_072151.jpg,3,pen2_tur_cam1_20250109_072151.jpg
crop_4308_pen2_tur_cam1_20250123_115009.jpg,3,pen2_tur_cam1_20250123_115009.jpg
crop_4309_pen2_tur_cam1_20250109_070456.jpg,3,pen2_tur_cam1_20250109_070456.jpg
crop_4310_pen2_orb_cam1_20250108_082557.jpg,3,pen2_orb_cam1_20250108_082557.jpg
crop_4311_pen1_orb_cam1_20250108_085721.jpg,3,pen1_orb_cam1_20250108_085721.jpg
crop_4312_pen1_tur_cam2_20250125_102155.jpg,3,pen1_tur_cam2_20250125_102155.jpg
crop_4313_pen2_tur_cam1_20250123_104004.jpg,3,pen2_tur_cam1_20250123_104004.jpg
crop_4314_pen1_tur_cam2_20250220_101534.jpg,3,pen1_tur_cam2_20250220_101534.jpg
crop_4315_pen1_tur_cam2_20250203_114554.jpg,3,pen1_tur_cam2_20250203_114554.jpg
crop_4316_pen2_orb_cam1_20250108_081404.jpg,3,pen2_orb_cam1_20250108_081404.jpg
crop_4317_pen2_tur_cam1_20250123_144427.jpg,3,pen2_tur_cam1_20250123_144427.jpg
crop_4318_pen2_tur_cam1_20250109_073612.jpg,3,pen2_tur_cam1_20250109_073612.jpg
crop_4319_pen2_tur_cam1_20250109_075918.jpg,3,pen2_tur_cam1_20250109_075918.jpg
crop_4320_pen2_tur_cam1_20250109_072535.jpg,3,pen2_tur_cam1_20250109_072535.jpg
crop_4321_pen1_tur_cam2_20250207_122432.jpg,3,pen1_tur_cam2_20250207_122432.jpg
crop_4322_pen1_tur_cam2_20250220_092851.jpg,3,pen1_tur_cam2_20250220_092851.jpg
crop_4323_pen2_tur_cam1_20250109_071657.jpg,3,pen2_tur_cam1_20250109_071657.jpg
crop_4324_pen2_tur_cam1_20250109_071423.jpg,3,pen2_tur_cam1_20250109_071423.jpg
crop_4325_pen2_orb_cam1_20250108_082512.jpg,3,pen2_orb_cam1_20250108_082512.jpg
crop_4326_pen2_tur_cam1_20250120_145718.jpg,3,pen2_tur_cam1_20250120_145718.jpg
crop_4327_pen2_orb_cam1_20250108_082751.jpg,3,pen2_orb_cam1_20250108_082751.jpg
crop_4328_pen1_tur_cam2_20250122_141922.jpg,3,pen1_tur_cam2_20250122_141922.jpg
crop_4329_pen1_tur_cam2_20250126_084030.jpg,3,pen1_tur_cam2_20250126_084030.jpg
crop_4330_pen1_tur_cam2_20250201_091501.jpg,3,pen1_tur_cam2_20250201_091501.jpg
crop_4331_pen1_tur_cam2_20250122_102040.jpg,3,pen1_tur_cam2_20250122_102040.jpg
crop_4332_pen1_tur_cam2_20250126_082349.jpg,3,pen1_tur_cam2_20250126_082349.jpg
crop_4333_pen1_tur_cam2_20250220_071522.jpg,3,pen1_tur_cam2_20250220_071522.jpg
crop_4334_pen1_tur_cam2_20250207_132256.jpg,3,pen1_tur_cam2_20250207_132256.jpg
crop_4335_pen2_tur_cam1_20250109_070854.jpg,3,pen2_tur_cam1_20250109_070854.jpg
crop_4336_pen2_tur_cam1_20250124_090955.jpg,3,pen2_tur_cam1_20250124_090955.jpg
crop_4337_pen1_tur_cam2_20250203_110411.jpg,3,pen1_tur_cam2_20250203_110411.jpg
crop_4338_pen2_tur_cam1_20250109_080159.jpg,3,pen2_tur_cam1_20250109_080159.jpg
crop_4339_pen2_tur_cam1_20250109_075115.jpg,3,pen2_tur_cam1_20250109_075115.jpg
crop_4340_pen2_tur_cam1_20250109_071313.jpg,3,pen2_tur_cam1_20250109_071313.jpg
crop_4341_pen1_tur_cam2_20250127_133032.jpg,3,pen1_tur_cam2_20250127_133032.jpg
crop_4342_pen2_tur_cam1_20250109_075658.jpg,3,pen2_tur_cam1_20250109_075658.jpg
crop_4343_pen2_tur_cam1_20250109_070613.jpg,3,pen2_tur_cam1_20250109_070613.jpg
crop_4344_pen2_tur_cam1_20250120_081432.jpg,3,pen2_tur_cam1_20250120_081432.jpg
crop_4345_pen2_tur_cam2_20250120_073929.jpg,3,pen2_tur_cam2_20250120_073929.jpg
crop_4346_pen1_tur_cam2_20250125_140125.jpg,3,pen1_tur_cam2_20250125_140125.jpg
crop_4347_pen2_tur_cam1_20250109_070723.jpg,3,pen2_tur_cam1_20250109_070723.jpg
crop_4348_pen1_tur_cam2_20250127_103002.jpg,3,pen1_tur_cam2_20250127_103002.jpg
crop_4349_pen2_tur_cam1_20250109_075939.jpg,3,pen2_tur_cam1_20250109_075939.jpg
crop_4350_pen2_orb_cam1_20250108_081832.jpg,3,pen2_orb_cam1_20250108_081832.jpg
crop_4351_pen1_tur_cam2_20250126_101554.jpg,3,pen1_tur_cam2_20250126_101554.jpg
crop_4352_pen1_orb_cam2_20250108_090426.jpg,3,pen1_orb_cam2_20250108_090426.jpg
crop_4353_pen1_tur_cam2_20250127_151344.jpg,3,pen1_tur_cam2_20250127_151344.jpg
crop_4354_pen2_tur_cam1_20250209_070648.jpg,3,pen2_tur_cam1_20250209_070648.jpg
crop_4355_pen2_orb_cam1_20250108_084009.jpg,3,pen2_orb_cam1_20250108_084009.jpg
crop_4356_pen1_tur_cam2_20250220_091030.jpg,3,pen1_tur_cam2_20250220_091030.jpg
crop_4357_pen2_tur_cam1_20250109_074813.jpg,3,pen2_tur_cam1_20250109_074813.jpg
crop_4358_pen2_tur_cam1_20250109_071355.jpg,3,pen2_tur_cam1_20250109_071355.jpg
crop_4359_pen1_tur_cam2_20250122_125055.jpg,3,pen1_tur_cam2_20250122_125055.jpg
crop_4360_pen2_tur_cam1_20250109_075108.jpg,3,pen2_tur_cam1_20250109_075108.jpg
crop_4361_pen2_tur_cam1_20250209_084014.jpg,3,pen2_tur_cam1_20250209_084014.jpg
crop_4362_pen1_tur_cam2_20250207_132436.jpg,3,pen1_tur_cam2_20250207_132436.jpg
crop_4363_pen1_tur_cam2_20250126_082850.jpg,3,pen1_tur_cam2_20250126_082850.jpg
crop_4364_pen2_orb_cam1_20250108_083212.jpg,3,pen2_orb_cam1_20250108_083212.jpg
crop_4365_pen2_tur_cam1_20250123_142347.jpg,3,pen2_tur_cam1_20250123_142347.jpg
crop_4366_pen2_tur_cam1_20250109_080103.jpg,3,pen2_tur_cam1_20250109_080103.jpg
crop_4367_pen1_tur_cam2_20250127_125612.jpg,3,pen1_tur_cam2_20250127_125612.jpg
crop_4368_pen2_orb_cam1_20250108_081044.jpg,3,pen2_orb_cam1_20250108_081044.jpg
crop_4369_pen1_tur_cam2_20250203_120055.jpg,3,pen1_tur_cam2_20250203_120055.jpg
crop_4370_pen2_tur_cam1_20250109_072912.jpg,3,pen2_tur_cam1_20250109_072912.jpg
crop_4371_pen1_tur_cam2_20250126_085531.jpg,3,pen1_tur_cam2_20250126_085531.jpg
crop_4372_pen2_tur_cam1_20250120_103801.jpg,3,pen2_tur_cam1_20250120_103801.jpg
crop_4373_pen2_tur_cam1_20250209_144222.jpg,3,pen2_tur_cam1_20250209_144222.jpg
crop_4374_pen1_orb_cam2_20250108_083331.jpg,3,pen1_orb_cam2_20250108_083331.jpg
crop_4375_pen2_tur_cam1_20250123_135247.jpg,3,pen2_tur_cam1_20250123_135247.jpg
crop_4376_pen2_tur_cam1_20250120_082933.jpg,3,pen2_tur_cam1_20250120_082933.jpg
crop_4377_pen2_tur_cam1_20250109_070936.jpg,3,pen2_tur_cam1_20250109_070936.jpg
crop_4378_pen2_tur_cam1_20250123_142857.jpg,3,pen2_tur_cam1_20250123_142857.jpg
crop_4379_pen2_tur_cam1_20250109_072905.jpg,3,pen2_tur_cam1_20250109_072905.jpg
crop_4380_pen1_tur_cam2_20250126_120907.jpg,3,pen1_tur_cam2_20250126_120907.jpg
crop_4381_pen2_tur_cam1_20250109_070709.jpg,3,pen2_tur_cam1_20250109_070709.jpg
crop_4382_pen1_tur_cam2_20250220_105858.jpg,3,pen1_tur_cam2_20250220_105858.jpg
crop_4383_pen2_tur_cam1_20250109_071952.jpg,3,pen2_tur_cam1_20250109_071952.jpg
crop_4384_pen1_tur_cam2_20250220_074524.jpg,3,pen1_tur_cam2_20250220_074524.jpg
crop_4385_pen1_tur_cam2_20250125_120933.jpg,3,pen1_tur_cam2_20250125_120933.jpg
crop_4386_pen1_tur_cam2_20250220_083528.jpg,3,pen1_tur_cam2_20250220_083528.jpg
crop_4387_pen2_tur_cam1_20250109_071657.jpg,3,pen2_tur_cam1_20250109_071657.jpg
crop_4388_pen2_orb_cam1_20250108_082226.jpg,3,pen2_orb_cam1_20250108_082226.jpg
crop_4389_pen2_orb_cam1_20250108_083945.jpg,3,pen2_orb_cam1_20250108_083945.jpg
crop_4390_pen2_orb_cam1_20250108_081225.jpg,3,pen2_orb_cam1_20250108_081225.jpg
crop_4391_pen2_tur_cam1_20250123_110506.jpg,3,pen2_tur_cam1_20250123_110506.jpg
crop_4392_pen2_tur_cam1_20250120_072748.jpg,3,pen2_tur_cam1_20250120_072748.jpg
crop_4393_pen1_tur_cam2_20250203_102909.jpg,3,pen1_tur_cam2_20250203_102909.jpg
crop_4394_pen1_tur_cam2_20250125_101155.jpg,3,pen1_tur_cam2_20250125_101155.jpg
crop_4395_pen1_tur_cam2_20250127_140323.jpg,3,pen1_tur_cam2_20250127_140323.jpg
crop_4396_pen1_orb_cam2_20250108_085607.jpg,3,pen1_orb_cam2_20250108_085607.jpg
crop_4397_pen2_tur_cam1_20250109_080604.jpg,3,pen2_tur_cam1_20250109_080604.jpg
crop_4398_pen2_tur_cam1_20250109_075719.jpg,3,pen2_tur_cam1_20250109_075719.jpg
crop_4399_pen1_orb_cam2_20250108_085814.jpg,3,pen1_orb_cam2_20250108_085814.jpg
crop_4400_pen2_tur_cam1_20250209_090656.jpg,3,pen2_tur_cam1_20250209_090656.jpg
crop_4401_pen2_tur_cam1_20250109_075445.jpg,3,pen2_tur_cam1_20250109_075445.jpg
crop_4402_pen1_tur_cam2_20250201_134443.jpg,3,pen1_tur_cam2_20250201_134443.jpg
crop_4403_pen2_orb_cam1_20250108_083056.jpg,3,pen2_orb_cam1_20250108_083056.jpg
crop_4404_pen2_tur_cam1_20250109_070105.jpg,3,pen2_tur_cam1_20250109_070105.jpg
crop_4405_pen2_tur_cam1_20250124_091456.jpg,3,pen2_tur_cam1_20250124_091456.jpg
crop_4406_pen2_tur_cam1_20250123_145447.jpg,3,pen2_tur_cam1_20250123_145447.jpg
crop_4407_pen2_tur_cam1_20250109_071203.jpg,3,pen2_tur_cam1_20250109_071203.jpg
crop_4408_pen1_tur_cam1_20250203_095047.jpg,3,pen1_tur_cam1_20250203_095047.jpg
crop_4409_pen2_tur_cam1_20250209_103022.jpg,3,pen2_tur_cam1_20250209_103022.jpg
crop_4410_pen2_tur_cam1_20250209_113027.jpg,3,pen2_tur_cam1_20250209_113027.jpg
crop_4411_pen2_tur_cam1_20250120_102800.jpg,3,pen2_tur_cam1_20250120_102800.jpg
crop_4412_pen1_tur_cam2_20250122_121052.jpg,3,pen1_tur_cam2_20250122_121052.jpg
crop_4413_pen2_orb_cam1_20250108_081624.jpg,3,pen2_orb_cam1_20250108_081624.jpg
crop_4414_pen2_tur_cam1_20250209_110204.jpg,3,pen2_tur_cam1_20250209_110204.jpg
crop_4415_pen1_tur_cam2_20250220_093031.jpg,3,pen1_tur_cam2_20250220_093031.jpg
crop_4416_pen2_tur_cam1_20250109_071924.jpg,3,pen2_tur_cam1_20250109_071924.jpg
crop_4417_pen2_tur_cam1_20250109_070058.jpg,3,pen2_tur_cam1_20250109_070058.jpg
crop_4418_pen2_tur_cam1_20250209_110524.jpg,3,pen2_tur_cam1_20250209_110524.jpg
crop_4419_pen1_tur_cam2_20250122_144104.jpg,3,pen1_tur_cam2_20250122_144104.jpg
crop_4420_pen2_tur_cam1_20250123_120830.jpg,3,pen2_tur_cam1_20250123_120830.jpg
crop_4421_pen2_tur_cam1_20250109_080536.jpg,3,pen2_tur_cam1_20250109_080536.jpg
crop_4422_pen2_orb_cam2_20250217_130831.jpg,3,pen2_orb_cam2_20250217_130831.jpg
crop_4423_pen2_tur_cam1_20250109_070915.jpg,3,pen2_tur_cam1_20250109_070915.jpg
crop_4424_pen1_tur_cam2_20250207_140259.jpg,3,pen1_tur_cam2_20250207_140259.jpg
crop_4425_pen1_tur_cam2_20250127_133732.jpg,3,pen1_tur_cam2_20250127_133732.jpg
crop_4426_pen2_tur_cam1_20250109_074251.jpg,3,pen2_tur_cam1_20250109_074251.jpg
crop_4427_pen2_orb_cam1_20250108_081409.jpg,3,pen2_orb_cam1_20250108_081409.jpg
crop_4428_pen1_tur_cam2_20250201_092711.jpg,3,pen1_tur_cam2_20250201_092711.jpg
crop_4429_pen2_tur_cam1_20250109_070524.jpg,3,pen2_tur_cam1_20250109_070524.jpg
crop_4430_pen1_tur_cam2_20250220_110858.jpg,3,pen1_tur_cam2_20250220_110858.jpg
crop_4431_pen2_tur_cam1_20250109_074923.jpg,3,pen2_tur_cam1_20250109_074923.jpg
crop_4432_pen2_orb_cam1_20250108_081609.jpg,3,pen2_orb_cam1_20250108_081609.jpg
crop_4433_pen1_tur_cam2_20250207_123252.jpg,3,pen1_tur_cam2_20250207_123252.jpg
crop_4434_pen2_orb_cam1_20250108_082851.jpg,3,pen2_orb_cam1_20250108_082851.jpg
crop_4435_pen2_tur_cam1_20250109_071004.jpg,3,pen2_tur_cam1_20250109_071004.jpg
crop_4436_pen2_tur_cam1_20250120_073929.jpg,3,pen2_tur_cam1_20250120_073929.jpg
crop_4437_pen2_tur_cam1_20250120_120947.jpg,3,pen2_tur_cam1_20250120_120947.jpg
crop_4438_pen1_tur_cam2_20250125_133025.jpg,3,pen1_tur_cam2_20250125_133025.jpg
crop_4439_pen2_tur_cam1_20250123_140457.jpg,3,pen2_tur_cam1_20250123_140457.jpg
crop_4440_pen1_tur_cam2_20250207_143301.jpg,3,pen1_tur_cam2_20250207_143301.jpg
crop_4441_pen2_orb_cam1_20250108_081835.jpg,3,pen2_orb_cam1_20250108_081835.jpg
crop_4442_pen2_tur_cam1_20250109_071725.jpg,3,pen2_tur_cam1_20250109_071725.jpg
crop_4443_pen1_orb_cam1_20250108_085616.jpg,3,pen1_orb_cam1_20250108_085616.jpg
crop_4444_pen2_tur_cam1_20250109_071444.jpg,3,pen2_tur_cam1_20250109_071444.jpg
crop_4445_pen2_tur_cam1_20250109_075616.jpg,3,pen2_tur_cam1_20250109_075616.jpg
crop_4446_pen2_orb_cam1_20250108_080630.jpg,3,pen2_orb_cam1_20250108_080630.jpg
crop_4447_pen2_tur_cam1_20250209_105523.jpg,3,pen2_tur_cam1_20250209_105523.jpg
crop_4448_pen2_orb_cam1_20250108_083719.jpg,3,pen2_orb_cam1_20250108_083719.jpg
crop_4449_pen2_tur_cam1_20250123_120330.jpg,3,pen2_tur_cam1_20250123_120330.jpg
crop_4450_pen2_tur_cam1_20250109_071615.jpg,3,pen2_tur_cam1_20250109_071615.jpg
crop_4451_pen1_tur_cam2_20250203_104050.jpg,3,pen1_tur_cam2_20250203_104050.jpg
crop_4452_pen2_tur_cam1_20250109_070009.jpg,3,pen2_tur_cam1_20250109_070009.jpg
crop_4453_pen2_orb_cam1_20250108_081734.jpg,3,pen2_orb_cam1_20250108_081734.jpg
crop_4454_pen1_tur_cam2_20250125_143717.jpg,3,pen1_tur_cam2_20250125_143717.jpg
crop_4455_pen1_orb_cam2_20250108_091137.jpg,3,pen1_orb_cam2_20250108_091137.jpg
crop_4456_pen2_tur_cam1_20250109_070559.jpg,3,pen2_tur_cam1_20250109_070559.jpg
crop_4457_pen2_tur_cam1_20250209_091016.jpg,3,pen2_tur_cam1_20250209_091016.jpg
crop_4458_pen1_tur_cam2_20250126_101044.jpg,3,pen1_tur_cam2_20250126_101044.jpg
crop_4459_pen1_tur_cam2_20250127_145314.jpg,3,pen1_tur_cam2_20250127_145314.jpg
crop_4460_pen1_tur_cam2_20250127_130952.jpg,3,pen1_tur_cam2_20250127_130952.jpg
crop_4461_pen2_tur_cam1_20250109_073310.jpg,3,pen2_tur_cam1_20250109_073310.jpg
crop_4462_pen1_tur_cam2_20250125_132155.jpg,3,pen1_tur_cam2_20250125_132155.jpg
crop_4463_pen1_tur_cam2_20250126_121048.jpg,3,pen1_tur_cam2_20250126_121048.jpg
crop_4464_pen2_tur_cam1_20250209_143721.jpg,3,pen2_tur_cam1_20250209_143721.jpg
crop_4465_pen2_tur_cam1_20250120_095938.jpg,3,pen2_tur_cam1_20250120_095938.jpg
crop_4466_pen2_orb_cam1_20250108_080825.jpg,3,pen2_orb_cam1_20250108_080825.jpg
crop_4467_pen1_tur_cam2_20250201_085931.jpg,3,pen1_tur_cam2_20250201_085931.jpg
crop_4468_pen2_tur_cam1_20250109_072720.jpg,3,pen2_tur_cam1_20250109_072720.jpg
crop_4469_pen2_orb_cam1_20250108_081539.jpg,3,pen2_orb_cam1_20250108_081539.jpg
crop_4470_pen2_tur_cam1_20250209_112526.jpg,3,pen2_tur_cam1_20250209_112526.jpg
crop_4471_pen2_tur_cam1_20250109_071114.jpg,3,pen2_tur_cam1_20250109_071114.jpg
crop_4472_pen2_tur_cam1_20250109_071416.jpg,3,pen2_tur_cam1_20250109_071416.jpg
crop_4473_pen1_orb_cam1_20250108_085521.jpg,3,pen1_orb_cam1_20250108_085521.jpg
crop_4474_pen2_tur_cam1_20250109_071245.jpg,3,pen2_tur_cam1_20250109_071245.jpg
crop_4475_pen2_tur_cam1_20250109_080110.jpg,3,pen2_tur_cam1_20250109_080110.jpg
crop_4476_pen1_tur_cam2_20250125_123334.jpg,3,pen1_tur_cam2_20250125_123334.jpg
crop_4477_pen1_tur_cam2_20250125_104337.jpg,3,pen1_tur_cam2_20250125_104337.jpg
crop_4478_pen2_orb_cam1_20250108_081305.jpg,3,pen2_orb_cam1_20250108_081305.jpg
crop_4479_pen2_tur_cam1_20250109_070510.jpg,3,pen2_tur_cam1_20250109_070510.jpg
crop_4480_pen1_orb_cam2_20250108_085814.jpg,3,pen1_orb_cam2_20250108_085814.jpg
crop_4481_pen1_tur_cam2_20250122_120042.jpg,3,pen1_tur_cam2_20250122_120042.jpg
crop_4482_pen2_tur_cam1_20250124_092457.jpg,3,pen2_tur_cam1_20250124_092457.jpg
crop_4483_pen1_tur_cam2_20250126_095704.jpg,3,pen1_tur_cam2_20250126_095704.jpg
crop_4484_pen2_orb_cam1_20250108_083538.jpg,3,pen2_orb_cam1_20250108_083538.jpg
crop_4485_pen2_tur_cam1_20250209_122030.jpg,3,pen2_tur_cam1_20250209_122030.jpg
crop_4486_pen2_orb_cam1_20250108_081519.jpg,3,pen2_orb_cam1_20250108_081519.jpg
crop_4487_pen1_tur_cam2_20250125_065418.jpg,3,pen1_tur_cam2_20250125_065418.jpg
crop_4488_pen2_tur_cam1_20250123_143557.jpg,3,pen2_tur_cam1_20250123_143557.jpg
crop_4489_pen2_tur_cam1_20250109_071505.jpg,3,pen2_tur_cam1_20250109_071505.jpg
crop_4490_pen1_tur_cam2_20250203_111052.jpg,3,pen1_tur_cam2_20250203_111052.jpg
crop_4491_pen2_orb_cam1_20250108_081739.jpg,3,pen2_orb_cam1_20250108_081739.jpg
crop_4492_pen1_tur_cam2_20250220_074524.jpg,3,pen1_tur_cam2_20250220_074524.jpg
crop_4493_pen1_tur_cam2_20250220_103036.jpg,3,pen1_tur_cam2_20250220_103036.jpg
crop_4494_pen1_tur_cam2_20250122_145115.jpg,3,pen1_tur_cam2_20250122_145115.jpg
crop_4495_pen2_orb_cam1_20250108_082812.jpg,3,pen2_orb_cam1_20250108_082812.jpg
crop_4496_pen2_tur_cam1_20250109_070524.jpg,3,pen2_tur_cam1_20250109_070524.jpg
crop_4497_pen1_tur_cam2_20250220_084028.jpg,3,pen1_tur_cam2_20250220_084028.jpg
crop_4498_pen2_tur_cam1_20250109_070346.jpg,3,pen2_tur_cam1_20250109_070346.jpg
crop_4499_pen2_orb_cam1_20250108_084726.jpg,3,pen2_orb_cam1_20250108_084726.jpg
crop_4500_pen2_orb_cam1_20250108_083816.jpg,3,pen2_orb_cam1_20250108_083816.jpg
crop_4501_pen2_tur_cam1_20250109_070332.jpg,3,pen2_tur_cam1_20250109_070332.jpg
crop_4502_pen1_tur_cam2_20250127_102502.jpg,3,pen1_tur_cam2_20250127_102502.jpg
crop_4503_pen1_tur_cam2_20250127_153026.jpg,3,pen1_tur_cam2_20250127_153026.jpg
crop_4504_pen2_tur_cam1_20250109_075932.jpg,3,pen2_tur_cam1_20250109_075932.jpg
crop_4505_pen2_tur_cam1_20250109_075239.jpg,3,pen2_tur_cam1_20250109_075239.jpg
crop_4506_pen1_tur_cam2_20250220_090850.jpg,3,pen1_tur_cam2_20250220_090850.jpg
crop_4507_pen2_tur_cam1_20250120_105302.jpg,3,pen2_tur_cam1_20250120_105302.jpg
crop_4508_pen1_tur_cam2_20250220_084348.jpg,3,pen1_tur_cam2_20250220_084348.jpg
crop_4509_pen2_tur_cam1_20250209_074150.jpg,3,pen2_tur_cam1_20250209_074150.jpg
crop_4510_pen1_tur_cam2_20250201_092201.jpg,3,pen1_tur_cam2_20250201_092201.jpg
crop_4511_pen2_tur_cam1_20250109_075417.jpg,3,pen2_tur_cam1_20250109_075417.jpg
crop_4512_pen2_tur_cam1_20250109_080110.jpg,3,pen2_tur_cam1_20250109_080110.jpg
crop_4513_pen2_tur_cam1_20250120_132843.jpg,3,pen2_tur_cam1_20250120_132843.jpg
crop_4514_pen1_tur_cam2_20250125_072328.jpg,3,pen1_tur_cam2_20250125_072328.jpg
crop_4515_pen2_tur_cam1_20250109_070936.jpg,3,pen2_tur_cam1_20250109_070936.jpg
crop_4516_pen1_orb_cam2_20250108_131848.jpg,3,pen1_orb_cam2_20250108_131848.jpg
crop_4517_pen2_tur_cam1_20250109_072858.jpg,3,pen2_tur_cam1_20250109_072858.jpg
crop_4518_pen2_tur_cam1_20250120_135845.jpg,3,pen2_tur_cam1_20250120_135845.jpg
crop_4519_pen1_tur_cam2_20250203_112913.jpg,3,pen1_tur_cam2_20250203_112913.jpg
crop_4520_pen2_tur_cam1_20250109_071704.jpg,3,pen2_tur_cam1_20250109_071704.jpg
crop_4521_pen1_orb_cam2_20250108_085743.jpg,3,pen1_orb_cam2_20250108_085743.jpg
crop_4522_pen2_orb_cam1_20250108_085906.jpg,3,pen2_orb_cam1_20250108_085906.jpg
crop_4523_pen2_tur_cam1_20250120_110443.jpg,3,pen2_tur_cam1_20250120_110443.jpg
crop_4524_pen1_tur_cam2_20250126_141417.jpg,3,pen1_tur_cam2_20250126_141417.jpg
crop_4525_pen2_tur_cam1_20250109_072301.jpg,3,pen2_tur_cam1_20250109_072301.jpg
crop_4526_pen2_tur_cam1_20250109_073413.jpg,3,pen2_tur_cam1_20250109_073413.jpg
crop_4527_pen1_tur_cam2_20250125_134745.jpg,3,pen1_tur_cam2_20250125_134745.jpg
crop_4528_pen2_orb_cam1_20250108_081320.jpg,3,pen2_orb_cam1_20250108_081320.jpg
crop_4529_pen2_tur_cam1_20250109_071910.jpg,3,pen2_tur_cam1_20250109_071910.jpg
crop_4530_pen1_tur_cam2_20250220_100534.jpg,3,pen1_tur_cam2_20250220_100534.jpg
crop_4531_pen1_orb_cam2_20250108_134537.jpg,3,pen1_orb_cam2_20250108_134537.jpg
crop_4532_pen2_orb_cam1_20250108_080919.jpg,3,pen2_orb_cam1_20250108_080919.jpg
crop_4533_pen2_tur_cam1_20250109_075555.jpg,3,pen2_tur_cam1_20250109_075555.jpg
crop_4534_pen2_tur_cam1_20250209_074150.jpg,3,pen2_tur_cam1_20250209_074150.jpg
crop_4535_pen2_tur_cam1_20250109_071512.jpg,3,pen2_tur_cam1_20250109_071512.jpg
crop_4536_pen2_tur_cam1_20250120_104442.jpg,3,pen2_tur_cam1_20250120_104442.jpg
crop_4537_pen2_tur_cam1_20250109_080529.jpg,3,pen2_tur_cam1_20250109_080529.jpg
crop_4538_pen2_tur_cam1_20250209_150223.jpg,3,pen2_tur_cam1_20250209_150223.jpg
crop_4539_pen2_orb_cam1_20250108_084221.jpg,3,pen2_orb_cam1_20250108_084221.jpg
crop_4540_pen2_tur_cam1_20250209_095159.jpg,3,pen2_tur_cam1_20250209_095159.jpg
crop_4541_pen1_tur_cam2_20250127_102322.jpg,3,pen1_tur_cam2_20250127_102322.jpg
crop_4542_pen1_tur_cam2_20250125_142206.jpg,3,pen1_tur_cam2_20250125_142206.jpg
crop_4543_pen1_orb_cam2_20250108_080209.jpg,3,pen1_orb_cam2_20250108_080209.jpg
crop_4544_pen2_tur_cam1_20250109_080604.jpg,3,pen2_tur_cam1_20250109_080604.jpg
crop_4545_pen2_orb_cam1_20250108_081220.jpg,3,pen2_orb_cam1_20250108_081220.jpg
crop_4546_pen2_tur_cam1_20250109_075143.jpg,3,pen2_tur_cam1_20250109_075143.jpg
crop_4547_pen2_tur_cam1_20250120_073249.jpg,3,pen2_tur_cam1_20250120_073249.jpg
crop_4548_pen2_orb_cam1_20250108_084055.jpg,3,pen2_orb_cam1_20250108_084055.jpg
crop_4549_pen2_orb_cam1_20250108_082429.jpg,3,pen2_orb_cam1_20250108_082429.jpg
crop_4550_pen2_tur_cam1_20250109_070449.jpg,3,pen2_tur_cam1_20250109_070449.jpg
crop_4551_pen1_tur_cam2_20250127_141703.jpg,3,pen1_tur_cam2_20250127_141703.jpg
crop_4552_pen1_orb_cam2_20250108_090416.jpg,3,pen1_orb_cam2_20250108_090416.jpg
crop_4553_pen2_tur_cam1_20250120_130341.jpg,3,pen2_tur_cam1_20250120_130341.jpg
crop_4554_pen1_tur_cam2_20250220_103356.jpg,3,pen1_tur_cam2_20250220_103356.jpg
crop_4555_pen1_tur_cam2_20250127_122330.jpg,3,pen1_tur_cam2_20250127_122330.jpg
crop_4556_pen2_orb_cam1_20250108_083500.jpg,3,pen2_orb_cam1_20250108_083500.jpg
crop_4557_pen1_tur_cam2_20250203_101548.jpg,3,pen1_tur_cam2_20250203_101548.jpg
crop_4558_pen1_tur_cam2_20250207_150443.jpg,3,pen1_tur_cam2_20250207_150443.jpg
crop_4559_pen2_tur_cam1_20250109_072727.jpg,3,pen2_tur_cam1_20250109_072727.jpg
crop_4560_pen1_tur_cam2_20250125_133025.jpg,3,pen1_tur_cam2_20250125_133025.jpg
crop_4561_pen1_orb_cam2_20250108_134605.jpg,3,pen1_orb_cam2_20250108_134605.jpg
crop_4562_pen2_tur_cam1_20250109_072659.jpg,3,pen2_tur_cam1_20250109_072659.jpg
crop_4563_pen2_tur_cam1_20250209_124712.jpg,3,pen2_tur_cam1_20250209_124712.jpg
crop_4564_pen2_tur_cam1_20250209_124212.jpg,3,pen2_tur_cam1_20250209_124212.jpg
crop_4565_pen2_tur_cam1_20250109_070901.jpg,3,pen2_tur_cam1_20250109_070901.jpg
crop_4566_pen1_tur_cam2_20250220_104857.jpg,3,pen1_tur_cam2_20250220_104857.jpg
crop_4567_pen2_orb_cam1_20250108_084256.jpg,3,pen2_orb_cam1_20250108_084256.jpg
crop_4568_pen2_tur_cam1_20250109_072020.jpg,3,pen2_tur_cam1_20250109_072020.jpg
crop_4569_pen2_tur_cam1_20250109_070826.jpg,3,pen2_tur_cam1_20250109_070826.jpg
crop_4570_pen2_orb_cam1_20250108_082216.jpg,3,pen2_orb_cam1_20250108_082216.jpg
crop_4571_pen1_tur_cam2_20250125_124354.jpg,3,pen1_tur_cam2_20250125_124354.jpg
crop_4572_pen1_orb_cam2_20250108_085536.jpg,3,pen1_orb_cam2_20250108_085536.jpg
crop_4573_pen2_orb_cam1_20250108_085134.jpg,3,pen2_orb_cam1_20250108_085134.jpg
crop_4574_pen2_tur_cam1_20250120_110443.jpg,3,pen2_tur_cam1_20250120_110443.jpg
crop_4575_pen1_tur_cam2_20250126_081529.jpg,3,pen1_tur_cam2_20250126_081529.jpg
crop_4576_pen2_orb_cam1_20250108_080745.jpg,3,pen2_orb_cam1_20250108_080745.jpg
crop_4577_pen2_tur_cam1_20250120_122949.jpg,3,pen2_tur_cam1_20250120_122949.jpg
crop_4578_pen1_tur_cam2_20250126_084030.jpg,3,pen1_tur_cam2_20250126_084030.jpg
crop_4579_pen2_tur_cam1_20250109_074546.jpg,3,pen2_tur_cam1_20250109_074546.jpg
crop_4580_pen2_tur_cam1_20250109_071444.jpg,3,pen2_tur_cam1_20250109_071444.jpg
crop_4581_pen1_tur_cam2_20250126_131552.jpg,3,pen1_tur_cam2_20250126_131552.jpg
crop_4582_pen2_tur_cam1_20250109_070105.jpg,3,pen2_tur_cam1_20250109_070105.jpg
crop_4583_pen2_tur_cam1_20250109_075143.jpg,3,pen2_tur_cam1_20250109_075143.jpg
crop_4584_pen1_tur_cam2_20250207_125934.jpg,3,pen1_tur_cam2_20250207_125934.jpg
crop_4585_pen1_tur_cam2_20250127_104002.jpg,3,pen1_tur_cam2_20250127_104002.jpg
crop_4586_pen1_tur_cam2_20250125_122824.jpg,3,pen1_tur_cam2_20250125_122824.jpg
crop_4587_pen1_tur_cam2_20250220_080846.jpg,3,pen1_tur_cam2_20250220_080846.jpg
crop_4588_pen2_orb_cam1_20250108_081414.jpg,3,pen2_orb_cam1_20250108_081414.jpg
crop_4589_pen2_tur_cam1_20250109_071203.jpg,3,pen2_tur_cam1_20250109_071203.jpg
crop_4590_pen2_orb_cam1_20250108_082940.jpg,3,pen2_orb_cam1_20250108_082940.jpg
crop_4591_pen2_tur_cam1_20250109_080447.jpg,3,pen2_tur_cam1_20250109_080447.jpg
crop_4592_pen1_tur_cam2_20250125_083740.jpg,3,pen1_tur_cam2_20250125_083740.jpg
crop_4593_pen2_orb_cam1_20250108_080820.jpg,3,pen2_orb_cam1_20250108_080820.jpg
crop_4594_pen2_tur_cam1_20250123_143407.jpg,3,pen2_tur_cam1_20250123_143407.jpg
crop_4595_pen1_tur_cam2_20250125_112659.jpg,3,pen1_tur_cam2_20250125_112659.jpg
crop_4596_pen2_tur_cam1_20250120_124659.jpg,3,pen2_tur_cam1_20250120_124659.jpg
crop_4597_pen1_tur_cam2_20250203_113553.jpg,3,pen1_tur_cam2_20250203_113553.jpg
crop_4598_pen2_tur_cam1_20250109_070325.jpg,3,pen2_tur_cam1_20250109_070325.jpg
crop_4599_pen1_tur_cam2_20250125_144858.jpg,3,pen1_tur_cam2_20250125_144858.jpg
crop_4600_pen1_tur_cam2_20250122_110901.jpg,3,pen1_tur_cam2_20250122_110901.jpg
crop_4601_pen1_tur_cam2_20250126_082029.jpg,3,pen1_tur_cam2_20250126_082029.jpg
crop_4602_pen2_tur_cam1_20250123_100000.jpg,3,pen2_tur_cam1_20250123_100000.jpg
crop_4603_pen1_tur_cam2_20250203_112052.jpg,3,pen1_tur_cam2_20250203_112052.jpg
crop_4604_pen1_orb_cam2_20250108_090717.jpg,3,pen1_orb_cam2_20250108_090717.jpg
crop_4605_pen2_orb_cam1_20250108_080844.jpg,3,pen2_orb_cam1_20250108_080844.jpg
crop_4606_pen2_tur_cam1_20250109_071856.jpg,3,pen2_tur_cam1_20250109_071856.jpg
crop_4607_pen2_tur_cam1_20250120_143231.jpg,3,pen2_tur_cam1_20250120_143231.jpg
crop_4608_pen2_tur_cam1_20250209_100521.jpg,3,pen2_tur_cam1_20250209_100521.jpg
crop_4609_pen1_tur_cam2_20250207_125934.jpg,3,pen1_tur_cam2_20250207_125934.jpg
crop_4610_pen2_tur_cam1_20250109_073303.jpg,3,pen2_tur_cam1_20250109_073303.jpg
crop_4611_pen2_tur_cam1_20250215_095748.jpg,3,pen2_tur_cam1_20250215_095748.jpg
crop_4612_pen1_tur_cam2_20250122_133418.jpg,3,pen1_tur_cam2_20250122_133418.jpg
crop_4613_pen2_orb_cam1_20250108_081124.jpg,3,pen2_orb_cam1_20250108_081124.jpg
crop_4614_pen2_orb_cam2_20250217_130242.jpg,3,pen2_orb_cam2_20250217_130242.jpg
crop_4615_pen2_tur_cam1_20250109_071622.jpg,3,pen2_tur_cam1_20250109_071622.jpg
crop_4616_pen2_tur_cam1_20250209_071509.jpg,3,pen2_tur_cam1_20250209_071509.jpg
crop_4617_pen2_tur_cam1_20250109_071959.jpg,3,pen2_tur_cam1_20250109_071959.jpg
crop_4618_pen1_tur_cam2_20250203_111412.jpg,3,pen1_tur_cam2_20250203_111412.jpg
crop_4619_pen2_tur_cam1_20250209_140038.jpg,3,pen2_tur_cam1_20250209_140038.jpg
crop_4620_pen2_tur_cam1_20250120_103300.jpg,3,pen2_tur_cam1_20250120_103300.jpg
crop_4621_pen2_orb_cam1_20250108_082127.jpg,3,pen2_orb_cam1_20250108_082127.jpg
crop_4622_pen1_tur_cam2_20250220_081026.jpg,3,pen1_tur_cam2_20250220_081026.jpg
crop_4623_pen1_tur_cam2_20250125_075109.jpg,3,pen1_tur_cam2_20250125_075109.jpg
crop_4624_pen2_orb_cam1_20250108_082658.jpg,3,pen2_orb_cam1_20250108_082658.jpg
crop_4625_pen1_tur_cam2_20250126_101234.jpg,3,pen1_tur_cam2_20250126_101234.jpg
crop_4626_pen1_tur_cam2_20250220_093351.jpg,3,pen1_tur_cam2_20250220_093351.jpg
crop_4627_pen2_tur_cam1_20250109_075459.jpg,3,pen2_tur_cam1_20250109_075459.jpg
crop_4628_pen2_tur_cam1_20250109_070620.jpg,3,pen2_tur_cam1_20250109_070620.jpg
crop_4629_pen1_tur_cam2_20250201_143206.jpg,3,pen1_tur_cam2_20250201_143206.jpg
crop_4630_pen1_orb_cam2_20250108_131948.jpg,3,pen1_orb_cam2_20250108_131948.jpg
crop_4631_pen2_tur_cam1_20250109_072912.jpg,3,pen2_tur_cam1_20250109_072912.jpg
crop_4632_pen1_tur_cam2_20250122_142603.jpg,3,pen1_tur_cam2_20250122_142603.jpg
crop_4633_pen1_tur_cam2_20250127_150014.jpg,3,pen1_tur_cam2_20250127_150014.jpg
crop_4634_pen2_tur_cam1_20250109_070730.jpg,3,pen2_tur_cam1_20250109_070730.jpg
crop_4635_pen1_tur_cam2_20250203_102409.jpg,3,pen1_tur_cam2_20250203_102409.jpg
crop_4636_pen2_tur_cam1_20250109_080110.jpg,3,pen2_tur_cam1_20250109_080110.jpg
crop_4637_pen1_tur_cam2_20250220_100353.jpg,3,pen1_tur_cam2_20250220_100353.jpg
crop_4638_pen1_tur_cam2_20250203_113553.jpg,3,pen1_tur_cam2_20250203_113553.jpg
crop_4639_pen2_tur_cam1_20250123_104324.jpg,3,pen2_tur_cam1_20250123_104324.jpg
crop_4640_pen2_tur_cam1_20250209_141539.jpg,3,pen2_tur_cam1_20250209_141539.jpg
crop_4641_pen1_tur_cam2_20250220_091350.jpg,3,pen1_tur_cam2_20250220_091350.jpg
crop_4642_pen2_orb_cam1_20250108_083040.jpg,3,pen2_orb_cam1_20250108_083040.jpg
crop_4643_pen2_tur_cam1_20250109_080124.jpg,3,pen2_tur_cam1_20250109_080124.jpg
crop_4644_pen2_tur_cam1_20250109_070154.jpg,3,pen2_tur_cam1_20250109_070154.jpg
crop_4645_pen2_tur_cam1_20250109_070037.jpg,3,pen2_tur_cam1_20250109_070037.jpg
crop_4646_pen2_tur_cam1_20250209_121210.jpg,3,pen2_tur_cam1_20250209_121210.jpg
crop_4647_pen1_tur_cam2_20250122_114001.jpg,3,pen1_tur_cam2_20250122_114001.jpg
crop_4648_pen2_tur_cam1_20250209_120710.jpg,3,pen2_tur_cam1_20250209_120710.jpg
crop_4649_pen2_tur_cam1_20250209_104203.jpg,3,pen2_tur_cam1_20250209_104203.jpg
crop_4650_pen1_orb_cam2_20250108_080108.jpg,3,pen1_orb_cam2_20250108_080108.jpg
crop_4651_pen2_orb_cam1_20250108_083851.jpg,3,pen2_orb_cam1_20250108_083851.jpg
crop_4652_pen2_tur_cam1_20250123_143047.jpg,3,pen2_tur_cam1_20250123_143047.jpg
crop_4653_pen1_tur_cam2_20250127_113006.jpg,3,pen1_tur_cam2_20250127_113006.jpg
crop_4654_pen2_orb_cam1_20250108_081840.jpg,3,pen2_orb_cam1_20250108_081840.jpg
crop_4655_pen1_tur_cam2_20250207_122252.jpg,3,pen1_tur_cam2_20250207_122252.jpg
crop_4656_pen2_tur_cam1_20250123_133216.jpg,3,pen2_tur_cam1_20250123_133216.jpg
crop_4657_pen1_tur_cam2_20250126_134414.jpg,3,pen1_tur_cam2_20250126_134414.jpg
crop_4658_pen2_tur_cam1_20250109_075630.jpg,3,pen2_tur_cam1_20250109_075630.jpg
crop_4659_pen1_tur_cam2_20250127_120509.jpg,3,pen1_tur_cam2_20250127_120509.jpg
crop_4660_pen2_tur_cam1_20250109_080159.jpg,3,pen2_tur_cam1_20250109_080159.jpg
crop_4661_pen1_tur_cam2_20250125_144357.jpg,3,pen1_tur_cam2_20250125_144357.jpg
crop_4662_pen1_tur_cam2_20250201_134944.jpg,3,pen1_tur_cam2_20250201_134944.jpg
crop_4663_pen1_tur_cam2_20250127_120328.jpg,3,pen1_tur_cam2_20250127_120328.jpg
crop_4664_pen2_tur_cam1_20250109_072233.jpg,3,pen2_tur_cam1_20250109_072233.jpg
crop_4665_pen1_tur_cam2_20250125_144357.jpg,3,pen1_tur_cam2_20250125_144357.jpg
crop_4666_pen2_tur_cam1_20250109_073104.jpg,3,pen2_tur_cam1_20250109_073104.jpg
crop_4667_pen2_tur_cam1_20250109_071814.jpg,3,pen2_tur_cam1_20250109_071814.jpg
crop_4668_pen1_tur_cam2_20250201_092011.jpg,3,pen1_tur_cam2_20250201_092011.jpg
crop_4669_pen2_tur_cam1_20250123_121511.jpg,3,pen2_tur_cam1_20250123_121511.jpg
crop_4670_pen2_tur_cam1_20250123_152738.jpg,3,pen2_tur_cam1_20250123_152738.jpg
crop_4671_pen2_tur_cam1_20250120_122449.jpg,3,pen2_tur_cam1_20250120_122449.jpg
crop_4672_pen1_tur_cam2_20250125_075619.jpg,3,pen1_tur_cam2_20250125_075619.jpg
crop_4673_pen1_tur_cam2_20250201_085611.jpg,3,pen1_tur_cam2_20250201_085611.jpg
crop_4674_pen1_tur_cam2_20250203_095407.jpg,3,pen1_tur_cam2_20250203_095407.jpg
crop_4675_pen1_orb_cam2_20250108_085732.jpg,3,pen1_orb_cam2_20250108_085732.jpg
crop_4676_pen1_orb_cam2_20250108_091142.jpg,3,pen1_orb_cam2_20250108_091142.jpg
crop_4677_pen2_tur_cam1_20250109_072350.jpg,3,pen2_tur_cam1_20250109_072350.jpg
crop_4678_pen2_tur_cam1_20250109_073544.jpg,3,pen2_tur_cam1_20250109_073544.jpg
crop_4679_pen2_tur_cam1_20250109_070943.jpg,3,pen2_tur_cam1_20250109_070943.jpg
crop_4680_pen1_tur_cam2_20250203_093547.jpg,3,pen1_tur_cam2_20250203_093547.jpg
crop_4681_pen2_tur_cam1_20250109_071643.jpg,3,pen2_tur_cam1_20250109_071643.jpg
crop_4682_pen1_tur_cam2_20250125_065928.jpg,3,pen1_tur_cam2_20250125_065928.jpg
crop_4683_pen1_tur_cam1_20250203_093405.jpg,3,pen1_tur_cam1_20250203_093405.jpg
crop_4684_pen2_tur_cam1_20250123_103323.jpg,3,pen2_tur_cam1_20250123_103323.jpg
crop_4685_pen2_tur_cam1_20250109_071004.jpg,3,pen2_tur_cam1_20250109_071004.jpg
crop_4686_pen2_tur_cam1_20250109_071519.jpg,3,pen2_tur_cam1_20250109_071519.jpg
crop_4687_pen1_tur_cam2_20250122_094619.jpg,3,pen1_tur_cam2_20250122_094619.jpg
crop_4688_pen2_tur_cam2_20250120_081432.jpg,3,pen2_tur_cam2_20250120_081432.jpg
crop_4689_pen2_tur_cam1_20250109_071526.jpg,3,pen2_tur_cam1_20250109_071526.jpg
crop_4690_pen2_tur_cam1_20250109_074841.jpg,3,pen2_tur_cam1_20250109_074841.jpg
crop_4691_pen1_tur_cam2_20250126_081349.jpg,3,pen1_tur_cam2_20250126_081349.jpg
crop_4692_pen2_orb_cam1_20250108_083411.jpg,3,pen2_orb_cam1_20250108_083411.jpg
crop_4693_pen2_tur_cam1_20250123_122331.jpg,3,pen2_tur_cam1_20250123_122331.jpg
crop_4694_pen1_tur_cam2_20250125_065928.jpg,3,pen1_tur_cam2_20250125_065928.jpg
crop_4695_pen2_tur_cam1_20250109_072020.jpg,3,pen2_tur_cam1_20250109_072020.jpg
crop_4696_pen2_tur_cam1_20250109_071533.jpg,3,pen2_tur_cam1_20250109_071533.jpg
crop_4697_pen1_tur_cam2_20250127_133222.jpg,3,pen1_tur_cam2_20250127_133222.jpg
crop_4698_pen2_tur_cam1_20250209_140038.jpg,3,pen2_tur_cam1_20250209_140038.jpg
crop_4699_pen1_tur_cam2_20250220_071842.jpg,3,pen1_tur_cam2_20250220_071842.jpg
crop_4700_pen1_orb_cam2_20250108_132833.jpg,3,pen1_orb_cam2_20250108_132833.jpg
crop_4701_pen2_tur_cam1_20250209_124532.jpg,3,pen2_tur_cam1_20250209_124532.jpg
crop_4702_pen2_tur_cam1_20250109_073022.jpg,3,pen2_tur_cam1_20250109_073022.jpg
crop_4703_pen2_tur_cam1_20250109_070716.jpg,3,pen2_tur_cam1_20250109_070716.jpg
crop_4704_pen2_orb_cam1_20250108_080959.jpg,3,pen2_orb_cam1_20250108_080959.jpg
crop_4705_pen2_tur_cam1_20250109_075623.jpg,3,pen2_tur_cam1_20250109_075623.jpg
crop_4706_pen1_orb_cam2_20250108_085526.jpg,3,pen1_orb_cam2_20250108_085526.jpg
crop_4707_pen1_tur_cam2_20250125_122314.jpg,3,pen1_tur_cam2_20250125_122314.jpg
crop_4708_pen1_tur_cam2_20250126_094454.jpg,3,pen1_tur_cam2_20250126_094454.jpg
crop_4709_pen2_tur_cam1_20250109_071402.jpg,3,pen2_tur_cam1_20250109_071402.jpg
crop_4710_pen2_orb_cam1_20250108_080625.jpg,3,pen2_orb_cam1_20250108_080625.jpg
crop_4711_pen1_tur_cam2_20250127_123341.jpg,3,pen1_tur_cam2_20250127_123341.jpg
crop_4712_pen2_tur_cam1_20250209_095019.jpg,3,pen2_tur_cam1_20250209_095019.jpg
crop_4713_pen1_tur_cam2_20250122_132918.jpg,3,pen1_tur_cam2_20250122_132918.jpg
crop_4714_pen2_tur_cam1_20250120_114445.jpg,3,pen2_tur_cam1_20250120_114445.jpg
crop_4715_pen2_orb_cam1_20250108_083421.jpg,3,pen2_orb_cam1_20250108_083421.jpg
crop_4716_pen2_tur_cam1_20250109_073832.jpg,3,pen2_tur_cam1_20250109_073832.jpg
crop_4717_pen2_tur_cam1_20250109_071348.jpg,3,pen2_tur_cam1_20250109_071348.jpg
crop_4718_pen2_tur_cam1_20250109_070112.jpg,3,pen2_tur_cam1_20250109_070112.jpg
crop_4719_pen2_tur_cam1_20250109_070304.jpg,3,pen2_tur_cam1_20250109_070304.jpg
crop_4720_pen2_tur_cam1_20250209_072009.jpg,3,pen2_tur_cam1_20250209_072009.jpg
crop_4721_pen2_orb_cam1_20250108_080810.jpg,3,pen2_orb_cam1_20250108_080810.jpg
crop_4722_pen2_tur_cam1_20250120_105802.jpg,3,pen2_tur_cam1_20250120_105802.jpg
crop_4723_pen2_tur_cam1_20250109_071217.jpg,3,pen2_tur_cam1_20250109_071217.jpg
crop_4724_pen2_tur_cam1_20250209_075011.jpg,3,pen2_tur_cam1_20250209_075011.jpg
crop_4725_pen2_tur_cam1_20250120_073929.jpg,3,pen2_tur_cam1_20250120_073929.jpg
crop_4726_pen2_tur_cam1_20250109_071718.jpg,3,pen2_tur_cam1_20250109_071718.jpg
crop_4727_pen2_orb_cam1_20250108_083617.jpg,3,pen2_orb_cam1_20250108_083617.jpg
crop_4728_pen1_tur_cam2_20250220_072523.jpg,3,pen1_tur_cam2_20250220_072523.jpg
crop_4729_pen2_tur_cam1_20250109_070030.jpg,3,pen2_tur_cam1_20250109_070030.jpg
crop_4730_pen2_tur_cam1_20250109_075712.jpg,3,pen2_tur_cam1_20250109_075712.jpg
crop_4731_pen1_tur_cam2_20250127_104503.jpg,3,pen1_tur_cam2_20250127_104503.jpg
crop_4732_pen2_tur_cam1_20250109_071938.jpg,3,pen2_tur_cam1_20250109_071938.jpg
crop_4733_pen2_tur_cam1_20250209_075511.jpg,3,pen2_tur_cam1_20250209_075511.jpg
crop_4734_pen1_orb_cam2_20250108_090351.jpg,3,pen1_orb_cam2_20250108_090351.jpg
crop_4735_pen2_orb_cam1_20250108_085412.jpg,3,pen2_orb_cam1_20250108_085412.jpg
crop_4736_pen2_tur_cam1_20250109_072617.jpg,3,pen2_tur_cam1_20250109_072617.jpg
crop_4737_pen2_tur_cam1_20250109_072453.jpg,3,pen2_tur_cam1_20250109_072453.jpg
crop_4738_pen1_tur_cam2_20250220_093351.jpg,3,pen1_tur_cam2_20250220_093351.jpg
crop_4739_pen2_tur_cam1_20250120_120447.jpg,3,pen2_tur_cam1_20250120_120447.jpg
crop_4740_pen2_tur_cam1_20250109_071238.jpg,3,pen2_tur_cam1_20250109_071238.jpg
crop_4741_pen2_tur_cam1_20250109_070353.jpg,3,pen2_tur_cam1_20250109_070353.jpg
crop_4742_pen2_tur_cam1_20250209_084014.jpg,3,pen2_tur_cam1_20250209_084014.jpg
crop_4743_pen1_tur_cam2_20250207_135758.jpg,3,pen1_tur_cam2_20250207_135758.jpg
crop_4744_pen2_tur_cam1_20250109_073256.jpg,3,pen2_tur_cam1_20250109_073256.jpg
crop_4745_pen2_tur_cam1_20250120_112444.jpg,3,pen2_tur_cam1_20250120_112444.jpg
crop_4746_pen2_tur_cam1_20250109_072048.jpg,3,pen2_tur_cam1_20250109_072048.jpg
crop_4747_pen1_tur_cam2_20250125_121253.jpg,3,pen1_tur_cam2_20250125_121253.jpg
crop_4748_pen2_tur_cam1_20250109_072205.jpg,3,pen2_tur_cam1_20250109_072205.jpg
crop_4749_pen1_tur_cam2_20250126_074026.jpg,3,pen1_tur_cam2_20250126_074026.jpg
crop_4750_pen2_tur_cam1_20250209_124712.jpg,3,pen2_tur_cam1_20250209_124712.jpg
crop_4751_pen1_orb_cam2_20250108_133051.jpg,3,pen1_orb_cam2_20250108_133051.jpg
crop_4752_pen2_tur_cam1_20250109_075953.jpg,3,pen2_tur_cam1_20250109_075953.jpg
crop_4753_pen1_tur_cam2_20250127_141703.jpg,3,pen1_tur_cam2_20250127_141703.jpg
crop_4754_pen2_orb_cam1_20250108_083201.jpg,3,pen2_orb_cam1_20250108_083201.jpg
crop_4755_pen2_tur_cam1_20250109_071046.jpg,3,pen2_tur_cam1_20250109_071046.jpg
crop_4756_pen2_tur_cam1_20250120_125340.jpg,3,pen2_tur_cam1_20250120_125340.jpg
crop_4757_pen2_tur_cam1_20250209_133036.jpg,3,pen2_tur_cam1_20250209_133036.jpg
crop_4758_pen2_tur_cam1_20250109_072219.jpg,3,pen2_tur_cam1_20250109_072219.jpg
crop_4759_pen1_tur_cam2_20250203_112913.jpg,3,pen1_tur_cam2_20250203_112913.jpg
crop_4760_pen2_tur_cam1_20250209_140539.jpg,3,pen2_tur_cam1_20250209_140539.jpg
crop_4761_pen2_tur_cam1_20250209_112206.jpg,3,pen2_tur_cam1_20250209_112206.jpg
crop_4762_pen2_tur_cam1_20250109_080611.jpg,3,pen2_tur_cam1_20250109_080611.jpg
crop_4763_pen2_tur_cam1_20250209_094659.jpg,3,pen2_tur_cam1_20250209_094659.jpg
crop_4764_pen2_tur_cam1_20250109_073317.jpg,3,pen2_tur_cam1_20250109_073317.jpg
crop_4765_pen2_tur_cam1_20250123_105325.jpg,3,pen2_tur_cam1_20250123_105325.jpg
crop_4766_pen2_tur_cam1_20250123_100320.jpg,3,pen2_tur_cam1_20250123_100320.jpg
crop_4767_pen1_tur_cam2_20250127_112005.jpg,3,pen1_tur_cam2_20250127_112005.jpg
crop_4768_pen1_tur_cam2_20250207_122432.jpg,3,pen1_tur_cam2_20250207_122432.jpg
crop_4769_pen2_tur_cam1_20250209_133216.jpg,3,pen2_tur_cam1_20250209_133216.jpg
crop_4770_pen2_tur_cam1_20250109_070140.jpg,3,pen2_tur_cam1_20250109_070140.jpg
crop_4771_pen1_tur_cam2_20250207_122432.jpg,3,pen1_tur_cam2_20250207_122432.jpg
crop_4772_pen1_orb_cam2_20250108_132843.jpg,3,pen1_orb_cam2_20250108_132843.jpg
crop_4773_pen2_tur_cam1_20250109_075808.jpg,3,pen2_tur_cam1_20250109_075808.jpg
crop_4774_pen1_tur_cam2_20250220_105858.jpg,3,pen1_tur_cam2_20250220_105858.jpg
crop_4775_pen1_tur_cam2_20250203_111052.jpg,3,pen1_tur_cam2_20250203_111052.jpg
crop_4776_pen2_tur_cam1_20250109_080714.jpg,3,pen2_tur_cam1_20250109_080714.jpg
crop_4777_pen1_tur_cam2_20250207_145443.jpg,3,pen1_tur_cam2_20250207_145443.jpg
crop_4778_pen1_tur_cam2_20250125_131645.jpg,3,pen1_tur_cam2_20250125_131645.jpg
crop_4779_pen1_tur_cam2_20250122_144925.jpg,3,pen1_tur_cam2_20250122_144925.jpg
crop_4780_pen1_tur_cam2_20250125_131645.jpg,3,pen1_tur_cam2_20250125_131645.jpg
crop_4781_pen2_tur_cam1_20250209_124712.jpg,3,pen2_tur_cam1_20250209_124712.jpg
crop_4782_pen2_tur_cam1_20250109_072322.jpg,3,pen2_tur_cam1_20250109_072322.jpg
crop_4783_pen1_tur_cam2_20250127_153026.jpg,3,pen1_tur_cam2_20250127_153026.jpg
crop_4784_pen2_tur_cam1_20250120_111304.jpg,3,pen2_tur_cam1_20250120_111304.jpg
crop_4785_pen1_tur_cam2_20250125_132005.jpg,3,pen1_tur_cam2_20250125_132005.jpg
crop_4786_pen2_tur_cam1_20250120_092936.jpg,3,pen2_tur_cam1_20250120_092936.jpg
crop_4787_pen2_tur_cam1_20250109_073455.jpg,3,pen2_tur_cam1_20250109_073455.jpg
crop_4788_pen2_tur_cam1_20250109_080206.jpg,3,pen2_tur_cam1_20250109_080206.jpg
crop_4789_pen2_tur_cam1_20250209_123212.jpg,3,pen2_tur_cam1_20250209_123212.jpg
crop_4790_pen2_tur_cam1_20250109_070051.jpg,3,pen2_tur_cam1_20250109_070051.jpg
crop_4791_pen2_tur_cam1_20250209_120710.jpg,3,pen2_tur_cam1_20250209_120710.jpg
crop_4792_pen2_tur_cam1_20250109_080714.jpg,3,pen2_tur_cam1_20250109_080714.jpg
crop_4793_pen1_tur_cam2_20250220_075344.jpg,3,pen1_tur_cam2_20250220_075344.jpg
crop_4794_pen1_tur_cam2_20250207_133937.jpg,3,pen1_tur_cam2_20250207_133937.jpg
crop_4795_pen2_tur_cam1_20250109_074326.jpg,3,pen2_tur_cam1_20250109_074326.jpg
crop_4796_pen2_tur_cam1_20250120_095758.jpg,3,pen2_tur_cam1_20250120_095758.jpg
crop_4797_pen2_tur_cam1_20250209_105704.jpg,3,pen2_tur_cam1_20250209_105704.jpg
crop_4798_pen2_tur_cam1_20250109_071959.jpg,3,pen2_tur_cam1_20250109_071959.jpg
crop_4799_pen1_tur_cam2_20250203_110411.jpg,3,pen1_tur_cam2_20250203_110411.jpg
crop_4800_pen1_tur_cam2_20250125_101655.jpg,3,pen1_tur_cam2_20250125_101655.jpg
crop_4801_pen1_tur_cam2_20250122_104630.jpg,3,pen1_tur_cam2_20250122_104630.jpg
crop_4802_pen2_orb_cam1_20250108_082901.jpg,3,pen2_orb_cam1_20250108_082901.jpg
crop_4803_pen2_tur_cam1_20250109_075459.jpg,3,pen2_tur_cam1_20250109_075459.jpg
crop_4804_pen1_orb_cam2_20250108_134311.jpg,3,pen1_orb_cam2_20250108_134311.jpg
crop_4805_pen1_orb_cam2_20250108_080138.jpg,3,pen1_orb_cam2_20250108_080138.jpg
crop_4806_pen1_tur_cam2_20250207_134758.jpg,3,pen1_tur_cam2_20250207_134758.jpg
crop_4807_pen2_orb_cam1_20250108_083800.jpg,3,pen2_orb_cam1_20250108_083800.jpg
crop_4808_pen2_orb_cam1_20250108_080450.jpg,3,pen2_orb_cam1_20250108_080450.jpg
crop_4809_pen2_tur_cam1_20250120_081252.jpg,3,pen2_tur_cam1_20250120_081252.jpg
crop_4810_pen1_tur_cam2_20250220_091530.jpg,3,pen1_tur_cam2_20250220_091530.jpg
crop_4811_pen2_tur_cam1_20250209_120710.jpg,3,pen2_tur_cam1_20250209_120710.jpg
crop_4812_pen2_tur_cam1_20250109_071739.jpg,3,pen2_tur_cam1_20250109_071739.jpg
crop_4813_pen2_tur_cam1_20250109_073249.jpg,3,pen2_tur_cam1_20250109_073249.jpg
crop_4814_pen2_orb_cam1_20250108_082356.jpg,3,pen2_orb_cam1_20250108_082356.jpg
crop_4815_pen2_tur_cam1_20250109_071526.jpg,3,pen2_tur_cam1_20250109_071526.jpg
crop_4816_pen2_tur_cam1_20250109_075630.jpg,3,pen2_tur_cam1_20250109_075630.jpg
crop_4817_pen1_tur_cam2_20250125_094833.jpg,3,pen1_tur_cam2_20250125_094833.jpg
crop_4818_pen2_tur_cam1_20250209_074010.jpg,3,pen2_tur_cam1_20250209_074010.jpg
crop_4819_pen1_tur_cam2_20250122_142102.jpg,3,pen1_tur_cam2_20250122_142102.jpg
crop_4820_pen2_tur_cam1_20250109_080454.jpg,3,pen2_tur_cam1_20250109_080454.jpg
crop_4821_pen2_tur_cam1_20250120_115306.jpg,3,pen2_tur_cam1_20250120_115306.jpg
crop_4822_pen1_tur_cam2_20250207_123433.jpg,3,pen1_tur_cam2_20250207_123433.jpg
crop_4823_pen2_tur_cam1_20250109_071842.jpg,3,pen2_tur_cam1_20250109_071842.jpg
crop_4824_pen2_tur_cam1_20250120_082933.jpg,3,pen2_tur_cam1_20250120_082933.jpg
crop_4825_pen2_tur_cam1_20250109_072706.jpg,3,pen2_tur_cam1_20250109_072706.jpg
crop_4826_pen2_tur_cam1_20250120_141718.jpg,3,pen2_tur_cam1_20250120_141718.jpg
crop_4827_pen1_tur_cam2_20250207_124253.jpg,3,pen1_tur_cam2_20250207_124253.jpg
crop_4828_pen2_tur_cam1_20250109_080131.jpg,3,pen2_tur_cam1_20250109_080131.jpg
crop_4829_pen2_tur_cam1_20250109_075424.jpg,3,pen2_tur_cam1_20250109_075424.jpg
crop_4830_pen1_tur_cam2_20250201_142506.jpg,3,pen1_tur_cam2_20250201_142506.jpg
crop_4831_pen1_orb_cam2_20250108_133051.jpg,3,pen1_orb_cam2_20250108_133051.jpg
crop_4832_pen2_tur_cam1_20250123_104504.jpg,3,pen2_tur_cam1_20250123_104504.jpg
crop_4833_pen1_tur_cam2_20250122_141102.jpg,3,pen1_tur_cam2_20250122_141102.jpg
crop_4834_pen1_tur_cam2_20250127_114007.jpg,3,pen1_tur_cam2_20250127_114007.jpg
crop_4835_pen2_tur_cam1_20250109_071608.jpg,3,pen2_tur_cam1_20250109_071608.jpg
crop_4836_pen2_orb_cam1_20250108_080605.jpg,3,pen2_orb_cam1_20250108_080605.jpg
crop_4837_pen2_tur_cam1_20250120_145349.jpg,3,pen2_tur_cam1_20250120_145349.jpg
crop_4838_pen2_orb_cam1_20250108_085241.jpg,3,pen2_orb_cam1_20250108_085241.jpg
crop_4839_pen2_tur_cam1_20250209_083514.jpg,3,pen2_tur_cam1_20250209_083514.jpg
crop_4840_pen2_tur_cam1_20250109_071938.jpg,3,pen2_tur_cam1_20250109_071938.jpg
crop_4841_pen2_orb_cam1_20250108_085605.jpg,3,pen2_orb_cam1_20250108_085605.jpg
crop_4842_pen2_orb_cam1_20250108_082106.jpg,3,pen2_orb_cam1_20250108_082106.jpg
crop_4843_pen2_tur_cam1_20250109_075129.jpg,3,pen2_tur_cam1_20250109_075129.jpg
crop_4844_pen2_tur_cam1_20250109_075843.jpg,3,pen2_tur_cam1_20250109_075843.jpg
crop_4845_pen2_orb_cam1_20250108_083416.jpg,3,pen2_orb_cam1_20250108_083416.jpg
crop_4846_pen1_tur_cam2_20250125_143216.jpg,3,pen1_tur_cam2_20250125_143216.jpg
crop_4847_pen2_tur_cam1_20250109_074806.jpg,3,pen2_tur_cam1_20250109_074806.jpg
crop_4848_pen1_orb_cam1_20250108_085953.jpg,3,pen1_orb_cam1_20250108_085953.jpg
crop_4849_pen1_tur_cam2_20250203_110911.jpg,3,pen1_tur_cam2_20250203_110911.jpg
crop_4850_pen2_orb_cam1_20250108_081009.jpg,3,pen2_orb_cam1_20250108_081009.jpg
crop_4851_pen2_orb_cam1_20250108_082830.jpg,3,pen2_orb_cam1_20250108_082830.jpg
crop_4852_pen1_orb_cam1_20250108_085731.jpg,3,pen1_orb_cam1_20250108_085731.jpg
crop_4853_pen2_tur_cam1_20250209_115709.jpg,3,pen2_tur_cam1_20250209_115709.jpg
crop_4854_pen2_orb_cam1_20250108_082137.jpg,3,pen2_orb_cam1_20250108_082137.jpg
crop_4855_pen2_tur_cam1_20250109_075513.jpg,3,pen2_tur_cam1_20250109_075513.jpg
crop_4856_pen2_tur_cam1_20250109_073249.jpg,3,pen2_tur_cam1_20250109_073249.jpg
crop_4857_pen1_tur_cam2_20250220_103036.jpg,3,pen1_tur_cam2_20250220_103036.jpg
crop_4858_pen2_tur_cam1_20250124_091136.jpg,3,pen2_tur_cam1_20250124_091136.jpg
crop_4859_pen1_tur_cam2_20250126_150520.jpg,3,pen1_tur_cam2_20250126_150520.jpg
crop_4860_pen1_tur_cam2_20250127_145314.jpg,3,pen1_tur_cam2_20250127_145314.jpg
crop_4861_pen2_tur_cam1_20250109_080721.jpg,3,pen2_tur_cam1_20250109_080721.jpg
crop_4862_pen2_tur_cam1_20250109_072254.jpg,3,pen2_tur_cam1_20250109_072254.jpg
crop_4863_pen2_orb_cam2_20250217_125952.jpg,3,pen2_orb_cam2_20250217_125952.jpg
crop_4864_pen2_tur_cam1_20250123_120010.jpg,3,pen2_tur_cam1_20250123_120010.jpg
crop_4865_pen2_orb_cam1_20250108_083730.jpg,3,pen2_orb_cam1_20250108_083730.jpg
crop_4866_pen1_orb_cam2_20250108_085717.jpg,3,pen1_orb_cam2_20250108_085717.jpg
crop_4867_pen2_tur_cam1_20250109_072638.jpg,3,pen2_tur_cam1_20250109_072638.jpg
crop_4868_pen2_tur_cam1_20250109_071355.jpg,3,pen2_tur_cam1_20250109_071355.jpg
crop_4869_pen1_tur_cam2_20250126_102805.jpg,3,pen1_tur_cam2_20250126_102805.jpg
crop_4870_pen2_tur_cam1_20250109_072343.jpg,3,pen2_tur_cam1_20250109_072343.jpg
crop_4871_pen1_tur_cam2_20250203_094548.jpg,3,pen1_tur_cam2_20250203_094548.jpg
crop_4872_pen2_orb_cam1_20250108_082423.jpg,3,pen2_orb_cam1_20250108_082423.jpg
crop_4873_pen2_tur_cam1_20250120_074750.jpg,3,pen2_tur_cam1_20250120_074750.jpg
crop_4874_pen2_tur_cam1_20250109_075857.jpg,3,pen2_tur_cam1_20250109_075857.jpg
crop_4875_pen2_tur_cam1_20250124_090635.jpg,3,pen2_tur_cam1_20250124_090635.jpg
crop_4876_pen2_tur_cam1_20250109_074415.jpg,3,pen2_tur_cam1_20250109_074415.jpg
crop_4877_pen2_tur_cam1_20250109_071800.jpg,3,pen2_tur_cam1_20250109_071800.jpg
crop_4878_pen2_tur_cam1_20250109_070318.jpg,3,pen2_tur_cam1_20250109_070318.jpg
crop_4879_pen2_tur_cam1_20250109_070613.jpg,3,pen2_tur_cam1_20250109_070613.jpg
crop_4880_pen2_tur_cam1_20250123_153058.jpg,3,pen2_tur_cam1_20250123_153058.jpg
crop_4881_pen2_orb_cam1_20250108_084408.jpg,3,pen2_orb_cam1_20250108_084408.jpg
crop_4882_pen2_tur_cam1_20250109_071629.jpg,3,pen2_tur_cam1_20250109_071629.jpg
crop_4883_pen1_tur_cam2_20250127_120328.jpg,3,pen1_tur_cam2_20250127_120328.jpg
crop_4884_pen1_tur_cam2_20250122_124915.jpg,3,pen1_tur_cam2_20250122_124915.jpg
crop_4885_pen1_tur_cam2_20250125_095834.jpg,3,pen1_tur_cam2_20250125_095834.jpg
crop_4886_pen2_tur_cam1_20250120_083433.jpg,3,pen2_tur_cam1_20250120_083433.jpg
crop_4887_pen1_tur_cam2_20250125_071819.jpg,3,pen1_tur_cam2_20250125_071819.jpg
crop_4888_pen1_tur_cam2_20250203_102549.jpg,3,pen1_tur_cam2_20250203_102549.jpg
crop_4889_pen1_tur_cam2_20250122_093919.jpg,3,pen1_tur_cam2_20250122_093919.jpg
crop_4890_pen2_orb_cam1_20250108_080420.jpg,3,pen2_orb_cam1_20250108_080420.jpg
crop_4891_pen1_orb_cam1_20250108_085219.jpg,3,pen1_orb_cam1_20250108_085219.jpg
crop_4892_pen1_tur_cam2_20250127_135303.jpg,3,pen1_tur_cam2_20250127_135303.jpg
crop_4893_pen2_tur_cam1_20250109_070819.jpg,3,pen2_tur_cam1_20250109_070819.jpg
crop_4894_pen2_tur_cam1_20250209_083013.jpg,3,pen2_tur_cam1_20250209_083013.jpg
crop_4895_pen1_orb_cam1_20250108_090228.jpg,3,pen1_orb_cam1_20250108_090228.jpg
crop_4896_pen2_tur_cam1_20250120_093937.jpg,3,pen2_tur_cam1_20250120_093937.jpg
crop_4897_pen2_tur_cam1_20250123_114008.jpg,3,pen2_tur_cam1_20250123_114008.jpg
crop_4898_pen2_tur_cam1_20250209_135218.jpg,3,pen2_tur_cam1_20250209_135218.jpg
crop_4899_pen1_tur_cam2_20250203_093405.jpg,3,pen1_tur_cam2_20250203_093405.jpg
crop_4900_pen2_tur_cam1_20250109_070805.jpg,3,pen2_tur_cam1_20250109_070805.jpg
crop_4901_pen2_tur_cam1_20250109_070854.jpg,3,pen2_tur_cam1_20250109_070854.jpg
crop_4902_pen2_tur_cam1_20250120_111304.jpg,3,pen2_tur_cam1_20250120_111304.jpg
crop_4903_pen2_tur_cam1_20250109_070908.jpg,3,pen2_tur_cam1_20250109_070908.jpg
crop_4904_pen1_tur_cam2_20250127_103002.jpg,3,pen1_tur_cam2_20250127_103002.jpg
crop_4905_pen2_tur_cam1_20250109_071355.jpg,3,pen2_tur_cam1_20250109_071355.jpg
crop_4906_pen2_tur_cam1_20250109_071711.jpg,3,pen2_tur_cam1_20250109_071711.jpg
crop_4907_pen2_orb_cam1_20250108_080615.jpg,3,pen2_orb_cam1_20250108_080615.jpg
crop_4908_pen2_tur_cam1_20250109_071156.jpg,3,pen2_tur_cam1_20250109_071156.jpg
crop_4909_pen2_tur_cam1_20250109_074958.jpg,3,pen2_tur_cam1_20250109_074958.jpg
crop_4910_pen1_tur_cam2_20250220_071341.jpg,3,pen1_tur_cam2_20250220_071341.jpg
crop_4911_pen2_tur_cam1_20250209_070508.jpg,3,pen2_tur_cam1_20250209_070508.jpg
crop_4912_pen2_tur_cam1_20250109_070332.jpg,3,pen2_tur_cam1_20250109_070332.jpg
crop_4913_pen2_tur_cam1_20250109_070723.jpg,3,pen2_tur_cam1_20250109_070723.jpg
crop_4914_pen1_tur_cam2_20250220_102355.jpg,3,pen1_tur_cam2_20250220_102355.jpg
crop_4915_pen2_tur_cam1_20250109_072741.jpg,3,pen2_tur_cam1_20250109_072741.jpg
crop_4916_pen2_tur_cam1_20250109_072343.jpg,3,pen2_tur_cam1_20250109_072343.jpg
crop_4917_pen1_tur_cam2_20250122_124415.jpg,3,pen1_tur_cam2_20250122_124415.jpg
crop_4918_pen2_tur_cam1_20250109_070559.jpg,3,pen2_tur_cam1_20250109_070559.jpg
crop_4919_pen1_tur_cam2_20250203_112413.jpg,3,pen1_tur_cam2_20250203_112413.jpg
crop_4920_pen1_tur_cam2_20250122_131917.jpg,3,pen1_tur_cam2_20250122_131917.jpg
crop_4921_pen2_tur_cam1_20250109_072123.jpg,3,pen2_tur_cam1_20250109_072123.jpg
crop_4922_pen2_tur_cam1_20250109_080014.jpg,3,pen2_tur_cam1_20250109_080014.jpg
crop_4923_pen2_tur_cam1_20250120_075430.jpg,3,pen2_tur_cam1_20250120_075430.jpg
crop_4924_pen2_tur_cam1_20250120_142347.jpg,3,pen2_tur_cam1_20250120_142347.jpg
crop_4925_pen2_tur_cam1_20250120_104442.jpg,3,pen2_tur_cam1_20250120_104442.jpg
crop_4926_pen1_tur_cam2_20250201_091141.jpg,3,pen1_tur_cam2_20250201_091141.jpg
crop_4927_pen2_orb_cam1_20250108_085621.jpg,3,pen2_orb_cam1_20250108_085621.jpg
crop_4928_pen1_tur_cam2_20250201_140625.jpg,3,pen1_tur_cam2_20250201_140625.jpg
crop_4929_pen1_tur_cam2_20250207_143942.jpg,3,pen1_tur_cam2_20250207_143942.jpg
crop_4930_pen2_tur_cam1_20250120_073749.jpg,3,pen2_tur_cam1_20250120_073749.jpg
crop_4931_pen2_orb_cam1_20250108_083411.jpg,3,pen2_orb_cam1_20250108_083411.jpg
crop_4932_pen2_tur_cam1_20250109_072535.jpg,3,pen2_tur_cam1_20250109_072535.jpg
crop_4933_pen1_tur_cam2_20250126_103825.jpg,3,pen1_tur_cam2_20250126_103825.jpg
crop_4934_pen2_tur_cam1_20250109_073317.jpg,3,pen2_tur_cam1_20250109_073317.jpg
crop_4935_pen2_tur_cam1_20250109_075658.jpg,3,pen2_tur_cam1_20250109_075658.jpg
crop_4936_pen2_tur_cam1_20250123_145637.jpg,3,pen2_tur_cam1_20250123_145637.jpg
crop_4937_pen2_orb_cam1_20250108_081439.jpg,3,pen2_orb_cam1_20250108_081439.jpg
crop_4938_pen1_orb_cam1_20250108_085828.jpg,3,pen1_orb_cam1_20250108_085828.jpg
crop_4939_pen2_tur_cam1_20250109_070751.jpg,3,pen2_tur_cam1_20250109_070751.jpg
crop_4940_pen2_tur_cam1_20250109_075211.jpg,3,pen2_tur_cam1_20250109_075211.jpg
crop_4941_pen2_tur_cam1_20250109_075644.jpg,3,pen2_tur_cam1_20250109_075644.jpg
crop_4942_pen1_tur_cam2_20250122_093049.jpg,3,pen1_tur_cam2_20250122_093049.jpg
crop_4943_pen2_tur_cam1_20250209_073650.jpg,3,pen2_tur_cam1_20250209_073650.jpg
crop_4944_pen2_tur_cam2_20250120_082433.jpg,3,pen2_tur_cam2_20250120_082433.jpg
crop_4945_pen2_orb_cam1_20250108_082407.jpg,3,pen2_orb_cam1_20250108_082407.jpg
crop_4946_pen1_orb_cam2_20250108_090059.jpg,3,pen1_orb_cam2_20250108_090059.jpg
crop_4947_pen2_tur_cam1_20250109_072741.jpg,3,pen2_tur_cam1_20250109_072741.jpg
crop_4948_pen1_tur_cam2_20250125_101835.jpg,3,pen1_tur_cam2_20250125_101835.jpg
crop_4949_pen2_tur_cam1_20250109_071622.jpg,3,pen2_tur_cam1_20250109_071622.jpg
crop_4950_pen2_tur_cam1_20250109_071046.jpg,3,pen2_tur_cam1_20250109_071046.jpg
crop_4951_pen2_tur_cam1_20250109_071601.jpg,3,pen2_tur_cam1_20250109_071601.jpg
crop_4952_pen1_tur_cam2_20250126_111756.jpg,3,pen1_tur_cam2_20250126_111756.jpg
crop_4953_pen1_orb_cam1_20250108_085833.jpg,3,pen1_orb_cam1_20250108_085833.jpg
crop_4954_pen2_tur_cam1_20250109_070243.jpg,3,pen2_tur_cam1_20250109_070243.jpg
crop_4955_pen1_orb_cam2_20250108_091304.jpg,3,pen1_orb_cam2_20250108_091304.jpg
crop_4956_pen2_tur_cam1_20250109_070318.jpg,3,pen2_tur_cam1_20250109_070318.jpg
crop_4957_pen2_tur_cam1_20250109_070819.jpg,3,pen2_tur_cam1_20250109_070819.jpg
crop_4958_pen2_orb_cam1_20250108_085230.jpg,3,pen2_orb_cam1_20250108_085230.jpg
crop_4959_pen1_tur_cam2_20250203_120415.jpg,3,pen1_tur_cam2_20250203_120415.jpg
crop_4960_pen2_tur_cam1_20250109_074141.jpg,3,pen2_tur_cam1_20250109_074141.jpg
crop_4961_pen1_tur_cam2_20250207_133757.jpg,3,pen1_tur_cam2_20250207_133757.jpg
crop_4962_pen2_tur_cam1_20250120_114806.jpg,3,pen2_tur_cam1_20250120_114806.jpg
crop_4963_pen2_tur_cam1_20250209_134037.jpg,3,pen2_tur_cam1_20250209_134037.jpg
crop_4964_pen2_orb_cam1_20250108_080625.jpg,3,pen2_orb_cam1_20250108_080625.jpg
crop_4965_pen2_orb_cam1_20250108_084641.jpg,3,pen2_orb_cam1_20250108_084641.jpg
crop_4966_pen1_tur_cam2_20250127_122831.jpg,3,pen1_tur_cam2_20250127_122831.jpg
crop_4967_pen2_tur_cam1_20250120_082752.jpg,3,pen2_tur_cam1_20250120_082752.jpg
crop_4968_pen1_tur_cam2_20250201_135124.jpg,3,pen1_tur_cam2_20250201_135124.jpg
crop_4969_pen2_tur_cam1_20250123_121511.jpg,3,pen2_tur_cam1_20250123_121511.jpg
crop_4970_pen2_tur_cam1_20250109_070222.jpg,3,pen2_tur_cam1_20250109_070222.jpg
crop_4971_pen2_tur_cam1_20250209_122710.jpg,3,pen2_tur_cam1_20250209_122710.jpg
crop_4972_pen2_tur_cam1_20250109_070929.jpg,3,pen2_tur_cam1_20250109_070929.jpg
crop_4973_pen2_tur_cam1_20250109_075403.jpg,3,pen2_tur_cam1_20250109_075403.jpg
crop_4974_pen2_tur_cam1_20250120_113445.jpg,3,pen2_tur_cam1_20250120_113445.jpg
crop_4975_pen1_tur_cam2_20250127_111325.jpg,3,pen1_tur_cam2_20250127_111325.jpg
crop_4976_pen2_orb_cam1_20250108_081739.jpg,3,pen2_orb_cam1_20250108_081739.jpg
crop_4977_pen2_tur_cam1_20250109_072240.jpg,3,pen2_tur_cam1_20250109_072240.jpg
crop_4978_pen1_tur_cam2_20250127_115508.jpg,3,pen1_tur_cam2_20250127_115508.jpg
crop_4979_pen2_tur_cam1_20250120_071248.jpg,3,pen2_tur_cam1_20250120_071248.jpg
crop_4980_pen2_orb_cam1_20250108_082249.jpg,3,pen2_orb_cam1_20250108_082249.jpg
crop_4981_pen2_tur_cam1_20250109_070606.jpg,3,pen2_tur_cam1_20250109_070606.jpg
crop_4982_pen2_tur_cam1_20250120_082752.jpg,3,pen2_tur_cam1_20250120_082752.jpg
crop_4983_pen2_orb_cam1_20250108_080740.jpg,3,pen2_orb_cam1_20250108_080740.jpg
crop_4984_pen2_tur_cam1_20250209_101521.jpg,3,pen2_tur_cam1_20250209_101521.jpg
crop_4985_pen1_tur_cam2_20250220_104537.jpg,3,pen1_tur_cam2_20250220_104537.jpg
crop_4986_pen2_tur_cam1_20250120_125340.jpg,3,pen2_tur_cam1_20250120_125340.jpg
crop_4987_pen2_tur_cam1_20250209_150543.jpg,3,pen2_tur_cam1_20250209_150543.jpg
crop_4988_pen2_tur_cam1_20250124_092637.jpg,3,pen2_tur_cam1_20250124_092637.jpg
crop_4989_pen2_tur_cam1_20250124_090955.jpg,3,pen2_tur_cam1_20250124_090955.jpg
crop_4990_pen2_tur_cam2_20250120_082252.jpg,3,pen2_tur_cam2_20250120_082252.jpg
crop_4991_pen2_tur_cam1_20250109_073008.jpg,3,pen2_tur_cam1_20250109_073008.jpg
crop_4992_pen2_orb_cam1_20250108_080750.jpg,3,pen2_orb_cam1_20250108_080750.jpg
crop_4993_pen2_tur_cam1_20250109_072521.jpg,3,pen2_tur_cam1_20250109_072521.jpg
crop_4994_pen2_tur_cam1_20250109_071849.jpg,3,pen2_tur_cam1_20250109_071849.jpg
crop_4995_pen2_tur_cam1_20250209_070148.jpg,3,pen2_tur_cam1_20250209_070148.jpg
crop_4996_pen2_tur_cam1_20250109_074855.jpg,3,pen2_tur_cam1_20250109_074855.jpg
crop_4997_pen1_tur_cam2_20250126_142557.jpg,3,pen1_tur_cam2_20250126_142557.jpg
crop_4998_pen2_tur_cam1_20250109_080700.jpg,3,pen2_tur_cam1_20250109_080700.jpg
crop_4999_pen1_tur_cam2_20250126_131412.jpg,3,pen1_tur_cam2_20250126_131412.jpg
crop_5000_pen1_tur_cam2_20250220_090349.jpg,3,pen1_tur_cam2_20250220_090349.jpg
crop_5001_pen2_orb_cam1_20250108_082812.jpg,3,pen2_orb_cam1_20250108_082812.jpg
crop_5002_pen1_tur_cam2_20250125_063337.jpg,3,pen1_tur_cam2_20250125_063337.jpg
crop_5003_pen2_orb_cam1_20250108_080540.jpg,3,pen2_orb_cam1_20250108_080540.jpg
crop_5004_pen2_tur_cam1_20250109_075602.jpg,3,pen2_tur_cam1_20250109_075602.jpg
crop_5005_pen1_tur_cam2_20250220_095033.jpg,3,pen1_tur_cam2_20250220_095033.jpg
crop_5006_pen1_tur_cam2_20250122_145115.jpg,3,pen1_tur_cam2_20250122_145115.jpg
crop_5007_pen2_tur_cam1_20250109_070854.jpg,3,pen2_tur_cam1_20250109_070854.jpg
crop_5008_pen1_tur_cam2_20250126_115406.jpg,3,pen1_tur_cam2_20250126_115406.jpg
crop_5009_pen1_tur_cam2_20250122_120552.jpg,3,pen1_tur_cam2_20250122_120552.jpg
crop_5010_pen2_tur_cam1_20250109_073104.jpg,3,pen2_tur_cam1_20250109_073104.jpg
crop_5011_pen2_orb_cam1_20250108_082137.jpg,3,pen2_orb_cam1_20250108_082137.jpg
crop_5012_pen2_tur_cam1_20250109_071231.jpg,3,pen2_tur_cam1_20250109_071231.jpg
crop_5013_pen2_tur_cam1_20250109_080714.jpg,3,pen2_tur_cam1_20250109_080714.jpg
crop_5014_pen1_tur_cam2_20250201_091501.jpg,3,pen1_tur_cam2_20250201_091501.jpg
crop_5015_pen2_tur_cam1_20250109_070819.jpg,3,pen2_tur_cam1_20250109_070819.jpg
crop_5016_pen2_tur_cam1_20250120_133703.jpg,3,pen2_tur_cam1_20250120_133703.jpg
crop_5017_pen2_tur_cam1_20250109_073516.jpg,3,pen2_tur_cam1_20250109_073516.jpg
crop_5018_pen2_tur_cam1_20250109_072940.jpg,3,pen2_tur_cam1_20250109_072940.jpg
crop_5019_pen2_tur_cam1_20250109_072357.jpg,3,pen2_tur_cam1_20250109_072357.jpg
crop_5020_pen2_tur_cam1_20250123_115829.jpg,3,pen2_tur_cam1_20250123_115829.jpg
crop_5021_pen2_tur_cam1_20250109_075150.jpg,3,pen2_tur_cam1_20250109_075150.jpg
crop_5022_pen2_tur_cam1_20250209_123711.jpg,3,pen2_tur_cam1_20250209_123711.jpg
crop_5023_pen1_tur_cam2_20250207_133757.jpg,3,pen1_tur_cam2_20250207_133757.jpg
crop_5024_pen2_tur_cam1_20250109_071100.jpg,3,pen2_tur_cam1_20250109_071100.jpg
crop_5025_pen2_tur_cam1_20250209_124532.jpg,3,pen2_tur_cam1_20250209_124532.jpg
crop_5026_pen2_tur_cam1_20250109_070318.jpg,3,pen2_tur_cam1_20250109_070318.jpg
crop_5027_pen1_tur_cam2_20250125_094653.jpg,3,pen1_tur_cam2_20250125_094653.jpg
crop_5028_pen2_tur_cam1_20250109_074312.jpg,3,pen2_tur_cam1_20250109_074312.jpg
crop_5029_pen2_tur_cam1_20250109_070812.jpg,3,pen2_tur_cam1_20250109_070812.jpg
crop_5030_pen2_tur_cam1_20250120_115947.jpg,3,pen2_tur_cam1_20250120_115947.jpg
crop_5031_pen1_tur_cam2_20250126_090032.jpg,3,pen1_tur_cam2_20250126_090032.jpg
crop_5032_pen1_tur_cam2_20250122_094429.jpg,3,pen1_tur_cam2_20250122_094429.jpg
crop_5033_pen2_tur_cam1_20250209_132536.jpg,3,pen2_tur_cam1_20250209_132536.jpg
crop_5034_pen2_tur_cam1_20250109_073750.jpg,3,pen2_tur_cam1_20250109_073750.jpg
crop_5035_pen1_tur_cam2_20250122_105330.jpg,3,pen1_tur_cam2_20250122_105330.jpg
crop_5036_pen1_tur_cam2_20250122_144104.jpg,3,pen1_tur_cam2_20250122_144104.jpg
crop_5037_pen2_orb_cam1_20250108_082311.jpg,3,pen2_orb_cam1_20250108_082311.jpg
crop_5038_pen2_tur_cam1_20250123_122831.jpg,3,pen2_tur_cam1_20250123_122831.jpg
crop_5039_pen2_orb_cam1_20250108_085351.jpg,3,pen2_orb_cam1_20250108_085351.jpg
crop_5040_pen2_tur_cam1_20250109_074244.jpg,3,pen2_tur_cam1_20250109_074244.jpg
crop_5041_pen2_orb_cam1_20250108_090159.jpg,3,pen2_orb_cam1_20250108_090159.jpg
crop_5042_pen2_tur_cam1_20250209_123532.jpg,3,pen2_tur_cam1_20250209_123532.jpg
crop_5043_pen2_tur_cam1_20250109_071430.jpg,3,pen2_tur_cam1_20250109_071430.jpg
crop_5044_pen1_tur_cam2_20250203_094908.jpg,3,pen1_tur_cam2_20250203_094908.jpg
crop_5045_pen1_tur_cam1_20250201_085931.jpg,3,pen1_tur_cam1_20250201_085931.jpg
crop_5046_pen2_tur_cam1_20250109_071938.jpg,3,pen2_tur_cam1_20250109_071938.jpg
crop_5047_pen1_tur_cam2_20250126_124550.jpg,3,pen1_tur_cam2_20250126_124550.jpg
crop_5048_pen2_tur_cam1_20250120_100759.jpg,3,pen2_tur_cam1_20250120_100759.jpg
crop_5049_pen2_tur_cam1_20250109_070407.jpg,3,pen2_tur_cam1_20250109_070407.jpg
crop_5050_pen2_tur_cam1_20250109_071718.jpg,3,pen2_tur_cam1_20250109_071718.jpg
crop_5051_pen2_tur_cam1_20250109_074113.jpg,3,pen2_tur_cam1_20250109_074113.jpg
crop_5052_pen1_orb_cam2_20250108_134543.jpg,3,pen1_orb_cam2_20250108_134543.jpg
crop_5053_pen2_orb_cam1_20250108_080420.jpg,3,pen2_orb_cam1_20250108_080420.jpg
crop_5054_pen1_tur_cam2_20250127_120509.jpg,3,pen1_tur_cam2_20250127_120509.jpg
crop_5055_pen2_tur_cam1_20250120_120947.jpg,3,pen2_tur_cam1_20250120_120947.jpg
crop_5056_pen2_tur_cam1_20250209_072009.jpg,3,pen2_tur_cam1_20250209_072009.jpg
crop_5057_pen1_orb_cam2_20250108_090124.jpg,3,pen1_orb_cam2_20250108_090124.jpg
crop_5058_pen1_tur_cam2_20250207_123753.jpg,3,pen1_tur_cam2_20250207_123753.jpg
crop_5059_pen2_tur_cam1_20250123_152738.jpg,3,pen2_tur_cam1_20250123_152738.jpg
crop_5060_pen1_tur_cam2_20250127_134753.jpg,3,pen1_tur_cam2_20250127_134753.jpg
crop_5061_pen2_tur_cam1_20250109_080056.jpg,3,pen2_tur_cam1_20250109_080056.jpg
crop_5062_pen2_tur_cam1_20250120_135204.jpg,3,pen2_tur_cam1_20250120_135204.jpg
crop_5063_pen2_tur_cam1_20250109_080721.jpg,3,pen2_tur_cam1_20250109_080721.jpg
crop_5064_pen2_tur_cam1_20250109_072521.jpg,3,pen2_tur_cam1_20250109_072521.jpg
crop_5065_pen1_tur_cam2_20250220_095033.jpg,3,pen1_tur_cam2_20250220_095033.jpg
crop_5066_pen1_tur_cam2_20250127_134603.jpg,3,pen1_tur_cam2_20250127_134603.jpg
crop_5067_pen2_tur_cam2_20250120_073749.jpg,3,pen2_tur_cam2_20250120_073749.jpg
crop_5068_pen2_tur_cam1_20250123_142027.jpg,3,pen2_tur_cam1_20250123_142027.jpg
crop_5069_pen2_orb_cam1_20250108_080645.jpg,3,pen2_orb_cam1_20250108_080645.jpg
crop_5070_pen1_orb_cam2_20250108_085712.jpg,3,pen1_orb_cam2_20250108_085712.jpg
crop_5071_pen2_tur_cam1_20250120_110943.jpg,3,pen2_tur_cam1_20250120_110943.jpg
crop_5072_pen1_tur_cam2_20250126_140055.jpg,3,pen1_tur_cam2_20250126_140055.jpg
crop_5073_pen1_orb_cam1_20250108_090057.jpg,3,pen1_orb_cam1_20250108_090057.jpg
crop_5074_pen2_tur_cam1_20250109_074937.jpg,3,pen2_tur_cam1_20250109_074937.jpg
crop_5075_pen2_tur_cam1_20250109_080646.jpg,3,pen2_tur_cam1_20250109_080646.jpg
crop_5076_pen2_tur_cam1_20250109_070744.jpg,3,pen2_tur_cam1_20250109_070744.jpg
crop_5077_pen2_orb_cam1_20250108_083601.jpg,3,pen2_orb_cam1_20250108_083601.jpg
crop_5078_pen2_tur_cam1_20250109_072720.jpg,3,pen2_tur_cam1_20250109_072720.jpg
crop_5079_pen1_tur_cam2_20250122_105140.jpg,3,pen1_tur_cam2_20250122_105140.jpg
crop_5080_pen2_tur_cam1_20250109_071217.jpg,3,pen2_tur_cam1_20250109_071217.jpg
crop_5081_pen2_tur_cam1_20250209_135218.jpg,3,pen2_tur_cam1_20250209_135218.jpg
crop_5082_pen1_tur_cam2_20250127_144954.jpg,3,pen1_tur_cam2_20250127_144954.jpg
crop_5083_pen2_tur_cam1_20250209_140219.jpg,3,pen2_tur_cam1_20250209_140219.jpg
crop_5084_pen1_tur_cam2_20250220_075024.jpg,3,pen1_tur_cam2_20250220_075024.jpg
crop_5085_pen2_tur_cam1_20250209_083013.jpg,3,pen2_tur_cam1_20250209_083013.jpg
crop_5086_pen1_tur_cam2_20250207_125254.jpg,3,pen1_tur_cam2_20250207_125254.jpg
crop_5087_pen1_tur_cam2_20250201_140125.jpg,3,pen1_tur_cam2_20250201_140125.jpg
crop_5088_pen2_tur_cam1_20250109_075630.jpg,3,pen2_tur_cam1_20250109_075630.jpg
crop_5089_pen2_tur_cam1_20250109_072446.jpg,3,pen2_tur_cam1_20250109_072446.jpg
crop_5090_pen2_tur_cam1_20250109_071128.jpg,3,pen2_tur_cam1_20250109_071128.jpg
crop_5091_pen2_orb_cam1_20250108_080545.jpg,3,pen2_orb_cam1_20250108_080545.jpg
crop_5092_pen2_tur_cam1_20250209_110204.jpg,3,pen2_tur_cam1_20250209_110204.jpg
crop_5093_pen1_tur_cam2_20250126_072025.jpg,3,pen1_tur_cam2_20250126_072025.jpg
crop_5094_pen2_tur_cam1_20250109_070723.jpg,3,pen2_tur_cam1_20250109_070723.jpg
crop_5095_pen2_tur_cam1_20250209_072009.jpg,3,pen2_tur_cam1_20250209_072009.jpg
crop_5096_pen2_orb_cam1_20250108_082631.jpg,3,pen2_orb_cam1_20250108_082631.jpg
crop_5097_pen1_orb_cam2_20250108_090109.jpg,3,pen1_orb_cam2_20250108_090109.jpg
crop_5098_pen2_tur_cam1_20250123_132716.jpg,3,pen2_tur_cam1_20250123_132716.jpg
crop_5099_pen2_tur_cam1_20250109_072404.jpg,3,pen2_tur_cam1_20250109_072404.jpg
crop_5100_pen1_tur_cam2_20250203_100047.jpg,3,pen1_tur_cam2_20250203_100047.jpg
crop_5101_pen2_tur_cam1_20250120_080251.jpg,3,pen2_tur_cam1_20250120_080251.jpg
crop_5102_pen2_tur_cam1_20250109_070737.jpg,3,pen2_tur_cam1_20250109_070737.jpg
crop_5103_pen2_tur_cam1_20250109_073118.jpg,3,pen2_tur_cam1_20250109_073118.jpg
crop_5104_pen2_tur_cam1_20250109_074436.jpg,3,pen2_tur_cam1_20250109_074436.jpg
crop_5105_pen2_tur_cam1_20250209_123711.jpg,3,pen2_tur_cam1_20250209_123711.jpg
crop_5106_pen2_orb_cam1_20250108_085508.jpg,3,pen2_orb_cam1_20250108_085508.jpg
crop_5107_pen1_tur_cam2_20250122_095639.jpg,3,pen1_tur_cam2_20250122_095639.jpg
crop_5108_pen1_tur_cam2_20250122_123054.jpg,3,pen1_tur_cam2_20250122_123054.jpg
crop_5109_pen2_orb_cam1_20250108_081300.jpg,3,pen2_orb_cam1_20250108_081300.jpg
crop_5110_pen1_tur_cam2_20250122_123414.jpg,3,pen1_tur_cam2_20250122_123414.jpg
crop_5111_pen2_tur_cam1_20250109_072219.jpg,3,pen2_tur_cam1_20250109_072219.jpg
crop_5112_pen2_tur_cam1_20250109_071004.jpg,3,pen2_tur_cam1_20250109_071004.jpg
crop_5113_pen2_tur_cam1_20250109_070016.jpg,3,pen2_tur_cam1_20250109_070016.jpg
crop_5114_pen2_tur_cam1_20250109_071732.jpg,3,pen2_tur_cam1_20250109_071732.jpg
crop_5115_pen1_tur_cam2_20250127_110004.jpg,3,pen1_tur_cam2_20250127_110004.jpg
crop_5116_pen2_tur_cam1_20250109_070503.jpg,3,pen2_tur_cam1_20250109_070503.jpg
crop_5117_pen2_tur_cam1_20250109_070847.jpg,3,pen2_tur_cam1_20250109_070847.jpg
crop_5118_pen1_tur_cam2_20250126_121548.jpg,3,pen1_tur_cam2_20250126_121548.jpg
crop_5119_pen1_tur_cam2_20250122_110201.jpg,3,pen1_tur_cam2_20250122_110201.jpg
crop_5120_pen2_tur_cam1_20250209_135538.jpg,3,pen2_tur_cam1_20250209_135538.jpg
crop_5121_pen2_tur_cam1_20250109_073441.jpg,3,pen2_tur_cam1_20250109_073441.jpg
crop_5122_pen2_orb_cam1_20250108_080540.jpg,3,pen2_orb_cam1_20250108_080540.jpg
crop_5123_pen2_tur_cam1_20250120_073429.jpg,3,pen2_tur_cam1_20250120_073429.jpg
crop_5124_pen2_tur_cam1_20250109_071931.jpg,3,pen2_tur_cam1_20250109_071931.jpg
crop_5125_pen2_tur_cam2_20250120_073929.jpg,3,pen2_tur_cam2_20250120_073929.jpg
crop_5126_pen2_tur_cam1_20250109_080035.jpg,3,pen2_tur_cam1_20250109_080035.jpg
crop_5127_pen1_tur_cam2_20250220_072022.jpg,3,pen1_tur_cam2_20250220_072022.jpg
crop_5128_pen1_orb_cam1_20250108_090018.jpg,3,pen1_orb_cam1_20250108_090018.jpg
crop_5129_pen2_tur_cam1_20250109_073125.jpg,3,pen2_tur_cam1_20250109_073125.jpg
crop_5130_pen2_tur_cam1_20250109_075513.jpg,3,pen2_tur_cam1_20250109_075513.jpg
crop_5131_pen1_tur_cam2_20250122_123915.jpg,3,pen1_tur_cam2_20250122_123915.jpg
crop_5132_pen2_tur_cam1_20250109_072439.jpg,3,pen2_tur_cam1_20250109_072439.jpg
crop_5133_pen1_tur_cam2_20250127_143233.jpg,3,pen1_tur_cam2_20250127_143233.jpg
crop_5134_pen2_tur_cam1_20250120_133343.jpg,3,pen2_tur_cam1_20250120_133343.jpg
crop_5135_pen2_tur_cam1_20250109_071910.jpg,3,pen2_tur_cam1_20250109_071910.jpg
crop_5136_pen2_orb_cam1_20250108_080859.jpg,3,pen2_orb_cam1_20250108_080859.jpg
crop_5137_pen2_tur_cam1_20250109_080344.jpg,3,pen2_tur_cam1_20250109_080344.jpg
crop_5138_pen2_orb_cam1_20250108_090119.jpg,3,pen2_orb_cam1_20250108_090119.jpg
crop_5139_pen1_tur_cam2_20250122_143924.jpg,3,pen1_tur_cam2_20250122_143924.jpg
crop_5140_pen1_tur_cam2_20250220_070841.jpg,3,pen1_tur_cam2_20250220_070841.jpg
crop_5141_pen2_tur_cam1_20250109_071121.jpg,3,pen2_tur_cam1_20250109_071121.jpg
crop_5142_pen2_tur_cam1_20250209_141539.jpg,3,pen2_tur_cam1_20250209_141539.jpg
crop_5143_pen1_tur_cam2_20250125_075109.jpg,3,pen1_tur_cam2_20250125_075109.jpg
crop_5144_pen1_tur_cam2_20250203_100407.jpg,3,pen1_tur_cam2_20250203_100407.jpg
crop_5145_pen2_tur_cam1_20250123_112507.jpg,3,pen2_tur_cam1_20250123_112507.jpg
crop_5146_pen1_tur_cam2_20250220_090530.jpg,3,pen1_tur_cam2_20250220_090530.jpg
crop_5147_pen2_tur_cam1_20250109_071807.jpg,3,pen2_tur_cam1_20250109_071807.jpg
crop_5148_pen2_tur_cam1_20250109_072144.jpg,3,pen2_tur_cam1_20250109_072144.jpg
crop_5149_pen1_orb_cam1_20250108_090248.jpg,3,pen1_orb_cam1_20250108_090248.jpg
crop_5150_pen1_tur_cam2_20250125_093332.jpg,3,pen1_tur_cam2_20250125_093332.jpg
crop_5151_pen1_tur_cam2_20250122_123054.jpg,3,pen1_tur_cam2_20250122_123054.jpg
crop_5152_pen2_tur_cam1_20250109_071828.jpg,3,pen2_tur_cam1_20250109_071828.jpg
crop_5153_pen2_tur_cam1_20250120_124839.jpg,3,pen2_tur_cam1_20250120_124839.jpg
crop_5154_pen2_tur_cam1_20250109_071238.jpg,3,pen2_tur_cam1_20250109_071238.jpg
crop_5155_pen1_tur_cam2_20250122_130917.jpg,3,pen1_tur_cam2_20250122_130917.jpg
crop_5156_pen2_tur_cam1_20250109_071526.jpg,3,pen2_tur_cam1_20250109_071526.jpg
crop_5157_pen2_orb_cam1_20250108_085247.jpg,3,pen2_orb_cam1_20250108_085247.jpg
crop_5158_pen2_tur_cam1_20250209_073150.jpg,3,pen2_tur_cam1_20250209_073150.jpg
crop_5159_pen2_tur_cam1_20250123_141837.jpg,3,pen2_tur_cam1_20250123_141837.jpg
crop_5160_pen2_orb_cam1_20250108_085230.jpg,3,pen2_orb_cam1_20250108_085230.jpg
crop_5161_pen2_tur_cam1_20250209_101701.jpg,3,pen2_tur_cam1_20250209_101701.jpg
crop_5162_pen1_tur_cam2_20250207_122432.jpg,3,pen1_tur_cam2_20250207_122432.jpg
crop_5163_pen2_tur_cam1_20250109_072507.jpg,3,pen2_tur_cam1_20250109_072507.jpg
crop_5164_pen2_tur_cam1_20250120_082252.jpg,3,pen2_tur_cam1_20250120_082252.jpg
crop_5165_pen1_tur_cam2_20250220_095533.jpg,3,pen1_tur_cam2_20250220_095533.jpg
crop_5166_pen2_orb_cam1_20250108_080949.jpg,3,pen2_orb_cam1_20250108_080949.jpg
crop_5167_pen2_tur_cam1_20250109_072151.jpg,3,pen2_tur_cam1_20250109_072151.jpg
crop_5168_pen1_tur_cam2_20250220_100534.jpg,3,pen1_tur_cam2_20250220_100534.jpg
crop_5169_pen1_tur_cam2_20250122_140921.jpg,3,pen1_tur_cam2_20250122_140921.jpg
crop_5170_pen1_tur_cam2_20250201_143716.jpg,3,pen1_tur_cam2_20250201_143716.jpg
crop_5171_pen1_tur_cam2_20250126_120547.jpg,3,pen1_tur_cam2_20250126_120547.jpg
crop_5172_pen2_tur_cam1_20250109_080124.jpg,3,pen2_tur_cam1_20250109_080124.jpg
crop_5173_pen2_tur_cam1_20250120_131842.jpg,3,pen2_tur_cam1_20250120_131842.jpg
crop_5174_pen2_tur_cam1_20250109_073551.jpg,3,pen2_tur_cam1_20250109_073551.jpg
crop_5175_pen2_orb_cam1_20250108_082608.jpg,3,pen2_orb_cam1_20250108_082608.jpg
crop_5176_pen1_orb_cam2_20250108_131953.jpg,3,pen1_orb_cam2_20250108_131953.jpg
crop_5177_pen2_tur_cam1_20250109_070215.jpg,3,pen2_tur_cam1_20250109_070215.jpg
crop_5178_pen1_tur_cam2_20250126_080528.jpg,3,pen1_tur_cam2_20250126_080528.jpg
crop_5179_pen2_tur_cam1_20250109_073008.jpg,3,pen2_tur_cam1_20250109_073008.jpg
crop_5180_pen2_tur_cam1_20250109_071800.jpg,3,pen2_tur_cam1_20250109_071800.jpg
crop_5181_pen2_tur_cam1_20250109_072212.jpg,3,pen2_tur_cam1_20250109_072212.jpg
crop_5182_pen2_tur_cam1_20250109_072652.jpg,3,pen2_tur_cam1_20250109_072652.jpg
crop_5183_pen2_orb_cam1_20250108_090142.jpg,3,pen2_orb_cam1_20250108_090142.jpg
crop_5184_pen1_tur_cam2_20250220_085349.jpg,3,pen1_tur_cam2_20250220_085349.jpg
crop_5185_pen1_tur_cam2_20250122_134559.jpg,3,pen1_tur_cam2_20250122_134559.jpg
crop_5186_pen2_tur_cam1_20250109_071746.jpg,3,pen2_tur_cam1_20250109_071746.jpg
crop_5187_pen2_orb_cam1_20250108_084152.jpg,3,pen2_orb_cam1_20250108_084152.jpg
crop_5188_pen2_orb_cam1_20250108_082153.jpg,3,pen2_orb_cam1_20250108_082153.jpg
crop_5189_pen2_tur_cam1_20250109_073956.jpg,3,pen2_tur_cam1_20250109_073956.jpg
crop_5190_pen1_tur_cam2_20250201_092201.jpg,3,pen1_tur_cam2_20250201_092201.jpg
crop_5191_pen1_tur_cam2_20250220_070521.jpg,3,pen1_tur_cam2_20250220_070521.jpg
crop_5192_pen2_tur_cam1_20250109_075946.jpg,3,pen2_tur_cam1_20250109_075946.jpg
crop_5193_pen2_tur_cam1_20250109_080721.jpg,3,pen2_tur_cam1_20250109_080721.jpg
crop_5194_pen1_tur_cam2_20250126_151540.jpg,3,pen1_tur_cam2_20250126_151540.jpg
crop_5195_pen2_orb_cam1_20250108_082316.jpg,3,pen2_orb_cam1_20250108_082316.jpg
crop_5196_pen2_tur_cam1_20250120_073429.jpg,3,pen2_tur_cam1_20250120_073429.jpg
crop_5197_pen2_tur_cam1_20250109_070812.jpg,3,pen2_tur_cam1_20250109_070812.jpg
crop_5198_pen2_tur_cam1_20250109_075459.jpg,3,pen2_tur_cam1_20250109_075459.jpg
crop_5199_pen1_tur_cam2_20250201_090121.jpg,3,pen1_tur_cam2_20250201_090121.jpg
crop_5200_pen1_tur_cam2_20250122_123054.jpg,3,pen1_tur_cam2_20250122_123054.jpg
crop_5201_pen1_tur_cam2_20250127_144954.jpg,3,pen1_tur_cam2_20250127_144954.jpg
crop_5202_pen2_tur_cam1_20250120_144348.jpg,3,pen2_tur_cam1_20250120_144348.jpg
crop_5203_pen2_orb_cam1_20250108_085930.jpg,3,pen2_orb_cam1_20250108_085930.jpg
crop_5204_pen2_tur_cam1_20250123_100000.jpg,3,pen2_tur_cam1_20250123_100000.jpg
crop_5205_pen2_tur_cam1_20250209_083514.jpg,3,pen2_tur_cam1_20250209_083514.jpg
crop_5206_pen2_tur_cam1_20250123_110325.jpg,3,pen2_tur_cam1_20250123_110325.jpg
crop_5207_pen2_tur_cam1_20250109_073921.jpg,3,pen2_tur_cam1_20250109_073921.jpg
crop_5208_pen2_tur_cam1_20250109_072041.jpg,3,pen2_tur_cam1_20250109_072041.jpg
crop_5209_pen2_tur_cam1_20250109_073818.jpg,3,pen2_tur_cam1_20250109_073818.jpg
crop_5210_pen2_orb_cam1_20250108_081559.jpg,3,pen2_orb_cam1_20250108_081559.jpg
crop_5211_pen2_tur_cam1_20250209_133717.jpg,3,pen2_tur_cam1_20250209_133717.jpg
crop_5212_pen1_tur_cam2_20250220_104036.jpg,3,pen1_tur_cam2_20250220_104036.jpg
crop_5213_pen2_tur_cam1_20250120_130701.jpg,3,pen2_tur_cam1_20250120_130701.jpg
crop_5214_pen1_tur_cam2_20250127_144954.jpg,3,pen1_tur_cam2_20250127_144954.jpg
crop_5215_pen2_orb_cam1_20250108_085252.jpg,3,pen2_orb_cam1_20250108_085252.jpg
crop_5216_pen2_tur_cam1_20250209_130214.jpg,3,pen2_tur_cam1_20250209_130214.jpg
crop_5217_pen2_orb_cam1_20250108_083633.jpg,3,pen2_orb_cam1_20250108_083633.jpg
crop_5218_pen2_tur_cam1_20250109_075211.jpg,3,pen2_tur_cam1_20250109_075211.jpg
crop_5219_pen1_tur_cam1_20250201_091501.jpg,3,pen1_tur_cam1_20250201_091501.jpg
crop_5220_pen2_tur_cam1_20250209_121530.jpg,3,pen2_tur_cam1_20250209_121530.jpg
crop_5221_pen1_tur_cam2_20250122_135920.jpg,3,pen1_tur_cam2_20250122_135920.jpg
crop_5222_pen2_tur_cam1_20250123_101822.jpg,3,pen2_tur_cam1_20250123_101822.jpg
crop_5223_pen2_tur_cam1_20250123_105825.jpg,3,pen2_tur_cam1_20250123_105825.jpg
crop_5224_pen2_tur_cam1_20250120_104302.jpg,3,pen2_tur_cam1_20250120_104302.jpg
crop_5225_pen2_tur_cam1_20250109_080742.jpg,3,pen2_tur_cam1_20250109_080742.jpg
crop_5226_pen2_tur_cam1_20250209_074010.jpg,3,pen2_tur_cam1_20250209_074010.jpg
crop_5227_pen2_tur_cam1_20250109_071327.jpg,3,pen2_tur_cam1_20250109_071327.jpg
crop_5228_pen1_tur_cam2_20250203_115414.jpg,3,pen1_tur_cam2_20250203_115414.jpg
crop_5229_pen2_tur_cam1_20250109_070854.jpg,3,pen2_tur_cam1_20250109_070854.jpg
crop_5230_pen2_tur_cam1_20250124_090135.jpg,3,pen2_tur_cam1_20250124_090135.jpg
crop_5231_pen2_tur_cam1_20250109_080255.jpg,3,pen2_tur_cam1_20250109_080255.jpg
crop_5232_pen2_tur_cam1_20250109_074539.jpg,3,pen2_tur_cam1_20250109_074539.jpg
crop_5233_pen1_tur_cam2_20250125_134745.jpg,3,pen1_tur_cam2_20250125_134745.jpg
crop_5234_pen2_tur_cam1_20250109_071622.jpg,3,pen2_tur_cam1_20250109_071622.jpg
crop_5235_pen2_tur_cam1_20250109_075513.jpg,3,pen2_tur_cam1_20250109_075513.jpg
crop_5236_pen2_orb_cam1_20250108_080949.jpg,3,pen2_orb_cam1_20250108_080949.jpg
crop_5237_pen2_tur_cam1_20250109_075946.jpg,3,pen2_tur_cam1_20250109_075946.jpg
crop_5238_pen1_tur_cam2_20250220_093351.jpg,3,pen1_tur_cam2_20250220_093351.jpg
crop_5239_pen2_orb_cam1_20250108_082918.jpg,3,pen2_orb_cam1_20250108_082918.jpg
crop_5240_pen1_orb_cam1_20250108_085731.jpg,3,pen1_orb_cam1_20250108_085731.jpg
crop_5241_pen2_orb_cam1_20250108_082401.jpg,3,pen2_orb_cam1_20250108_082401.jpg
crop_5242_pen1_tur_cam2_20250122_104630.jpg,3,pen1_tur_cam2_20250122_104630.jpg
crop_5243_pen2_orb_cam1_20250108_081429.jpg,3,pen2_orb_cam1_20250108_081429.jpg
crop_5244_pen2_tur_cam1_20250120_144711.jpg,3,pen2_tur_cam1_20250120_144711.jpg
crop_5245_pen2_tur_cam1_20250120_113945.jpg,3,pen2_tur_cam1_20250120_113945.jpg
crop_5246_pen2_tur_cam1_20250109_071814.jpg,3,pen2_tur_cam1_20250109_071814.jpg
crop_5247_pen2_tur_cam1_20250123_100000.jpg,3,pen2_tur_cam1_20250123_100000.jpg
crop_5248_pen2_tur_cam1_20250109_072748.jpg,3,pen2_tur_cam1_20250109_072748.jpg
crop_5249_pen1_tur_cam2_20250201_133623.jpg,3,pen1_tur_cam2_20250201_133623.jpg
crop_5250_pen2_tur_cam1_20250209_132716.jpg,3,pen2_tur_cam1_20250209_132716.jpg
crop_5251_pen1_tur_cam2_20250126_080849.jpg,3,pen1_tur_cam2_20250126_080849.jpg
crop_5252_pen2_orb_cam1_20250108_080630.jpg,3,pen2_orb_cam1_20250108_080630.jpg
crop_5253_pen2_tur_cam1_20250109_071203.jpg,3,pen2_tur_cam1_20250109_071203.jpg
crop_5254_pen2_tur_cam1_20250109_070112.jpg,3,pen2_tur_cam1_20250109_070112.jpg
crop_5255_pen2_orb_cam1_20250108_081554.jpg,3,pen2_orb_cam1_20250108_081554.jpg
crop_5256_pen1_tur_cam2_20250220_073023.jpg,3,pen1_tur_cam2_20250220_073023.jpg
crop_5257_pen2_orb_cam1_20250108_085040.jpg,3,pen2_orb_cam1_20250108_085040.jpg
crop_5258_pen1_tur_cam2_20250125_063147.jpg,3,pen1_tur_cam2_20250125_063147.jpg
crop_5259_pen2_orb_cam1_20250108_080625.jpg,3,pen2_orb_cam1_20250108_080625.jpg
crop_5260_pen1_tur_cam2_20250201_090951.jpg,3,pen1_tur_cam2_20250201_090951.jpg
crop_5261_pen2_orb_cam1_20250108_080400.jpg,3,pen2_orb_cam1_20250108_080400.jpg
crop_5262_pen2_orb_cam1_20250108_080535.jpg,3,pen2_orb_cam1_20250108_080535.jpg
crop_5263_pen1_tur_cam2_20250126_072345.jpg,3,pen1_tur_cam2_20250126_072345.jpg
crop_5264_pen2_tur_cam1_20250123_123832.jpg,3,pen2_tur_cam1_20250123_123832.jpg
crop_5265_pen2_tur_cam1_20250209_130034.jpg,3,pen2_tur_cam1_20250209_130034.jpg
crop_5266_pen1_tur_cam2_20250127_104002.jpg,3,pen1_tur_cam2_20250127_104002.jpg
crop_5267_pen1_tur_cam2_20250220_090349.jpg,3,pen1_tur_cam2_20250220_090349.jpg
crop_5268_pen2_orb_cam1_20250108_081739.jpg,3,pen2_orb_cam1_20250108_081739.jpg
crop_5269_pen1_tur_cam2_20250126_140055.jpg,3,pen1_tur_cam2_20250126_140055.jpg
crop_5270_pen2_tur_cam1_20250209_075511.jpg,3,pen2_tur_cam1_20250209_075511.jpg
crop_5271_pen2_orb_cam1_20250108_081159.jpg,3,pen2_orb_cam1_20250108_081159.jpg
crop_5272_pen2_tur_cam2_20250120_074930.jpg,3,pen2_tur_cam2_20250120_074930.jpg
crop_5273_pen2_tur_cam1_20250109_075918.jpg,3,pen2_tur_cam1_20250109_075918.jpg
crop_5274_pen2_tur_cam1_20250109_071732.jpg,3,pen2_tur_cam1_20250109_071732.jpg
crop_5275_pen2_tur_cam1_20250109_070318.jpg,3,pen2_tur_cam1_20250109_070318.jpg
crop_5276_pen2_tur_cam1_20250109_071224.jpg,3,pen2_tur_cam1_20250109_071224.jpg
crop_5277_pen2_tur_cam1_20250109_071519.jpg,3,pen2_tur_cam1_20250109_071519.jpg
crop_5278_pen2_tur_cam1_20250109_072116.jpg,3,pen2_tur_cam1_20250109_072116.jpg
crop_5279_pen1_orb_cam2_20250108_085834.jpg,3,pen1_orb_cam2_20250108_085834.jpg
crop_5280_pen2_tur_cam1_20250109_072535.jpg,3,pen2_tur_cam1_20250109_072535.jpg
crop_5281_pen2_tur_cam1_20250109_080653.jpg,3,pen2_tur_cam1_20250109_080653.jpg
crop_5282_pen1_orb_cam2_20250108_091259.jpg,3,pen1_orb_cam2_20250108_091259.jpg
crop_5283_pen1_tur_cam2_20250220_074024.jpg,3,pen1_tur_cam2_20250220_074024.jpg
crop_5284_pen1_tur_cam2_20250220_094032.jpg,3,pen1_tur_cam2_20250220_094032.jpg
crop_5285_pen2_tur_cam1_20250109_080653.jpg,3,pen2_tur_cam1_20250109_080653.jpg
crop_5286_pen2_tur_cam1_20250109_075925.jpg,3,pen2_tur_cam1_20250109_075925.jpg
crop_5287_pen2_orb_cam1_20250108_081519.jpg,3,pen2_orb_cam1_20250108_081519.jpg
crop_5288_pen2_tur_cam1_20250109_071224.jpg,3,pen2_tur_cam1_20250109_071224.jpg
crop_5289_pen2_tur_cam1_20250109_070414.jpg,3,pen2_tur_cam1_20250109_070414.jpg
crop_5290_pen2_tur_cam1_20250209_095519.jpg,3,pen2_tur_cam1_20250209_095519.jpg
crop_5291_pen1_tur_cam2_20250203_111552.jpg,3,pen1_tur_cam2_20250203_111552.jpg
crop_5292_pen1_tur_cam2_20250122_144104.jpg,3,pen1_tur_cam2_20250122_144104.jpg
crop_5293_pen2_tur_cam1_20250109_072116.jpg,3,pen2_tur_cam1_20250109_072116.jpg
crop_5294_pen2_orb_cam1_20250108_081119.jpg,3,pen2_orb_cam1_20250108_081119.jpg
crop_5295_pen2_orb_cam1_20250108_081931.jpg,3,pen2_orb_cam1_20250108_081931.jpg
crop_5296_pen2_tur_cam1_20250209_084014.jpg,3,pen2_tur_cam1_20250209_084014.jpg
crop_5297_pen2_orb_cam1_20250108_085308.jpg,3,pen2_orb_cam1_20250108_085308.jpg
crop_5298_pen1_tur_cam2_20250126_091353.jpg,3,pen1_tur_cam2_20250126_091353.jpg
crop_5299_pen1_tur_cam2_20250126_141557.jpg,3,pen1_tur_cam2_20250126_141557.jpg
crop_5300_pen2_tur_cam1_20250123_120830.jpg,3,pen2_tur_cam1_20250123_120830.jpg
crop_5301_pen2_tur_cam2_20250120_073929.jpg,3,pen2_tur_cam2_20250120_073929.jpg
crop_5302_pen2_tur_cam1_20250109_072521.jpg,3,pen2_tur_cam1_20250109_072521.jpg
crop_5303_pen2_tur_cam1_20250209_105704.jpg,3,pen2_tur_cam1_20250209_105704.jpg
crop_5304_pen2_tur_cam1_20250209_105704.jpg,3,pen2_tur_cam1_20250209_105704.jpg
crop_5305_pen1_tur_cam2_20250203_104410.jpg,3,pen1_tur_cam2_20250203_104410.jpg
crop_5306_pen2_tur_cam1_20250120_111944.jpg,3,pen2_tur_cam1_20250120_111944.jpg
crop_5307_pen2_orb_cam1_20250108_083324.jpg,3,pen2_orb_cam1_20250108_083324.jpg
crop_5308_pen1_tur_cam2_20250220_084348.jpg,3,pen1_tur_cam2_20250220_084348.jpg
crop_5309_pen2_tur_cam1_20250109_071402.jpg,3,pen2_tur_cam1_20250109_071402.jpg
crop_5310_pen1_tur_cam2_20250203_094908.jpg,3,pen1_tur_cam2_20250203_094908.jpg
crop_5311_pen1_tur_cam2_20250127_133732.jpg,3,pen1_tur_cam2_20250127_133732.jpg
crop_5312_pen2_orb_cam1_20250108_081004.jpg,3,pen2_orb_cam1_20250108_081004.jpg
crop_5313_pen2_tur_cam1_20250109_071458.jpg,3,pen2_tur_cam1_20250109_071458.jpg
crop_5314_pen2_tur_cam1_20250109_070943.jpg,3,pen2_tur_cam1_20250109_070943.jpg
crop_5315_pen2_orb_cam1_20250108_081305.jpg,3,pen2_orb_cam1_20250108_081305.jpg
crop_5316_pen2_orb_cam1_20250108_082255.jpg,3,pen2_orb_cam1_20250108_082255.jpg
crop_5317_pen2_tur_cam1_20250209_102021.jpg,3,pen2_tur_cam1_20250209_102021.jpg
crop_5318_pen2_tur_cam1_20250120_092756.jpg,3,pen2_tur_cam1_20250120_092756.jpg
crop_5319_pen1_tur_cam2_20250220_102855.jpg,3,pen1_tur_cam2_20250220_102855.jpg
crop_5320_pen2_orb_cam1_20250108_084542.jpg,3,pen2_orb_cam1_20250108_084542.jpg
crop_5321_pen2_tur_cam1_20250109_072954.jpg,3,pen2_tur_cam1_20250109_072954.jpg
crop_5322_pen1_tur_cam2_20250122_145625.jpg,3,pen1_tur_cam2_20250122_145625.jpg
crop_5323_pen2_orb_cam1_20250108_085848.jpg,3,pen2_orb_cam1_20250108_085848.jpg
crop_5324_pen2_tur_cam1_20250123_102002.jpg,3,pen2_tur_cam1_20250123_102002.jpg
crop_5325_pen2_orb_cam1_20250108_081230.jpg,3,pen2_orb_cam1_20250108_081230.jpg
crop_5326_pen2_tur_cam1_20250109_071011.jpg,3,pen2_tur_cam1_20250109_071011.jpg
crop_5327_pen2_tur_cam1_20250209_071148.jpg,3,pen2_tur_cam1_20250209_071148.jpg
crop_5328_pen1_tur_cam2_20250220_092350.jpg,3,pen1_tur_cam2_20250220_092350.jpg
crop_5329_pen1_tur_cam2_20250220_101354.jpg,3,pen1_tur_cam2_20250220_101354.jpg
crop_5330_pen1_tur_cam2_20250220_072523.jpg,3,pen1_tur_cam2_20250220_072523.jpg
crop_5331_pen1_tur_cam2_20250127_154026.jpg,3,pen1_tur_cam2_20250127_154026.jpg
crop_5332_pen1_tur_cam2_20250127_151844.jpg,3,pen1_tur_cam2_20250127_151844.jpg
crop_5333_pen2_tur_cam1_20250109_080543.jpg,3,pen2_tur_cam1_20250109_080543.jpg
crop_5334_pen2_tur_cam1_20250109_074916.jpg,3,pen2_tur_cam1_20250109_074916.jpg
crop_5335_pen2_orb_cam1_20250108_081044.jpg,3,pen2_orb_cam1_20250108_081044.jpg
crop_5336_pen2_tur_cam1_20250120_145718.jpg,3,pen2_tur_cam1_20250120_145718.jpg
crop_5337_pen2_tur_cam1_20250124_090455.jpg,3,pen2_tur_cam1_20250124_090455.jpg
crop_5338_pen2_tur_cam1_20250109_071540.jpg,3,pen2_tur_cam1_20250109_071540.jpg
crop_5339_pen2_tur_cam1_20250123_152738.jpg,3,pen2_tur_cam1_20250123_152738.jpg
crop_5340_pen2_tur_cam1_20250109_071842.jpg,3,pen2_tur_cam1_20250109_071842.jpg
crop_5341_pen2_tur_cam1_20250209_123030.jpg,3,pen2_tur_cam1_20250209_123030.jpg
crop_5342_pen2_tur_cam1_20250209_122030.jpg,3,pen2_tur_cam1_20250209_122030.jpg
crop_5343_pen2_tur_cam1_20250120_111944.jpg,3,pen2_tur_cam1_20250120_111944.jpg
crop_5344_pen2_tur_cam1_20250109_070510.jpg,3,pen2_tur_cam1_20250109_070510.jpg
crop_5345_pen2_tur_cam1_20250109_071910.jpg,3,pen2_tur_cam1_20250109_071910.jpg
crop_5346_pen1_tur_cam2_20250125_073539.jpg,3,pen1_tur_cam2_20250125_073539.jpg
crop_5347_pen2_tur_cam1_20250209_143541.jpg,3,pen2_tur_cam1_20250209_143541.jpg
crop_5348_pen1_tur_cam2_20250122_093919.jpg,3,pen1_tur_cam2_20250122_093919.jpg
crop_5349_pen2_tur_cam1_20250109_074155.jpg,3,pen2_tur_cam1_20250109_074155.jpg
crop_5350_pen2_tur_cam1_20250109_071004.jpg,3,pen2_tur_cam1_20250109_071004.jpg
crop_5351_pen1_tur_cam2_20250127_112506.jpg,3,pen1_tur_cam2_20250127_112506.jpg
crop_5352_pen1_tur_cam2_20250125_122824.jpg,3,pen1_tur_cam2_20250125_122824.jpg
crop_5353_pen2_orb_cam1_20250108_082602.jpg,3,pen2_orb_cam1_20250108_082602.jpg
crop_5354_pen1_tur_cam2_20250126_153810.jpg,3,pen1_tur_cam2_20250126_153810.jpg
crop_5355_pen1_tur_cam2_20250125_091652.jpg,3,pen1_tur_cam2_20250125_091652.jpg
crop_5356_pen1_orb_cam2_20250108_085959.jpg,3,pen1_orb_cam2_20250108_085959.jpg
crop_5357_pen2_orb_cam1_20250108_085107.jpg,3,pen2_orb_cam1_20250108_085107.jpg
crop_5358_pen1_tur_cam2_20250126_093944.jpg,3,pen1_tur_cam2_20250126_093944.jpg
crop_5359_pen2_tur_cam1_20250109_070058.jpg,3,pen2_tur_cam1_20250109_070058.jpg
crop_5360_pen1_tur_cam2_20250201_141126.jpg,3,pen1_tur_cam2_20250201_141126.jpg
crop_5361_pen2_tur_cam1_20250109_070140.jpg,3,pen2_tur_cam1_20250109_070140.jpg
crop_5362_pen2_tur_cam1_20250109_070456.jpg,3,pen2_tur_cam1_20250109_070456.jpg
crop_5363_pen2_orb_cam1_20250108_080635.jpg,3,pen2_orb_cam1_20250108_080635.jpg
crop_5364_pen2_tur_cam1_20250109_070023.jpg,3,pen2_tur_cam1_20250109_070023.jpg
crop_5365_pen2_tur_cam1_20250109_073214.jpg,3,pen2_tur_cam1_20250109_073214.jpg
crop_5366_pen2_tur_cam1_20250109_072336.jpg,3,pen2_tur_cam1_20250109_072336.jpg
crop_5367_pen2_orb_cam1_20250108_081826.jpg,3,pen2_orb_cam1_20250108_081826.jpg
crop_5368_pen2_tur_cam1_20250209_071148.jpg,3,pen2_tur_cam1_20250209_071148.jpg
crop_5369_pen1_tur_cam1_20250201_090951.jpg,3,pen1_tur_cam1_20250201_090951.jpg
crop_5370_pen2_orb_cam1_20250108_080405.jpg,3,pen2_orb_cam1_20250108_080405.jpg
crop_5371_pen1_orb_cam2_20250108_090054.jpg,3,pen1_orb_cam2_20250108_090054.jpg
crop_5372_pen2_tur_cam1_20250120_143848.jpg,3,pen2_tur_cam1_20250120_143848.jpg
crop_5373_pen2_tur_cam1_20250209_140219.jpg,3,pen2_tur_cam1_20250209_140219.jpg
crop_5374_pen2_tur_cam1_20250109_072137.jpg,3,pen2_tur_cam1_20250109_072137.jpg
crop_5375_pen1_tur_cam2_20250125_074919.jpg,3,pen1_tur_cam2_20250125_074919.jpg
crop_5376_pen2_tur_cam1_20250109_070812.jpg,3,pen2_tur_cam1_20250109_070812.jpg
crop_5377_pen2_orb_cam1_20250108_084118.jpg,3,pen2_orb_cam1_20250108_084118.jpg
crop_5378_pen1_orb_cam2_20250108_134526.jpg,3,pen1_orb_cam2_20250108_134526.jpg
crop_5379_pen2_orb_cam1_20250108_084141.jpg,3,pen2_orb_cam1_20250108_084141.jpg
crop_5380_pen1_tur_cam2_20250220_090850.jpg,3,pen1_tur_cam2_20250220_090850.jpg
crop_5381_pen2_tur_cam1_20250120_115306.jpg,3,pen2_tur_cam1_20250120_115306.jpg
crop_5382_pen2_tur_cam1_20250109_071725.jpg,3,pen2_tur_cam1_20250109_071725.jpg
crop_5383_pen2_tur_cam1_20250109_071533.jpg,3,pen2_tur_cam1_20250109_071533.jpg
crop_5384_pen2_tur_cam1_20250109_071643.jpg,3,pen2_tur_cam1_20250109_071643.jpg
crop_5385_pen2_tur_cam1_20250109_070648.jpg,3,pen2_tur_cam1_20250109_070648.jpg
crop_5386_pen1_tur_cam2_20250122_094940.jpg,3,pen1_tur_cam2_20250122_094940.jpg
crop_5387_pen1_tur_cam2_20250203_102409.jpg,3,pen1_tur_cam2_20250203_102409.jpg
crop_5388_pen2_orb_cam1_20250108_080909.jpg,3,pen2_orb_cam1_20250108_080909.jpg
crop_5389_pen1_tur_cam2_20250122_141102.jpg,3,pen1_tur_cam2_20250122_141102.jpg
crop_5390_pen2_tur_cam1_20250109_075452.jpg,3,pen2_tur_cam1_20250109_075452.jpg
crop_5391_pen1_tur_cam2_20250203_110051.jpg,3,pen1_tur_cam2_20250203_110051.jpg
crop_5392_pen2_tur_cam1_20250109_073516.jpg,3,pen2_tur_cam1_20250109_073516.jpg
crop_5393_pen1_tur_cam2_20250220_085529.jpg,3,pen1_tur_cam2_20250220_085529.jpg
crop_5394_pen2_orb_cam1_20250108_081729.jpg,3,pen2_orb_cam1_20250108_081729.jpg
crop_5395_pen2_orb_cam1_20250108_081144.jpg,3,pen2_orb_cam1_20250108_081144.jpg
crop_5396_pen1_orb_cam2_20250108_080209.jpg,3,pen1_orb_cam2_20250108_080209.jpg
crop_5397_pen2_tur_cam1_20250120_114806.jpg,3,pen2_tur_cam1_20250120_114806.jpg
crop_5398_pen2_tur_cam1_20250120_124839.jpg,3,pen2_tur_cam1_20250120_124839.jpg
crop_5399_pen1_tur_cam2_20250125_065738.jpg,3,pen1_tur_cam2_20250125_065738.jpg
crop_5400_pen1_orb_cam2_20250108_090336.jpg,3,pen1_orb_cam2_20250108_090336.jpg
crop_5401_pen2_tur_cam1_20250109_075452.jpg,3,pen2_tur_cam1_20250109_075452.jpg
crop_5402_pen2_orb_cam1_20250108_081034.jpg,3,pen2_orb_cam1_20250108_081034.jpg
crop_5403_pen2_tur_cam1_20250109_070147.jpg,3,pen2_tur_cam1_20250109_070147.jpg
crop_5404_pen2_tur_cam1_20250109_070339.jpg,3,pen2_tur_cam1_20250109_070339.jpg
crop_5405_pen2_tur_cam1_20250109_070435.jpg,3,pen2_tur_cam1_20250109_070435.jpg
crop_5406_pen2_orb_cam1_20250108_082613.jpg,3,pen2_orb_cam1_20250108_082613.jpg
crop_5407_pen1_tur_cam2_20250127_130122.jpg,3,pen1_tur_cam2_20250127_130122.jpg
crop_5408_pen2_orb_cam1_20250108_083133.jpg,3,pen2_orb_cam1_20250108_083133.jpg
crop_5409_pen2_tur_cam1_20250109_071142.jpg,3,pen2_tur_cam1_20250109_071142.jpg
crop_5410_pen1_tur_cam2_20250220_072343.jpg,3,pen1_tur_cam2_20250220_072343.jpg
crop_5411_pen1_tur_cam2_20250203_095907.jpg,3,pen1_tur_cam2_20250203_095907.jpg
crop_5412_pen2_tur_cam1_20250109_080728.jpg,3,pen2_tur_cam1_20250109_080728.jpg
crop_5413_pen1_tur_cam2_20250203_120555.jpg,3,pen1_tur_cam2_20250203_120555.jpg
crop_5414_pen2_tur_cam1_20250123_142027.jpg,3,pen2_tur_cam1_20250123_142027.jpg
crop_5415_pen2_tur_cam1_20250109_080351.jpg,3,pen2_tur_cam1_20250109_080351.jpg
crop_5416_pen2_tur_cam1_20250109_070332.jpg,3,pen2_tur_cam1_20250109_070332.jpg
crop_5417_pen2_tur_cam1_20250109_075314.jpg,3,pen2_tur_cam1_20250109_075314.jpg
crop_5418_pen1_tur_cam2_20250127_150524.jpg,3,pen1_tur_cam2_20250127_150524.jpg
crop_5419_pen1_tur_cam2_20250203_101408.jpg,3,pen1_tur_cam2_20250203_101408.jpg
crop_5420_pen1_tur_cam2_20250207_124934.jpg,3,pen1_tur_cam2_20250207_124934.jpg
crop_5421_pen2_tur_cam1_20250109_073956.jpg,3,pen2_tur_cam1_20250109_073956.jpg
crop_5422_pen2_tur_cam1_20250109_073654.jpg,3,pen2_tur_cam1_20250109_073654.jpg
crop_5423_pen2_tur_cam1_20250209_090015.jpg,3,pen2_tur_cam1_20250209_090015.jpg
crop_5424_pen2_tur_cam1_20250109_070634.jpg,3,pen2_tur_cam1_20250109_070634.jpg
crop_5425_pen1_tur_cam1_20250203_094548.jpg,3,pen1_tur_cam1_20250203_094548.jpg
crop_5426_pen1_tur_cam2_20250122_144605.jpg,3,pen1_tur_cam2_20250122_144605.jpg
crop_5427_pen2_orb_cam1_20250108_081832.jpg,3,pen2_orb_cam1_20250108_081832.jpg
crop_5428_pen2_tur_cam1_20250109_075040.jpg,3,pen2_tur_cam1_20250109_075040.jpg
crop_5429_pen1_tur_cam2_20250125_100654.jpg,3,pen1_tur_cam2_20250125_100654.jpg
crop_5430_pen1_tur_cam2_20250122_142423.jpg,3,pen1_tur_cam2_20250122_142423.jpg
crop_5431_pen2_tur_cam1_20250109_071107.jpg,3,pen2_tur_cam1_20250109_071107.jpg
crop_5432_pen2_orb_cam1_20250108_081354.jpg,3,pen2_orb_cam1_20250108_081354.jpg
crop_5433_pen2_tur_cam1_20250109_070730.jpg,3,pen2_tur_cam1_20250109_070730.jpg
crop_5434_pen1_tur_cam2_20250203_114914.jpg,3,pen1_tur_cam2_20250203_114914.jpg
crop_5435_pen2_tur_cam1_20250109_071711.jpg,3,pen2_tur_cam1_20250109_071711.jpg
crop_5436_pen1_tur_cam2_20250207_141439.jpg,3,pen1_tur_cam2_20250207_141439.jpg
crop_5437_pen2_tur_cam1_20250209_120710.jpg,3,pen2_tur_cam1_20250209_120710.jpg
crop_5438_pen2_tur_cam1_20250109_070325.jpg,3,pen2_tur_cam1_20250109_070325.jpg
crop_5439_pen2_tur_cam1_20250109_071835.jpg,3,pen2_tur_cam1_20250109_071835.jpg
crop_5440_pen1_tur_cam2_20250220_093351.jpg,3,pen1_tur_cam2_20250220_093351.jpg
crop_5441_pen2_tur_cam1_20250109_072549.jpg,3,pen2_tur_cam1_20250109_072549.jpg
crop_5442_pen1_tur_cam2_20250207_144802.jpg,3,pen1_tur_cam2_20250207_144802.jpg
crop_5443_pen2_tur_cam1_20250109_070002.jpg,3,pen2_tur_cam1_20250109_070002.jpg
crop_5444_pen1_tur_cam2_20250203_120055.jpg,3,pen1_tur_cam2_20250203_120055.jpg
crop_5445_pen2_tur_cam1_20250123_101822.jpg,3,pen2_tur_cam1_20250123_101822.jpg
crop_5446_pen1_tur_cam2_20250203_104410.jpg,3,pen1_tur_cam2_20250203_104410.jpg
crop_5447_pen2_tur_cam1_20250109_074813.jpg,3,pen2_tur_cam1_20250109_074813.jpg
crop_5448_pen1_tur_cam2_20250220_072022.jpg,3,pen1_tur_cam2_20250220_072022.jpg
crop_5449_pen2_tur_cam1_20250120_125839.jpg,3,pen2_tur_cam1_20250120_125839.jpg
crop_5450_pen2_tur_cam1_20250109_073750.jpg,3,pen2_tur_cam1_20250109_073750.jpg
crop_5451_pen1_tur_cam2_20250220_070841.jpg,3,pen1_tur_cam2_20250220_070841.jpg
crop_5452_pen1_tur_cam2_20250207_135438.jpg,3,pen1_tur_cam2_20250207_135438.jpg
crop_5453_pen1_tur_cam2_20250125_110839.jpg,3,pen1_tur_cam2_20250125_110839.jpg
crop_5454_pen2_tur_cam1_20250123_153608.jpg,3,pen2_tur_cam1_20250123_153608.jpg
crop_5455_pen2_orb_cam1_20250108_090113.jpg,3,pen2_orb_cam1_20250108_090113.jpg
crop_5456_pen2_tur_cam2_20250120_075430.jpg,3,pen2_tur_cam2_20250120_075430.jpg
crop_5457_pen2_tur_cam1_20250109_075946.jpg,3,pen2_tur_cam1_20250109_075946.jpg
crop_5458_pen1_tur_cam2_20250220_105538.jpg,3,pen1_tur_cam2_20250220_105538.jpg
crop_5459_pen2_tur_cam1_20250109_080035.jpg,3,pen2_tur_cam1_20250109_080035.jpg
crop_5460_pen1_orb_cam2_20250108_091218.jpg,3,pen1_orb_cam2_20250108_091218.jpg
crop_5461_pen2_orb_cam1_20250108_083329.jpg,3,pen2_orb_cam1_20250108_083329.jpg
crop_5462_pen2_tur_cam1_20250109_072947.jpg,3,pen2_tur_cam1_20250109_072947.jpg
crop_5463_pen1_tur_cam2_20250125_072518.jpg,3,pen1_tur_cam2_20250125_072518.jpg
crop_5464_pen2_orb_cam1_20250108_083538.jpg,3,pen2_orb_cam1_20250108_083538.jpg
crop_5465_pen2_tur_cam1_20250109_072205.jpg,3,pen2_tur_cam1_20250109_072205.jpg
crop_5466_pen2_orb_cam1_20250108_090124.jpg,3,pen2_orb_cam1_20250108_090124.jpg
crop_5467_pen2_tur_cam1_20250123_110005.jpg,3,pen2_tur_cam1_20250123_110005.jpg
crop_5468_pen1_tur_cam2_20250220_102855.jpg,3,pen1_tur_cam2_20250220_102855.jpg
crop_5469_pen2_tur_cam1_20250209_140539.jpg,3,pen2_tur_cam1_20250209_140539.jpg
crop_5470_pen1_tur_cam2_20250126_083350.jpg,3,pen1_tur_cam2_20250126_083350.jpg
crop_5471_pen2_orb_cam1_20250108_084726.jpg,3,pen2_orb_cam1_20250108_084726.jpg
crop_5472_pen1_tur_cam2_20250220_080846.jpg,3,pen1_tur_cam2_20250220_080846.jpg
crop_5473_pen2_tur_cam1_20250109_074635.jpg,3,pen2_tur_cam1_20250109_074635.jpg
crop_5474_pen1_tur_cam2_20250126_114856.jpg,3,pen1_tur_cam2_20250126_114856.jpg
crop_5475_pen2_tur_cam1_20250109_071945.jpg,3,pen2_tur_cam1_20250109_071945.jpg
crop_5476_pen2_tur_cam1_20250109_072905.jpg,3,pen2_tur_cam1_20250109_072905.jpg
crop_5477_pen1_tur_cam2_20250220_110038.jpg,3,pen1_tur_cam2_20250220_110038.jpg
crop_5478_pen2_tur_cam1_20250109_075555.jpg,3,pen2_tur_cam1_20250109_075555.jpg
crop_5479_pen2_tur_cam1_20250109_080042.jpg,3,pen2_tur_cam1_20250109_080042.jpg
crop_5480_pen2_orb_cam1_20250108_083257.jpg,3,pen2_orb_cam1_20250108_083257.jpg
crop_5481_pen2_tur_cam1_20250109_080742.jpg,3,pen2_tur_cam1_20250109_080742.jpg
crop_5482_pen2_orb_cam1_20250108_080500.jpg,3,pen2_orb_cam1_20250108_080500.jpg
crop_5483_pen2_orb_cam1_20250108_081444.jpg,3,pen2_orb_cam1_20250108_081444.jpg
crop_5484_pen2_tur_cam1_20250124_090135.jpg,3,pen2_tur_cam1_20250124_090135.jpg
crop_5485_pen1_tur_cam2_20250127_145504.jpg,3,pen1_tur_cam2_20250127_145504.jpg
crop_5486_pen2_tur_cam1_20250120_081252.jpg,3,pen2_tur_cam1_20250120_081252.jpg
crop_5487_pen2_tur_cam1_20250109_070854.jpg,3,pen2_tur_cam1_20250109_070854.jpg
crop_5488_pen2_tur_cam1_20250109_071458.jpg,3,pen2_tur_cam1_20250109_071458.jpg
crop_5489_pen1_tur_cam2_20250126_114856.jpg,3,pen1_tur_cam2_20250126_114856.jpg
crop_5490_pen1_tur_cam2_20250220_101354.jpg,3,pen1_tur_cam2_20250220_101354.jpg
crop_5491_pen2_orb_cam1_20250108_083029.jpg,3,pen2_orb_cam1_20250108_083029.jpg
crop_5492_pen2_tur_cam1_20250120_104942.jpg,3,pen2_tur_cam1_20250120_104942.jpg
crop_5493_pen1_tur_cam2_20250122_094109.jpg,3,pen1_tur_cam2_20250122_094109.jpg
crop_5494_pen1_tur_cam2_20250220_102355.jpg,3,pen1_tur_cam2_20250220_102355.jpg
crop_5495_pen2_tur_cam1_20250120_125839.jpg,3,pen2_tur_cam1_20250120_125839.jpg
crop_5496_pen1_orb_cam1_20250108_085621.jpg,3,pen1_orb_cam1_20250108_085621.jpg
crop_5497_pen2_tur_cam1_20250109_070957.jpg,3,pen2_tur_cam1_20250109_070957.jpg
crop_5498_pen1_tur_cam2_20250220_071021.jpg,3,pen1_tur_cam2_20250220_071021.jpg
crop_5499_pen1_tur_cam2_20250122_104120.jpg,3,pen1_tur_cam2_20250122_104120.jpg
crop_5500_pen2_orb_cam1_20250108_080435.jpg,3,pen2_orb_cam1_20250108_080435.jpg
crop_5501_pen1_tur_cam1_20250203_095547.jpg,3,pen1_tur_cam1_20250203_095547.jpg
crop_5502_pen1_tur_cam2_20250122_112431.jpg,3,pen1_tur_cam2_20250122_112431.jpg
crop_5503_pen2_tur_cam1_20250109_072123.jpg,3,pen2_tur_cam1_20250109_072123.jpg
crop_5504_pen2_tur_cam1_20250209_102021.jpg,3,pen2_tur_cam1_20250209_102021.jpg
crop_5505_pen2_tur_cam1_20250109_080405.jpg,3,pen2_tur_cam1_20250109_080405.jpg
crop_5506_pen1_tur_cam2_20250220_071522.jpg,3,pen1_tur_cam2_20250220_071522.jpg
crop_5507_pen2_tur_cam1_20250109_070915.jpg,3,pen2_tur_cam1_20250109_070915.jpg
crop_5508_pen2_tur_cam1_20250109_071739.jpg,3,pen2_tur_cam1_20250109_071739.jpg
crop_5509_pen1_orb_cam2_20250108_134520.jpg,3,pen1_orb_cam2_20250108_134520.jpg
crop_5510_pen1_orb_cam2_20250108_131943.jpg,3,pen1_orb_cam2_20250108_131943.jpg
crop_5511_pen2_orb_cam1_20250108_084152.jpg,3,pen2_orb_cam1_20250108_084152.jpg
crop_5512_pen2_tur_cam1_20250120_122449.jpg,3,pen2_tur_cam1_20250120_122449.jpg
crop_5513_pen1_tur_cam2_20250126_102106.jpg,3,pen1_tur_cam2_20250126_102106.jpg
crop_5514_pen1_tur_cam1_20250203_100408.jpg,3,pen1_tur_cam1_20250203_100408.jpg
crop_5515_pen2_tur_cam1_20250109_074333.jpg,3,pen2_tur_cam1_20250109_074333.jpg
crop_5516_pen1_tur_cam2_20250203_115555.jpg,3,pen1_tur_cam2_20250203_115555.jpg
crop_5517_pen1_orb_cam2_20250108_080209.jpg,3,pen1_orb_cam2_20250108_080209.jpg
crop_5518_pen1_tur_cam2_20250220_071021.jpg,3,pen1_tur_cam2_20250220_071021.jpg
crop_5519_pen2_tur_cam1_20250123_113008.jpg,3,pen2_tur_cam1_20250123_113008.jpg
crop_5520_pen1_tur_cam2_20250125_062317.jpg,3,pen1_tur_cam2_20250125_062317.jpg
crop_5521_pen2_tur_cam1_20250124_091636.jpg,3,pen2_tur_cam1_20250124_091636.jpg
crop_5522_pen1_tur_cam2_20250122_105140.jpg,3,pen1_tur_cam2_20250122_105140.jpg
crop_5523_pen2_tur_cam1_20250109_071306.jpg,3,pen2_tur_cam1_20250109_071306.jpg
crop_5524_pen2_tur_cam1_20250109_080557.jpg,3,pen2_tur_cam1_20250109_080557.jpg
crop_5525_pen1_tur_cam2_20250126_154130.jpg,3,pen1_tur_cam2_20250126_154130.jpg
crop_5526_pen2_tur_cam1_20250120_081752.jpg,3,pen2_tur_cam1_20250120_081752.jpg
crop_5527_pen2_tur_cam1_20250109_070503.jpg,3,pen2_tur_cam1_20250109_070503.jpg
crop_5528_pen1_tur_cam2_20250220_110358.jpg,3,pen1_tur_cam2_20250220_110358.jpg
crop_5529_pen1_tur_cam2_20250126_121908.jpg,3,pen1_tur_cam2_20250126_121908.jpg
crop_5530_pen1_tur_cam2_20250125_084100.jpg,3,pen1_tur_cam2_20250125_084100.jpg
crop_5531_pen2_tur_cam1_20250120_124659.jpg,3,pen2_tur_cam1_20250120_124659.jpg
crop_5532_pen2_tur_cam1_20250109_080529.jpg,3,pen2_tur_cam1_20250109_080529.jpg
crop_5533_pen2_orb_cam1_20250108_081054.jpg,3,pen2_orb_cam1_20250108_081054.jpg
crop_5534_pen2_tur_cam1_20250109_071746.jpg,3,pen2_tur_cam1_20250109_071746.jpg
crop_5535_pen2_orb_cam1_20250108_081429.jpg,3,pen2_orb_cam1_20250108_081429.jpg
crop_5536_pen1_tur_cam2_20250125_143216.jpg,3,pen1_tur_cam2_20250125_143216.jpg
crop_5537_pen1_tur_cam2_20250122_102740.jpg,3,pen1_tur_cam2_20250122_102740.jpg
crop_5538_pen2_tur_cam1_20250109_072954.jpg,3,pen2_tur_cam1_20250109_072954.jpg
crop_5539_pen1_tur_cam2_20250122_115531.jpg,3,pen1_tur_cam2_20250122_115531.jpg
crop_5540_pen1_tur_cam2_20250126_143609.jpg,3,pen1_tur_cam2_20250126_143609.jpg
crop_5541_pen1_tur_cam2_20250126_111946.jpg,3,pen1_tur_cam2_20250126_111946.jpg
crop_5542_pen2_tur_cam1_20250109_071409.jpg,3,pen2_tur_cam1_20250109_071409.jpg
crop_5543_pen2_orb_cam1_20250108_083432.jpg,3,pen2_orb_cam1_20250108_083432.jpg
crop_5544_pen1_tur_cam2_20250207_133256.jpg,3,pen1_tur_cam2_20250207_133256.jpg
crop_5545_pen1_tur_cam2_20250122_124055.jpg,3,pen1_tur_cam2_20250122_124055.jpg
crop_5546_pen2_orb_cam1_20250108_080455.jpg,3,pen2_orb_cam1_20250108_080455.jpg
crop_5547_pen2_tur_cam1_20250109_072837.jpg,3,pen2_tur_cam1_20250109_072837.jpg
crop_5548_pen2_orb_cam2_20250217_125700.jpg,3,pen2_orb_cam2_20250217_125700.jpg
crop_5549_pen2_orb_cam1_20250108_081604.jpg,3,pen2_orb_cam1_20250108_081604.jpg
crop_5550_pen2_tur_cam1_20250120_073429.jpg,3,pen2_tur_cam1_20250120_073429.jpg
crop_5551_pen2_tur_cam1_20250209_123030.jpg,3,pen2_tur_cam1_20250209_123030.jpg
crop_5552_pen1_tur_cam2_20250122_100509.jpg,3,pen1_tur_cam2_20250122_100509.jpg
crop_5553_pen1_tur_cam2_20250125_120744.jpg,3,pen1_tur_cam2_20250125_120744.jpg
crop_5554_pen1_orb_cam2_20250108_134532.jpg,3,pen1_orb_cam2_20250108_134532.jpg
crop_5555_pen2_tur_cam1_20250109_075246.jpg,3,pen2_tur_cam1_20250109_075246.jpg
crop_5556_pen1_tur_cam2_20250125_100835.jpg,3,pen1_tur_cam2_20250125_100835.jpg
crop_5557_pen1_tur_cam2_20250126_085351.jpg,3,pen1_tur_cam2_20250126_085351.jpg
crop_5558_pen1_tur_cam2_20250122_091538.jpg,3,pen1_tur_cam2_20250122_091538.jpg
crop_5559_pen1_tur_cam2_20250203_102409.jpg,3,pen1_tur_cam2_20250203_102409.jpg
crop_5560_pen2_tur_cam1_20250109_070751.jpg,3,pen2_tur_cam1_20250109_070751.jpg
crop_5561_pen2_orb_cam1_20250108_082501.jpg,3,pen2_orb_cam1_20250108_082501.jpg
crop_5562_pen1_orb_cam1_20250108_085731.jpg,3,pen1_orb_cam1_20250108_085731.jpg
crop_5563_pen2_tur_cam1_20250120_143231.jpg,3,pen2_tur_cam1_20250120_143231.jpg
crop_5564_pen2_orb_cam1_20250108_085302.jpg,3,pen2_orb_cam1_20250108_085302.jpg
crop_5565_pen2_orb_cam1_20250108_083548.jpg,3,pen2_orb_cam1_20250108_083548.jpg
crop_5566_pen2_tur_cam1_20250209_101521.jpg,3,pen2_tur_cam1_20250209_101521.jpg
crop_5567_pen1_tur_cam2_20250125_090650.jpg,3,pen1_tur_cam2_20250125_090650.jpg
crop_5568_pen1_tur_cam2_20250126_115046.jpg,3,pen1_tur_cam2_20250126_115046.jpg
crop_5569_pen2_tur_cam1_20250109_071512.jpg,3,pen2_tur_cam1_20250109_071512.jpg
crop_5570_pen1_tur_cam2_20250125_122504.jpg,3,pen1_tur_cam2_20250125_122504.jpg
crop_5571_pen1_tur_cam2_20250203_101048.jpg,3,pen1_tur_cam2_20250203_101048.jpg
crop_5572_pen2_tur_cam1_20250209_132035.jpg,3,pen2_tur_cam1_20250209_132035.jpg
crop_5573_pen2_orb_cam1_20250108_084525.jpg,3,pen2_orb_cam1_20250108_084525.jpg
crop_5574_pen1_tur_cam2_20250127_144954.jpg,3,pen1_tur_cam2_20250127_144954.jpg
crop_5575_pen2_tur_cam1_20250120_145848.jpg,3,pen2_tur_cam1_20250120_145848.jpg
crop_5576_pen1_tur_cam2_20250125_102337.jpg,3,pen1_tur_cam2_20250125_102337.jpg
crop_5577_pen2_tur_cam1_20250123_151718.jpg,3,pen2_tur_cam1_20250123_151718.jpg
crop_5578_pen1_tur_cam2_20250203_095547.jpg,3,pen1_tur_cam2_20250203_095547.jpg
crop_5579_pen2_tur_cam1_20250109_070435.jpg,3,pen2_tur_cam1_20250109_070435.jpg
crop_5580_pen2_orb_cam1_20250108_084532.jpg,3,pen2_orb_cam1_20250108_084532.jpg
crop_5581_pen1_orb_cam2_20250108_091422.jpg,3,pen1_orb_cam2_20250108_091422.jpg
crop_5582_pen2_orb_cam1_20250108_082512.jpg,3,pen2_orb_cam1_20250108_082512.jpg
crop_5583_pen1_tur_cam2_20250220_085529.jpg,3,pen1_tur_cam2_20250220_085529.jpg
crop_5584_pen2_tur_cam1_20250209_074010.jpg,3,pen2_tur_cam1_20250209_074010.jpg
crop_5585_pen2_tur_cam1_20250209_074510.jpg,3,pen2_tur_cam1_20250209_074510.jpg
crop_5586_pen1_tur_cam2_20250220_110038.jpg,3,pen1_tur_cam2_20250220_110038.jpg
crop_5587_pen1_orb_cam2_20250108_134305.jpg,3,pen1_orb_cam2_20250108_134305.jpg
crop_5588_pen2_orb_cam1_20250108_081619.jpg,3,pen2_orb_cam1_20250108_081619.jpg
crop_5589_pen1_tur_cam2_20250127_143743.jpg,3,pen1_tur_cam2_20250127_143743.jpg
crop_5590_pen1_tur_cam2_20250125_090330.jpg,3,pen1_tur_cam2_20250125_090330.jpg
crop_5591_pen2_orb_cam1_20250108_082530.jpg,3,pen2_orb_cam1_20250108_082530.jpg
crop_5592_pen2_tur_cam1_20250123_133216.jpg,3,pen2_tur_cam1_20250123_133216.jpg
crop_5593_pen2_orb_cam1_20250108_082636.jpg,3,pen2_orb_cam1_20250108_082636.jpg
crop_5594_pen2_orb_cam1_20250108_090204.jpg,3,pen2_orb_cam1_20250108_090204.jpg
crop_5595_pen2_tur_cam1_20250209_131034.jpg,3,pen2_tur_cam1_20250209_131034.jpg
crop_5596_pen2_tur_cam1_20250109_071100.jpg,3,pen2_tur_cam1_20250109_071100.jpg
crop_5597_pen2_orb_cam1_20250108_082216.jpg,3,pen2_orb_cam1_20250108_082216.jpg
crop_5598_pen1_tur_cam2_20250122_114001.jpg,3,pen1_tur_cam2_20250122_114001.jpg
crop_5599_pen2_tur_cam1_20250109_071458.jpg,3,pen2_tur_cam1_20250109_071458.jpg
crop_5600_pen1_tur_cam2_20250122_094619.jpg,3,pen1_tur_cam2_20250122_094619.jpg
crop_5601_pen2_tur_cam1_20250120_082252.jpg,3,pen2_tur_cam1_20250120_082252.jpg
crop_5602_pen1_orb_cam2_20250108_091523.jpg,3,pen1_orb_cam2_20250108_091523.jpg
crop_5603_pen2_tur_cam1_20250209_083013.jpg,3,pen2_tur_cam1_20250209_083013.jpg
crop_5604_pen2_tur_cam1_20250120_081752.jpg,3,pen2_tur_cam1_20250120_081752.jpg
crop_5605_pen2_tur_cam1_20250109_075143.jpg,3,pen2_tur_cam1_20250109_075143.jpg
crop_5606_pen1_tur_cam2_20250122_111921.jpg,3,pen1_tur_cam2_20250122_111921.jpg
crop_5607_pen1_tur_cam2_20250125_145719.jpg,3,pen1_tur_cam2_20250125_145719.jpg
crop_5608_pen1_tur_cam2_20250125_074919.jpg,3,pen1_tur_cam2_20250125_074919.jpg
crop_5609_pen1_tur_cam2_20250125_063147.jpg,3,pen1_tur_cam2_20250125_063147.jpg
crop_5610_pen1_tur_cam1_20250203_094407.jpg,3,pen1_tur_cam1_20250203_094407.jpg
crop_5611_pen1_orb_cam2_20250108_134520.jpg,3,pen1_orb_cam2_20250108_134520.jpg
crop_5612_pen1_tur_cam2_20250125_074049.jpg,3,pen1_tur_cam2_20250125_074049.jpg
crop_5613_pen1_tur_cam2_20250125_075429.jpg,3,pen1_tur_cam2_20250125_075429.jpg
crop_5614_pen2_tur_cam1_20250109_071601.jpg,3,pen2_tur_cam1_20250109_071601.jpg
crop_5615_pen1_tur_cam1_20250201_091141.jpg,3,pen1_tur_cam1_20250201_091141.jpg
crop_5616_pen1_orb_cam2_20250108_090104.jpg,3,pen1_orb_cam2_20250108_090104.jpg
crop_5617_pen2_tur_cam1_20250109_071800.jpg,3,pen2_tur_cam1_20250109_071800.jpg
crop_5618_pen2_tur_cam1_20250109_070833.jpg,3,pen2_tur_cam1_20250109_070833.jpg
crop_5619_pen2_orb_cam1_20250108_083516.jpg,3,pen2_orb_cam1_20250108_083516.jpg
crop_5620_pen2_tur_cam1_20250120_121448.jpg,3,pen2_tur_cam1_20250120_121448.jpg
crop_5621_pen2_tur_cam1_20250109_073701.jpg,3,pen2_tur_cam1_20250109_073701.jpg
crop_5622_pen2_tur_cam2_20250120_073249.jpg,3,pen2_tur_cam2_20250120_073249.jpg
crop_5623_pen1_tur_cam2_20250126_115406.jpg,3,pen1_tur_cam2_20250126_115406.jpg
crop_5624_pen1_tur_cam2_20250126_090032.jpg,3,pen1_tur_cam2_20250126_090032.jpg
crop_5625_pen1_tur_cam1_20250201_092201.jpg,3,pen1_tur_cam1_20250201_092201.jpg
crop_5626_pen2_tur_cam1_20250109_071004.jpg,3,pen2_tur_cam1_20250109_071004.jpg
crop_5627_pen2_tur_cam1_20250209_133536.jpg,3,pen2_tur_cam1_20250209_133536.jpg
crop_5628_pen1_tur_cam2_20250125_075109.jpg,3,pen1_tur_cam2_20250125_075109.jpg
crop_5629_pen2_tur_cam1_20250109_080110.jpg,3,pen2_tur_cam1_20250109_080110.jpg
crop_5630_pen1_orb_cam2_20250108_091417.jpg,3,pen1_orb_cam2_20250108_091417.jpg
crop_5631_pen2_tur_cam1_20250109_070641.jpg,3,pen2_tur_cam1_20250109_070641.jpg
crop_5632_pen1_tur_cam2_20250126_143419.jpg,3,pen1_tur_cam2_20250126_143419.jpg
crop_5633_pen2_tur_cam1_20250109_072507.jpg,3,pen2_tur_cam1_20250109_072507.jpg
crop_5634_pen2_tur_cam1_20250109_070037.jpg,3,pen2_tur_cam1_20250109_070037.jpg
crop_5635_pen1_tur_cam2_20250122_132418.jpg,3,pen1_tur_cam2_20250122_132418.jpg
crop_5636_pen2_tur_cam1_20250109_070929.jpg,3,pen2_tur_cam1_20250109_070929.jpg
crop_5637_pen1_tur_cam1_20250203_095047.jpg,3,pen1_tur_cam1_20250203_095047.jpg
crop_5638_pen2_tur_cam1_20250109_071608.jpg,3,pen2_tur_cam1_20250109_071608.jpg
crop_5639_pen1_tur_cam2_20250125_101155.jpg,3,pen1_tur_cam2_20250125_101155.jpg
crop_5640_pen2_tur_cam1_20250209_090015.jpg,3,pen2_tur_cam1_20250209_090015.jpg
crop_5641_pen2_tur_cam1_20250120_072428.jpg,3,pen2_tur_cam1_20250120_072428.jpg
crop_5642_pen1_tur_cam2_20250126_143059.jpg,3,pen1_tur_cam2_20250126_143059.jpg
crop_5643_pen2_tur_cam1_20250109_070407.jpg,3,pen2_tur_cam1_20250109_070407.jpg
crop_5644_pen2_tur_cam1_20250109_073935.jpg,3,pen2_tur_cam1_20250109_073935.jpg
crop_5645_pen2_tur_cam1_20250109_072500.jpg,3,pen2_tur_cam1_20250109_072500.jpg
crop_5646_pen2_tur_cam1_20250109_071348.jpg,3,pen2_tur_cam1_20250109_071348.jpg
crop_5647_pen1_tur_cam2_20250126_142557.jpg,3,pen1_tur_cam2_20250126_142557.jpg
crop_5648_pen2_tur_cam1_20250109_072933.jpg,3,pen2_tur_cam1_20250109_072933.jpg
crop_5649_pen1_orb_cam2_20250108_085702.jpg,3,pen1_orb_cam2_20250108_085702.jpg
crop_5650_pen1_tur_cam2_20250127_133222.jpg,3,pen1_tur_cam2_20250127_133222.jpg
crop_5651_pen2_tur_cam1_20250124_090455.jpg,3,pen2_tur_cam1_20250124_090455.jpg
crop_5652_pen1_tur_cam2_20250126_143419.jpg,3,pen1_tur_cam2_20250126_143419.jpg
crop_5653_pen1_tur_cam2_20250122_122053.jpg,3,pen1_tur_cam2_20250122_122053.jpg
crop_5654_pen1_tur_cam2_20250126_085851.jpg,3,pen1_tur_cam2_20250126_085851.jpg
crop_5655_pen2_tur_cam1_20250109_075534.jpg,3,pen2_tur_cam1_20250109_075534.jpg
crop_5656_pen2_tur_cam1_20250109_070805.jpg,3,pen2_tur_cam1_20250109_070805.jpg
crop_5657_pen2_tur_cam1_20250209_142040.jpg,3,pen2_tur_cam1_20250209_142040.jpg
crop_5658_pen1_tur_cam2_20250127_134052.jpg,3,pen1_tur_cam2_20250127_134052.jpg
crop_5659_pen1_tur_cam2_20250125_090830.jpg,3,pen1_tur_cam2_20250125_090830.jpg
crop_5660_pen2_tur_cam1_20250109_072556.jpg,3,pen2_tur_cam1_20250109_072556.jpg
crop_5661_pen2_tur_cam1_20250123_135947.jpg,3,pen2_tur_cam1_20250123_135947.jpg
crop_5662_pen2_orb_cam1_20250108_083548.jpg,3,pen2_orb_cam1_20250108_083548.jpg
crop_5663_pen2_tur_cam1_20250109_074539.jpg,3,pen2_tur_cam1_20250109_074539.jpg
crop_5664_pen2_tur_cam1_20250120_113305.jpg,3,pen2_tur_cam1_20250120_113305.jpg
crop_5665_pen2_tur_cam1_20250109_074408.jpg,3,pen2_tur_cam1_20250109_074408.jpg
crop_5666_pen2_tur_cam1_20250124_090455.jpg,3,pen2_tur_cam1_20250124_090455.jpg
crop_5667_pen1_tur_cam2_20250220_080025.jpg,3,pen1_tur_cam2_20250220_080025.jpg
crop_5668_pen1_tur_cam2_20250125_133025.jpg,3,pen1_tur_cam2_20250125_133025.jpg
crop_5669_pen2_tur_cam1_20250120_082252.jpg,3,pen2_tur_cam1_20250120_082252.jpg
crop_5670_pen2_tur_cam1_20250109_071224.jpg,3,pen2_tur_cam1_20250109_071224.jpg
crop_5671_pen2_orb_cam1_20250108_081419.jpg,3,pen2_orb_cam1_20250108_081419.jpg
crop_5672_pen2_orb_cam1_20250108_083117.jpg,3,pen2_orb_cam1_20250108_083117.jpg
crop_5673_pen1_tur_cam2_20250122_123915.jpg,3,pen1_tur_cam2_20250122_123915.jpg
crop_5674_pen1_tur_cam2_20250203_115555.jpg,3,pen1_tur_cam2_20250203_115555.jpg
crop_5675_pen2_tur_cam1_20250109_075356.jpg,3,pen2_tur_cam1_20250109_075356.jpg
crop_5676_pen1_tur_cam2_20250220_085529.jpg,3,pen1_tur_cam2_20250220_085529.jpg
crop_5677_pen1_tur_cam2_20250220_071522.jpg,3,pen1_tur_cam2_20250220_071522.jpg
crop_5678_pen1_tur_cam2_20250127_122511.jpg,3,pen1_tur_cam2_20250127_122511.jpg
crop_5679_pen1_tur_cam2_20250207_131434.jpg,3,pen1_tur_cam2_20250207_131434.jpg
crop_5680_pen2_tur_cam1_20250109_072755.jpg,3,pen2_tur_cam1_20250109_072755.jpg
crop_5681_pen2_tur_cam1_20250109_070250.jpg,3,pen2_tur_cam1_20250109_070250.jpg
crop_5682_pen2_tur_cam1_20250120_124659.jpg,3,pen2_tur_cam1_20250120_124659.jpg
crop_5683_pen2_orb_cam1_20250108_080455.jpg,3,pen2_orb_cam1_20250108_080455.jpg
crop_5684_pen1_tur_cam2_20250203_111052.jpg,3,pen1_tur_cam2_20250203_111052.jpg
crop_5685_pen2_tur_cam1_20250109_072720.jpg,3,pen2_tur_cam1_20250109_072720.jpg
crop_5686_pen1_tur_cam2_20250125_075619.jpg,3,pen1_tur_cam2_20250125_075619.jpg
crop_5687_pen1_tur_cam2_20250125_080129.jpg,3,pen1_tur_cam2_20250125_080129.jpg
crop_5688_pen1_tur_cam2_20250125_120933.jpg,3,pen1_tur_cam2_20250125_120933.jpg
crop_5689_pen2_tur_cam1_20250109_074532.jpg,3,pen2_tur_cam1_20250109_074532.jpg
crop_5690_pen2_tur_cam1_20250120_133343.jpg,3,pen2_tur_cam1_20250120_133343.jpg
crop_5691_pen2_orb_cam1_20250108_081604.jpg,3,pen2_orb_cam1_20250108_081604.jpg
crop_5692_pen2_orb_cam1_20250108_082703.jpg,3,pen2_orb_cam1_20250108_082703.jpg
crop_5693_pen1_tur_cam2_20250122_094429.jpg,3,pen1_tur_cam2_20250122_094429.jpg
crop_5694_pen2_tur_cam1_20250209_103202.jpg,3,pen2_tur_cam1_20250209_103202.jpg
crop_5695_pen2_tur_cam1_20250209_070508.jpg,3,pen2_tur_cam1_20250209_070508.jpg
crop_5696_pen2_tur_cam1_20250209_144721.jpg,3,pen2_tur_cam1_20250209_144721.jpg
crop_5697_pen2_tur_cam1_20250109_072205.jpg,3,pen2_tur_cam1_20250109_072205.jpg
crop_5698_pen2_orb_cam1_20250108_080919.jpg,3,pen2_orb_cam1_20250108_080919.jpg
crop_5699_pen2_tur_cam1_20250109_080653.jpg,3,pen2_tur_cam1_20250109_080653.jpg
crop_5700_pen2_tur_cam1_20250109_073502.jpg,3,pen2_tur_cam1_20250109_073502.jpg
crop_5701_pen2_tur_cam1_20250120_070747.jpg,3,pen2_tur_cam1_20250120_070747.jpg
crop_5702_pen1_tur_cam2_20250125_124354.jpg,3,pen1_tur_cam2_20250125_124354.jpg
crop_5703_pen1_tur_cam2_20250126_142917.jpg,3,pen1_tur_cam2_20250126_142917.jpg
crop_5704_pen1_orb_cam2_20250108_134548.jpg,3,pen1_orb_cam2_20250108_134548.jpg
crop_5705_pen2_tur_cam1_20250209_143040.jpg,3,pen2_tur_cam1_20250209_143040.jpg
crop_5706_pen2_tur_cam1_20250120_073429.jpg,3,pen2_tur_cam1_20250120_073429.jpg
crop_5707_pen2_tur_cam1_20250120_095438.jpg,3,pen2_tur_cam1_20250120_095438.jpg
crop_5708_pen1_tur_cam2_20250125_075619.jpg,3,pen1_tur_cam2_20250125_075619.jpg
crop_5709_pen1_tur_cam2_20250125_101155.jpg,3,pen1_tur_cam2_20250125_101155.jpg
crop_5710_pen2_tur_cam1_20250109_071650.jpg,3,pen2_tur_cam1_20250109_071650.jpg
crop_5711_pen2_tur_cam1_20250109_070346.jpg,3,pen2_tur_cam1_20250109_070346.jpg
crop_5712_pen1_tur_cam2_20250220_102855.jpg,3,pen1_tur_cam2_20250220_102855.jpg
crop_5713_pen2_tur_cam1_20250120_134343.jpg,3,pen2_tur_cam1_20250120_134343.jpg
crop_5714_pen1_tur_cam2_20250126_091544.jpg,3,pen1_tur_cam2_20250126_091544.jpg
crop_5715_pen1_tur_cam2_20250125_120233.jpg,3,pen1_tur_cam2_20250125_120233.jpg
crop_5716_pen1_tur_cam2_20250125_074049.jpg,3,pen1_tur_cam2_20250125_074049.jpg
crop_5717_pen2_tur_cam1_20250209_142720.jpg,3,pen2_tur_cam1_20250209_142720.jpg
crop_5718_pen2_tur_cam1_20250120_125340.jpg,3,pen2_tur_cam1_20250120_125340.jpg
crop_5719_pen2_orb_cam1_20250108_082524.jpg,3,pen2_orb_cam1_20250108_082524.jpg
crop_5720_pen2_tur_cam1_20250120_121307.jpg,3,pen2_tur_cam1_20250120_121307.jpg
crop_5721_pen2_tur_cam1_20250109_072404.jpg,3,pen2_tur_cam1_20250109_072404.jpg
crop_5722_pen1_tur_cam2_20250203_114914.jpg,3,pen1_tur_cam2_20250203_114914.jpg
crop_5723_pen2_tur_cam1_20250109_075843.jpg,3,pen2_tur_cam1_20250109_075843.jpg
crop_5724_pen2_tur_cam1_20250109_070840.jpg,3,pen2_tur_cam1_20250109_070840.jpg
crop_5725_pen1_tur_cam2_20250220_084348.jpg,3,pen1_tur_cam2_20250220_084348.jpg
crop_5726_pen2_tur_cam1_20250109_072102.jpg,3,pen2_tur_cam1_20250109_072102.jpg
crop_5727_pen1_tur_cam2_20250220_093532.jpg,3,pen1_tur_cam2_20250220_093532.jpg
crop_5728_pen2_tur_cam1_20250120_073929.jpg,3,pen2_tur_cam1_20250120_073929.jpg
crop_5729_pen2_orb_cam1_20250108_082907.jpg,3,pen2_orb_cam1_20250108_082907.jpg
crop_5730_pen1_tur_cam2_20250220_102535.jpg,3,pen1_tur_cam2_20250220_102535.jpg
crop_5731_pen2_orb_cam1_20250108_080455.jpg,3,pen2_orb_cam1_20250108_080455.jpg
crop_5732_pen1_tur_cam2_20250122_100659.jpg,3,pen1_tur_cam2_20250122_100659.jpg
crop_5733_pen2_tur_cam1_20250109_071952.jpg,3,pen2_tur_cam1_20250109_071952.jpg
crop_5734_pen2_tur_cam1_20250109_070105.jpg,3,pen2_tur_cam1_20250109_070105.jpg
crop_5735_pen1_tur_cam2_20250125_143357.jpg,3,pen1_tur_cam2_20250125_143357.jpg
crop_5736_pen1_tur_cam2_20250127_120328.jpg,3,pen1_tur_cam2_20250127_120328.jpg
crop_5737_pen1_tur_cam2_20250125_110158.jpg,3,pen1_tur_cam2_20250125_110158.jpg
crop_5738_pen2_orb_cam1_20250108_083748.jpg,3,pen2_orb_cam1_20250108_083748.jpg
crop_5739_pen2_orb_cam1_20250108_081159.jpg,3,pen2_orb_cam1_20250108_081159.jpg
crop_5740_pen2_tur_cam1_20250209_071509.jpg,3,pen2_tur_cam1_20250209_071509.jpg
crop_5741_pen2_orb_cam1_20250108_083406.jpg,3,pen2_orb_cam1_20250108_083406.jpg
crop_5742_pen1_orb_cam1_20250108_085818.jpg,3,pen1_orb_cam1_20250108_085818.jpg
crop_5743_pen1_tur_cam2_20250126_080849.jpg,3,pen1_tur_cam2_20250126_080849.jpg
crop_5744_pen2_orb_cam1_20250108_085023.jpg,3,pen2_orb_cam1_20250108_085023.jpg
crop_5745_pen2_tur_cam1_20250109_071423.jpg,3,pen2_tur_cam1_20250109_071423.jpg
crop_5746_pen1_tur_cam2_20250125_123844.jpg,3,pen1_tur_cam2_20250125_123844.jpg
crop_5747_pen2_tur_cam1_20250120_105302.jpg,3,pen2_tur_cam1_20250120_105302.jpg
crop_5748_pen2_orb_cam1_20250108_080750.jpg,3,pen2_orb_cam1_20250108_080750.jpg
crop_5749_pen1_tur_cam2_20250122_123915.jpg,3,pen1_tur_cam2_20250122_123915.jpg
crop_5750_pen2_tur_cam1_20250109_070826.jpg,3,pen2_tur_cam1_20250109_070826.jpg
crop_5751_pen2_tur_cam1_20250109_072350.jpg,3,pen2_tur_cam1_20250109_072350.jpg
crop_5752_pen1_tur_cam2_20250127_160348.jpg,3,pen1_tur_cam2_20250127_160348.jpg
crop_5753_pen1_tur_cam2_20250203_105411.jpg,3,pen1_tur_cam2_20250203_105411.jpg
crop_5754_pen2_tur_cam1_20250123_132716.jpg,3,pen2_tur_cam1_20250123_132716.jpg
crop_5755_pen2_tur_cam1_20250209_121530.jpg,3,pen2_tur_cam1_20250209_121530.jpg
crop_5756_pen2_tur_cam1_20250109_071458.jpg,3,pen2_tur_cam1_20250109_071458.jpg
crop_5757_pen2_tur_cam1_20250123_142347.jpg,3,pen2_tur_cam1_20250123_142347.jpg
crop_5758_pen1_orb_cam2_20250108_134526.jpg,3,pen1_orb_cam2_20250108_134526.jpg
crop_5759_pen2_orb_cam1_20250108_083112.jpg,3,pen2_orb_cam1_20250108_083112.jpg
crop_5760_pen2_tur_cam1_20250209_122211.jpg,3,pen2_tur_cam1_20250209_122211.jpg
crop_5761_pen2_tur_cam1_20250109_072439.jpg,3,pen2_tur_cam1_20250109_072439.jpg
crop_5762_pen2_tur_cam1_20250109_070133.jpg,3,pen2_tur_cam1_20250109_070133.jpg
crop_5763_pen2_tur_cam1_20250123_141837.jpg,3,pen2_tur_cam1_20250123_141837.jpg
crop_5764_pen2_tur_cam1_20250120_071427.jpg,3,pen2_tur_cam1_20250120_071427.jpg
crop_5765_pen2_tur_cam1_20250120_142217.jpg,3,pen2_tur_cam1_20250120_142217.jpg
crop_5766_pen1_orb_cam2_20250108_133045.jpg,3,pen1_orb_cam2_20250108_133045.jpg
crop_5767_pen2_tur_cam2_20250120_073249.jpg,3,pen2_tur_cam2_20250120_073249.jpg
crop_5768_pen1_tur_cam2_20250125_101155.jpg,3,pen1_tur_cam2_20250125_101155.jpg
crop_5769_pen2_tur_cam1_20250109_071800.jpg,3,pen2_tur_cam1_20250109_071800.jpg
crop_5770_pen2_tur_cam1_20250120_140205.jpg,3,pen2_tur_cam1_20250120_140205.jpg
crop_5771_pen2_tur_cam1_20250209_114528.jpg,3,pen2_tur_cam1_20250209_114528.jpg
crop_5772_pen2_tur_cam1_20250109_074209.jpg,3,pen2_tur_cam1_20250109_074209.jpg
crop_5773_pen2_tur_cam1_20250109_070854.jpg,3,pen2_tur_cam1_20250109_070854.jpg
crop_5774_pen1_tur_cam2_20250125_061635.jpg,3,pen1_tur_cam2_20250125_061635.jpg
crop_5775_pen2_orb_cam1_20250108_083724.jpg,3,pen2_orb_cam1_20250108_083724.jpg
crop_5776_pen2_tur_cam1_20250123_102002.jpg,3,pen2_tur_cam1_20250123_102002.jpg
crop_5777_pen1_tur_cam2_20250127_102822.jpg,3,pen1_tur_cam2_20250127_102822.jpg
crop_5778_pen1_tur_cam2_20250201_085931.jpg,3,pen1_tur_cam2_20250201_085931.jpg
crop_5779_pen1_tur_cam2_20250126_131412.jpg,3,pen1_tur_cam2_20250126_131412.jpg
crop_5780_pen2_tur_cam1_20250120_132203.jpg,3,pen2_tur_cam1_20250120_132203.jpg
crop_5781_pen2_tur_cam1_20250120_094758.jpg,3,pen2_tur_cam1_20250120_094758.jpg
crop_5782_pen1_tur_cam2_20250122_133559.jpg,3,pen1_tur_cam2_20250122_133559.jpg
crop_5783_pen1_tur_cam2_20250125_142206.jpg,3,pen1_tur_cam2_20250125_142206.jpg
crop_5784_pen2_tur_cam1_20250109_070304.jpg,3,pen2_tur_cam1_20250109_070304.jpg
crop_5785_pen1_tur_cam2_20250125_103156.jpg,3,pen1_tur_cam2_20250125_103156.jpg
crop_5786_pen2_orb_cam1_20250108_080705.jpg,3,pen2_orb_cam1_20250108_080705.jpg
crop_5787_pen2_tur_cam1_20250120_132843.jpg,3,pen2_tur_cam1_20250120_132843.jpg
crop_5788_pen2_tur_cam1_20250109_072411.jpg,3,pen2_tur_cam1_20250109_072411.jpg
crop_5789_pen1_tur_cam2_20250203_120055.jpg,3,pen1_tur_cam2_20250203_120055.jpg
crop_5790_pen1_tur_cam2_20250125_093152.jpg,3,pen1_tur_cam2_20250125_093152.jpg
crop_5791_pen2_tur_cam1_20250109_070126.jpg,3,pen2_tur_cam1_20250109_070126.jpg
crop_5792_pen1_tur_cam2_20250126_122548.jpg,3,pen1_tur_cam2_20250126_122548.jpg
crop_5793_pen2_tur_cam1_20250109_071512.jpg,3,pen2_tur_cam1_20250109_071512.jpg
crop_5794_pen2_tur_cam1_20250123_121331.jpg,3,pen2_tur_cam1_20250123_121331.jpg
crop_5795_pen2_tur_cam1_20250109_070950.jpg,3,pen2_tur_cam1_20250109_070950.jpg
crop_5796_pen2_orb_cam1_20250108_081449.jpg,3,pen2_orb_cam1_20250108_081449.jpg
crop_5797_pen2_orb_cam1_20250108_081009.jpg,3,pen2_orb_cam1_20250108_081009.jpg
crop_5798_pen1_tur_cam2_20250122_123054.jpg,3,pen1_tur_cam2_20250122_123054.jpg
crop_5799_pen1_orb_cam1_20250108_090238.jpg,3,pen1_orb_cam1_20250108_090238.jpg
crop_5800_pen1_tur_cam2_20250201_141126.jpg,3,pen1_tur_cam2_20250201_141126.jpg
crop_5801_pen1_tur_cam2_20250220_071341.jpg,3,pen1_tur_cam2_20250220_071341.jpg
crop_5802_pen2_tur_cam1_20250209_070648.jpg,3,pen2_tur_cam1_20250209_070648.jpg
crop_5803_pen1_tur_cam2_20250207_132436.jpg,3,pen1_tur_cam2_20250207_132436.jpg
crop_5804_pen1_tur_cam2_20250203_111412.jpg,3,pen1_tur_cam2_20250203_111412.jpg
crop_5805_pen2_tur_cam1_20250209_101701.jpg,3,pen2_tur_cam1_20250209_101701.jpg
crop_5806_pen2_orb_cam1_20250108_081524.jpg,3,pen2_orb_cam1_20250108_081524.jpg
crop_5807_pen2_tur_cam1_20250120_075250.jpg,3,pen2_tur_cam1_20250120_075250.jpg
crop_5808_pen2_orb_cam1_20250108_081404.jpg,3,pen2_orb_cam1_20250108_081404.jpg
crop_5809_pen2_orb_cam1_20250108_082608.jpg,3,pen2_orb_cam1_20250108_082608.jpg
crop_5810_pen2_tur_cam1_20250109_071739.jpg,3,pen2_tur_cam1_20250109_071739.jpg
crop_5811_pen2_tur_cam1_20250109_070133.jpg,3,pen2_tur_cam1_20250109_070133.jpg
crop_5812_pen2_tur_cam1_20250109_072137.jpg,3,pen2_tur_cam1_20250109_072137.jpg
crop_5813_pen2_tur_cam1_20250109_080714.jpg,3,pen2_tur_cam1_20250109_080714.jpg
crop_5814_pen1_orb_cam2_20250108_085738.jpg,3,pen1_orb_cam2_20250108_085738.jpg
crop_5815_pen2_tur_cam1_20250109_070641.jpg,3,pen2_tur_cam1_20250109_070641.jpg
crop_5816_pen1_tur_cam2_20250201_092521.jpg,3,pen1_tur_cam2_20250201_092521.jpg
crop_5817_pen1_tur_cam2_20250125_095334.jpg,3,pen1_tur_cam2_20250125_095334.jpg
crop_5818_pen2_tur_cam1_20250209_140219.jpg,3,pen2_tur_cam1_20250209_140219.jpg
crop_5819_pen2_tur_cam1_20250209_074651.jpg,3,pen2_tur_cam1_20250209_074651.jpg
crop_5820_pen1_tur_cam2_20250126_080348.jpg,3,pen1_tur_cam2_20250126_080348.jpg
crop_5821_pen2_tur_cam1_20250109_075040.jpg,3,pen2_tur_cam1_20250109_075040.jpg
crop_5822_pen1_orb_cam1_20250108_090008.jpg,3,pen1_orb_cam1_20250108_090008.jpg
crop_5823_pen1_tur_cam2_20250203_100407.jpg,3,pen1_tur_cam2_20250203_100407.jpg
crop_5824_pen2_tur_cam1_20250120_085754.jpg,3,pen2_tur_cam1_20250120_085754.jpg
crop_5825_pen2_tur_cam1_20250209_130534.jpg,3,pen2_tur_cam1_20250209_130534.jpg
crop_5826_pen2_tur_cam1_20250120_093256.jpg,3,pen2_tur_cam1_20250120_093256.jpg
crop_5827_pen1_tur_cam2_20250122_143423.jpg,3,pen1_tur_cam2_20250122_143423.jpg
crop_5828_pen2_tur_cam1_20250109_072439.jpg,3,pen2_tur_cam1_20250109_072439.jpg
crop_5829_pen2_tur_cam1_20250109_074408.jpg,3,pen2_tur_cam1_20250109_074408.jpg
crop_5830_pen1_tur_cam2_20250126_141557.jpg,3,pen1_tur_cam2_20250126_141557.jpg
crop_5831_pen1_tur_cam2_20250220_105037.jpg,3,pen1_tur_cam2_20250220_105037.jpg
crop_5832_pen2_tur_cam1_20250120_105442.jpg,3,pen2_tur_cam1_20250120_105442.jpg
crop_5833_pen2_tur_cam1_20250109_071245.jpg,3,pen2_tur_cam1_20250109_071245.jpg
crop_5834_pen1_tur_cam2_20250203_100548.jpg,3,pen1_tur_cam2_20250203_100548.jpg
crop_5835_pen2_tur_cam1_20250109_075644.jpg,3,pen2_tur_cam1_20250109_075644.jpg
crop_5836_pen1_tur_cam2_20250125_085310.jpg,3,pen1_tur_cam2_20250125_085310.jpg
crop_5837_pen1_tur_cam2_20250127_133032.jpg,3,pen1_tur_cam2_20250127_133032.jpg
crop_5838_pen1_tur_cam2_20250220_093031.jpg,3,pen1_tur_cam2_20250220_093031.jpg
crop_5839_pen2_tur_cam1_20250123_143407.jpg,3,pen2_tur_cam1_20250123_143407.jpg
crop_5840_pen1_tur_cam2_20250220_090349.jpg,3,pen1_tur_cam2_20250220_090349.jpg
crop_5841_pen2_tur_cam1_20250109_072034.jpg,3,pen2_tur_cam1_20250109_072034.jpg
crop_5842_pen2_tur_cam1_20250109_070606.jpg,3,pen2_tur_cam1_20250109_070606.jpg
crop_5843_pen1_tur_cam2_20250125_070758.jpg,3,pen1_tur_cam2_20250125_070758.jpg
crop_5844_pen2_orb_cam1_20250108_081704.jpg,3,pen2_orb_cam1_20250108_081704.jpg
crop_5845_pen2_orb_cam1_20250108_081744.jpg,3,pen2_orb_cam1_20250108_081744.jpg
crop_5846_pen1_tur_cam2_20250125_133025.jpg,3,pen1_tur_cam2_20250125_133025.jpg
crop_5847_pen2_tur_cam1_20250109_070503.jpg,3,pen2_tur_cam1_20250109_070503.jpg
crop_5848_pen1_tur_cam2_20250125_115913.jpg,3,pen1_tur_cam2_20250125_115913.jpg
crop_5849_pen2_tur_cam1_20250209_140038.jpg,3,pen2_tur_cam1_20250209_140038.jpg
crop_5850_pen2_tur_cam1_20250109_072343.jpg,3,pen2_tur_cam1_20250109_072343.jpg
crop_5851_pen1_tur_cam2_20250203_102409.jpg,3,pen1_tur_cam2_20250203_102409.jpg
crop_5852_pen1_tur_cam2_20250201_142506.jpg,3,pen1_tur_cam2_20250201_142506.jpg
crop_5853_pen1_tur_cam2_20250122_144605.jpg,3,pen1_tur_cam2_20250122_144605.jpg
crop_5854_pen1_tur_cam2_20250201_092711.jpg,3,pen1_tur_cam2_20250201_092711.jpg
crop_5855_pen1_tur_cam2_20250203_110551.jpg,3,pen1_tur_cam2_20250203_110551.jpg
crop_5856_pen2_tur_cam1_20250109_072411.jpg,3,pen2_tur_cam1_20250109_072411.jpg
crop_5857_pen1_tur_cam2_20250203_094908.jpg,3,pen1_tur_cam2_20250203_094908.jpg
crop_5858_pen1_tur_cam2_20250127_144254.jpg,3,pen1_tur_cam2_20250127_144254.jpg
crop_5859_pen2_tur_cam1_20250209_074510.jpg,3,pen2_tur_cam1_20250209_074510.jpg
crop_5860_pen2_tur_cam1_20250109_071533.jpg,3,pen2_tur_cam1_20250109_071533.jpg
crop_5861_pen2_orb_cam1_20250108_080934.jpg,3,pen2_orb_cam1_20250108_080934.jpg
crop_5862_pen2_tur_cam1_20250120_144348.jpg,3,pen2_tur_cam1_20250120_144348.jpg
crop_5863_pen2_tur_cam1_20250109_080103.jpg,3,pen2_tur_cam1_20250109_080103.jpg
crop_5864_pen2_orb_cam1_20250108_082221.jpg,3,pen2_orb_cam1_20250108_082221.jpg
crop_5865_pen2_tur_cam1_20250109_080625.jpg,3,pen2_tur_cam1_20250109_080625.jpg
crop_5866_pen2_tur_cam1_20250109_070215.jpg,3,pen2_tur_cam1_20250109_070215.jpg
crop_5867_pen2_tur_cam1_20250209_125032.jpg,3,pen2_tur_cam1_20250209_125032.jpg
crop_5868_pen2_tur_cam1_20250109_070826.jpg,3,pen2_tur_cam1_20250109_070826.jpg
crop_5869_pen2_tur_cam1_20250109_074958.jpg,3,pen2_tur_cam1_20250109_074958.jpg
crop_5870_pen1_tur_cam2_20250220_072022.jpg,3,pen1_tur_cam2_20250220_072022.jpg
crop_5871_pen1_tur_cam2_20250220_084528.jpg,3,pen1_tur_cam2_20250220_084528.jpg
crop_5872_pen1_orb_cam2_20250108_131833.jpg,3,pen1_orb_cam2_20250108_131833.jpg
crop_5873_pen2_tur_cam1_20250120_105802.jpg,3,pen2_tur_cam1_20250120_105802.jpg
crop_5874_pen2_tur_cam1_20250120_121948.jpg,3,pen2_tur_cam1_20250120_121948.jpg
crop_5875_pen1_tur_cam2_20250125_114853.jpg,3,pen1_tur_cam2_20250125_114853.jpg
crop_5876_pen2_tur_cam1_20250109_080330.jpg,3,pen2_tur_cam1_20250109_080330.jpg
crop_5877_pen2_tur_cam1_20250120_100439.jpg,3,pen2_tur_cam1_20250120_100439.jpg
crop_5878_pen2_tur_cam1_20250109_072308.jpg,3,pen2_tur_cam1_20250109_072308.jpg
crop_5879_pen1_tur_cam2_20250220_074024.jpg,3,pen1_tur_cam2_20250220_074024.jpg
crop_5880_pen2_tur_cam1_20250109_072116.jpg,3,pen2_tur_cam1_20250109_072116.jpg
crop_5881_pen2_tur_cam1_20250109_075548.jpg,3,pen2_tur_cam1_20250109_075548.jpg
crop_5882_pen1_tur_cam2_20250127_135813.jpg,3,pen1_tur_cam2_20250127_135813.jpg
crop_5883_pen1_tur_cam2_20250125_062637.jpg,3,pen1_tur_cam2_20250125_062637.jpg
crop_5884_pen2_tur_cam1_20250123_114008.jpg,3,pen2_tur_cam1_20250123_114008.jpg
crop_5885_pen1_tur_cam2_20250203_100047.jpg,3,pen1_tur_cam2_20250203_100047.jpg
crop_5886_pen2_tur_cam1_20250109_072041.jpg,3,pen2_tur_cam1_20250109_072041.jpg
crop_5887_pen1_tur_cam2_20250126_090352.jpg,3,pen1_tur_cam2_20250126_090352.jpg
crop_5888_pen2_tur_cam1_20250109_075115.jpg,3,pen2_tur_cam1_20250109_075115.jpg
crop_5889_pen2_tur_cam1_20250109_080557.jpg,3,pen2_tur_cam1_20250109_080557.jpg
crop_5890_pen2_tur_cam1_20250123_151718.jpg,3,pen2_tur_cam1_20250123_151718.jpg
crop_5891_pen1_orb_cam2_20250108_134437.jpg,3,pen1_orb_cam2_20250108_134437.jpg
crop_5892_pen1_orb_cam2_20250108_090637.jpg,3,pen1_orb_cam2_20250108_090637.jpg
crop_5893_pen2_tur_cam1_20250209_130715.jpg,3,pen2_tur_cam1_20250209_130715.jpg
crop_5894_pen2_tur_cam1_20250123_144107.jpg,3,pen2_tur_cam1_20250123_144107.jpg
crop_5895_pen2_tur_cam1_20250209_130214.jpg,3,pen2_tur_cam1_20250209_130214.jpg
crop_5896_pen2_orb_cam1_20250108_085208.jpg,3,pen2_orb_cam1_20250108_085208.jpg
crop_5897_pen2_tur_cam1_20250209_095700.jpg,3,pen2_tur_cam1_20250209_095700.jpg
crop_5898_pen1_tur_cam2_20250220_085849.jpg,3,pen1_tur_cam2_20250220_085849.jpg
crop_5899_pen2_tur_cam1_20250109_072055.jpg,3,pen2_tur_cam1_20250109_072055.jpg
crop_5900_pen2_tur_cam1_20250109_070044.jpg,3,pen2_tur_cam1_20250109_070044.jpg
crop_5901_pen2_tur_cam1_20250120_140344.jpg,3,pen2_tur_cam1_20250120_140344.jpg
crop_5902_pen1_tur_cam2_20250203_100908.jpg,3,pen1_tur_cam2_20250203_100908.jpg
crop_5903_pen1_tur_cam2_20250126_100025.jpg,3,pen1_tur_cam2_20250126_100025.jpg
crop_5904_pen2_tur_cam1_20250109_071512.jpg,3,pen2_tur_cam1_20250109_071512.jpg
crop_5905_pen1_tur_cam2_20250122_144104.jpg,3,pen1_tur_cam2_20250122_144104.jpg
crop_5906_pen1_tur_cam2_20250125_062827.jpg,3,pen1_tur_cam2_20250125_062827.jpg
crop_5907_pen2_tur_cam1_20250123_113008.jpg,3,pen2_tur_cam1_20250123_113008.jpg
crop_5908_pen2_tur_cam1_20250109_070929.jpg,3,pen2_tur_cam1_20250109_070929.jpg
crop_5909_pen2_tur_cam1_20250109_072027.jpg,3,pen2_tur_cam1_20250109_072027.jpg
crop_5910_pen2_tur_cam1_20250109_074628.jpg,3,pen2_tur_cam1_20250109_074628.jpg
crop_5911_pen2_tur_cam1_20250123_132716.jpg,3,pen2_tur_cam1_20250123_132716.jpg
crop_5912_pen2_orb_cam1_20250108_080835.jpg,3,pen2_orb_cam1_20250108_080835.jpg
crop_5913_pen2_tur_cam1_20250209_110524.jpg,3,pen2_tur_cam1_20250209_110524.jpg
crop_5914_pen2_tur_cam1_20250209_121210.jpg,3,pen2_tur_cam1_20250209_121210.jpg
crop_5915_pen1_orb_cam1_20250108_085747.jpg,3,pen1_orb_cam1_20250108_085747.jpg
crop_5916_pen1_tur_cam2_20250220_103856.jpg,3,pen1_tur_cam2_20250220_103856.jpg
crop_5917_pen1_tur_cam2_20250125_115723.jpg,3,pen1_tur_cam2_20250125_115723.jpg
crop_5918_pen2_tur_cam1_20250120_132701.jpg,3,pen2_tur_cam1_20250120_132701.jpg
crop_5919_pen2_tur_cam2_20250120_074249.jpg,3,pen2_tur_cam2_20250120_074249.jpg
crop_5920_pen2_tur_cam2_20250120_075930.jpg,3,pen2_tur_cam2_20250120_075930.jpg
crop_5921_pen2_tur_cam1_20250120_133843.jpg,3,pen2_tur_cam1_20250120_133843.jpg
crop_5922_pen2_tur_cam1_20250209_070148.jpg,3,pen2_tur_cam1_20250209_070148.jpg
crop_5923_pen1_tur_cam2_20250127_105323.jpg,3,pen1_tur_cam2_20250127_105323.jpg
crop_5924_pen2_tur_cam1_20250109_072926.jpg,3,pen2_tur_cam1_20250109_072926.jpg
crop_5925_pen2_orb_cam1_20250108_080914.jpg,3,pen2_orb_cam1_20250108_080914.jpg
crop_5926_pen1_tur_cam2_20250203_094047.jpg,3,pen1_tur_cam2_20250203_094047.jpg
crop_5927_pen2_orb_cam1_20250108_082340.jpg,3,pen2_orb_cam1_20250108_082340.jpg
crop_5928_pen2_tur_cam1_20250120_104942.jpg,3,pen2_tur_cam1_20250120_104942.jpg
crop_5929_pen1_tur_cam2_20250122_092539.jpg,3,pen1_tur_cam2_20250122_092539.jpg
crop_5930_pen1_tur_cam2_20250122_110201.jpg,3,pen1_tur_cam2_20250122_110201.jpg
crop_5931_pen2_tur_cam1_20250109_071135.jpg,3,pen2_tur_cam1_20250109_071135.jpg
crop_5932_pen1_tur_cam2_20250127_133032.jpg,3,pen1_tur_cam2_20250127_133032.jpg
crop_5933_pen1_tur_cam2_20250127_140323.jpg,3,pen1_tur_cam2_20250127_140323.jpg
crop_5934_pen2_orb_cam1_20250108_081139.jpg,3,pen2_orb_cam1_20250108_081139.jpg
crop_5935_pen2_tur_cam1_20250120_145217.jpg,3,pen2_tur_cam1_20250120_145217.jpg
crop_5936_pen2_tur_cam1_20250109_071142.jpg,3,pen2_tur_cam1_20250109_071142.jpg
crop_5937_pen2_tur_cam1_20250109_070943.jpg,3,pen2_tur_cam1_20250109_070943.jpg
crop_5938_pen2_tur_cam1_20250109_074656.jpg,3,pen2_tur_cam1_20250109_074656.jpg
crop_5939_pen2_orb_cam1_20250108_081049.jpg,3,pen2_orb_cam1_20250108_081049.jpg
crop_5940_pen1_orb_cam2_20250108_090742.jpg,3,pen1_orb_cam2_20250108_090742.jpg
crop_5941_pen2_orb_cam1_20250108_081339.jpg,3,pen2_orb_cam1_20250108_081339.jpg
crop_5942_pen1_tur_cam2_20250220_083848.jpg,3,pen1_tur_cam2_20250220_083848.jpg
crop_5943_pen1_tur_cam2_20250125_094833.jpg,3,pen1_tur_cam2_20250125_094833.jpg
crop_5944_pen2_tur_cam1_20250109_080653.jpg,3,pen2_tur_cam1_20250109_080653.jpg
crop_5945_pen1_tur_cam2_20250125_123014.jpg,3,pen1_tur_cam2_20250125_123014.jpg
crop_5946_pen2_tur_cam1_20250120_122809.jpg,3,pen2_tur_cam1_20250120_122809.jpg
crop_5947_pen1_orb_cam2_20250108_131833.jpg,3,pen1_orb_cam2_20250108_131833.jpg
crop_5948_pen2_orb_cam1_20250108_081409.jpg,3,pen2_orb_cam1_20250108_081409.jpg
crop_5949_pen1_tur_cam2_20250203_093405.jpg,3,pen1_tur_cam2_20250203_093405.jpg
crop_5950_pen2_tur_cam1_20250109_070538.jpg,3,pen2_tur_cam1_20250109_070538.jpg
crop_5951_pen2_tur_cam1_20250209_104703.jpg,3,pen2_tur_cam1_20250209_104703.jpg
crop_5952_pen2_orb_cam1_20250108_082210.jpg,3,pen2_orb_cam1_20250108_082210.jpg
crop_5953_pen2_orb_cam1_20250108_081225.jpg,3,pen2_orb_cam1_20250108_081225.jpg
crop_5954_pen2_orb_cam1_20250108_082015.jpg,3,pen2_orb_cam1_20250108_082015.jpg
crop_5955_pen2_tur_cam1_20250123_103323.jpg,3,pen2_tur_cam1_20250123_103323.jpg
crop_5956_pen2_orb_cam1_20250108_083251.jpg,3,pen2_orb_cam1_20250108_083251.jpg
crop_5957_pen2_tur_cam1_20250209_115028.jpg,3,pen2_tur_cam1_20250209_115028.jpg
crop_5958_pen1_tur_cam2_20250220_083347.jpg,3,pen1_tur_cam2_20250220_083347.jpg
crop_5959_pen1_tur_cam2_20250125_123334.jpg,3,pen1_tur_cam2_20250125_123334.jpg
crop_5960_pen2_tur_cam1_20250109_071746.jpg,3,pen2_tur_cam1_20250109_071746.jpg
crop_5961_pen2_tur_cam1_20250109_073413.jpg,3,pen2_tur_cam1_20250109_073413.jpg
crop_5962_pen2_orb_cam1_20250108_081310.jpg,3,pen2_orb_cam1_20250108_081310.jpg
crop_5963_pen2_tur_cam1_20250109_070751.jpg,3,pen2_tur_cam1_20250109_070751.jpg
crop_5964_pen2_tur_cam1_20250109_074958.jpg,3,pen2_tur_cam1_20250109_074958.jpg
crop_5965_pen2_tur_cam1_20250109_074752.jpg,3,pen2_tur_cam1_20250109_074752.jpg
crop_5966_pen1_tur_cam2_20250125_140825.jpg,3,pen1_tur_cam2_20250125_140825.jpg
crop_5967_pen1_tur_cam2_20250125_115214.jpg,3,pen1_tur_cam2_20250125_115214.jpg
crop_5968_pen1_tur_cam2_20250127_133732.jpg,3,pen1_tur_cam2_20250127_133732.jpg
crop_5969_pen2_tur_cam1_20250120_082252.jpg,3,pen2_tur_cam1_20250120_082252.jpg
crop_5970_pen2_tur_cam1_20250109_080412.jpg,3,pen2_tur_cam1_20250109_080412.jpg
crop_5971_pen2_tur_cam1_20250120_120947.jpg,3,pen2_tur_cam1_20250120_120947.jpg
crop_5972_pen1_tur_cam2_20250126_131552.jpg,3,pen1_tur_cam2_20250126_131552.jpg
crop_5973_pen1_tur_cam2_20250126_102106.jpg,3,pen1_tur_cam2_20250126_102106.jpg
crop_5974_pen2_tur_cam1_20250109_074216.jpg,3,pen2_tur_cam1_20250109_074216.jpg
crop_5975_pen2_tur_cam1_20250109_080248.jpg,3,pen2_tur_cam1_20250109_080248.jpg
crop_5976_pen1_tur_cam2_20250127_103502.jpg,3,pen1_tur_cam2_20250127_103502.jpg
crop_5977_pen2_tur_cam1_20250109_070929.jpg,3,pen2_tur_cam1_20250109_070929.jpg
crop_5978_pen1_tur_cam2_20250127_130952.jpg,3,pen1_tur_cam2_20250127_130952.jpg
crop_5979_pen1_tur_cam2_20250125_112659.jpg,3,pen1_tur_cam2_20250125_112659.jpg
crop_5980_pen2_tur_cam1_20250120_104442.jpg,3,pen2_tur_cam1_20250120_104442.jpg
crop_5981_pen1_tur_cam2_20250126_124049.jpg,3,pen1_tur_cam2_20250126_124049.jpg
crop_5982_pen2_tur_cam1_20250123_101321.jpg,3,pen2_tur_cam1_20250123_101321.jpg
crop_5983_pen1_tur_cam2_20250220_101354.jpg,3,pen1_tur_cam2_20250220_101354.jpg
crop_5984_pen2_tur_cam1_20250123_115329.jpg,3,pen2_tur_cam1_20250123_115329.jpg
crop_5985_pen2_tur_cam1_20250109_072102.jpg,3,pen2_tur_cam1_20250109_072102.jpg
crop_5986_pen2_tur_cam1_20250109_074752.jpg,3,pen2_tur_cam1_20250109_074752.jpg
crop_5987_pen1_tur_cam2_20250122_133418.jpg,3,pen1_tur_cam2_20250122_133418.jpg
crop_5988_pen1_tur_cam1_20250201_090951.jpg,3,pen1_tur_cam1_20250201_090951.jpg
crop_5989_pen1_orb_cam2_20250108_085531.jpg,3,pen1_orb_cam2_20250108_085531.jpg
crop_5990_pen1_tur_cam2_20250125_062827.jpg,3,pen1_tur_cam2_20250125_062827.jpg
crop_5991_pen2_tur_cam1_20250109_074457.jpg,3,pen2_tur_cam1_20250109_074457.jpg
crop_5992_pen2_tur_cam1_20250109_080749.jpg,3,pen2_tur_cam1_20250109_080749.jpg
crop_5993_pen2_tur_cam1_20250209_072149.jpg,3,pen2_tur_cam1_20250209_072149.jpg
crop_5994_pen1_tur_cam2_20250126_102106.jpg,3,pen1_tur_cam2_20250126_102106.jpg
crop_5995_pen1_tur_cam2_20250203_115054.jpg,3,pen1_tur_cam2_20250203_115054.jpg
crop_5996_pen2_tur_cam1_20250109_071931.jpg,3,pen2_tur_cam1_20250109_071931.jpg
crop_5997_pen2_tur_cam1_20250120_134203.jpg,3,pen2_tur_cam1_20250120_134203.jpg
crop_5998_pen2_tur_cam1_20250209_083154.jpg,3,pen2_tur_cam1_20250209_083154.jpg
crop_5999_pen2_tur_cam1_20250123_104504.jpg,3,pen2_tur_cam1_20250123_104504.jpg
crop_6000_pen1_tur_cam2_20250122_135100.jpg,3,pen1_tur_cam2_20250122_135100.jpg
crop_6001_pen1_orb_cam1_20250108_085747.jpg,3,pen1_orb_cam1_20250108_085747.jpg
crop_6002_pen1_tur_cam2_20250203_102409.jpg,3,pen1_tur_cam2_20250203_102409.jpg
crop_6003_pen2_orb_cam1_20250108_080500.jpg,3,pen2_orb_cam1_20250108_080500.jpg
crop_6004_pen2_tur_cam1_20250109_075101.jpg,3,pen2_tur_cam1_20250109_075101.jpg
crop_6005_pen2_tur_cam1_20250209_150543.jpg,3,pen2_tur_cam1_20250209_150543.jpg
crop_6006_pen1_tur_cam2_20250126_114026.jpg,3,pen1_tur_cam2_20250126_114026.jpg
crop_6007_pen2_tur_cam1_20250109_072247.jpg,3,pen2_tur_cam1_20250109_072247.jpg
crop_6008_pen2_orb_cam1_20250108_083701.jpg,3,pen2_orb_cam1_20250108_083701.jpg
crop_6009_pen1_tur_cam2_20250126_115406.jpg,3,pen1_tur_cam2_20250126_115406.jpg
crop_6010_pen2_tur_cam1_20250209_144544.jpg,3,pen2_tur_cam1_20250209_144544.jpg
crop_6011_pen1_orb_cam1_20250108_085737.jpg,3,pen1_orb_cam1_20250108_085737.jpg
crop_6012_pen2_tur_cam1_20250109_070510.jpg,3,pen2_tur_cam1_20250109_070510.jpg
crop_6013_pen1_tur_cam2_20250201_090631.jpg,3,pen1_tur_cam2_20250201_090631.jpg
crop_6014_pen2_tur_cam1_20250109_072343.jpg,3,pen2_tur_cam1_20250109_072343.jpg
crop_6015_pen1_tur_cam2_20250220_095353.jpg,3,pen1_tur_cam2_20250220_095353.jpg
crop_6016_pen2_orb_cam1_20250108_082546.jpg,3,pen2_orb_cam1_20250108_082546.jpg
crop_6017_pen2_orb_cam1_20250108_082708.jpg,3,pen2_orb_cam1_20250108_082708.jpg
crop_6018_pen2_tur_cam1_20250109_073757.jpg,3,pen2_tur_cam1_20250109_073757.jpg
crop_6019_pen1_tur_cam2_20250127_160028.jpg,3,pen1_tur_cam2_20250127_160028.jpg
crop_6020_pen2_tur_cam1_20250120_110943.jpg,3,pen2_tur_cam1_20250120_110943.jpg
crop_6021_pen2_tur_cam2_20250120_074749.jpg,3,pen2_tur_cam2_20250120_074749.jpg
crop_6022_pen2_tur_cam1_20250120_082432.jpg,3,pen2_tur_cam1_20250120_082432.jpg
crop_6023_pen2_tur_cam1_20250209_110704.jpg,3,pen2_tur_cam1_20250209_110704.jpg
crop_6024_pen2_tur_cam1_20250120_082252.jpg,3,pen2_tur_cam1_20250120_082252.jpg
crop_6025_pen2_tur_cam1_20250109_070215.jpg,3,pen2_tur_cam1_20250109_070215.jpg
crop_6026_pen2_tur_cam1_20250120_070747.jpg,3,pen2_tur_cam1_20250120_070747.jpg
crop_6027_pen1_tur_cam2_20250207_130434.jpg,3,pen1_tur_cam2_20250207_130434.jpg
crop_6028_pen2_orb_cam1_20250108_081519.jpg,3,pen2_orb_cam1_20250108_081519.jpg
crop_6029_pen2_tur_cam1_20250123_144617.jpg,3,pen2_tur_cam1_20250123_144617.jpg
crop_6030_pen2_tur_cam1_20250109_072556.jpg,3,pen2_tur_cam1_20250109_072556.jpg
crop_6031_pen2_orb_cam1_20250108_083924.jpg,3,pen2_orb_cam1_20250108_083924.jpg
crop_6032_pen1_tur_cam2_20250126_091034.jpg,3,pen1_tur_cam2_20250126_091034.jpg
crop_6033_pen2_tur_cam1_20250120_073929.jpg,3,pen2_tur_cam1_20250120_073929.jpg
crop_6034_pen2_tur_cam1_20250123_151528.jpg,3,pen2_tur_cam1_20250123_151528.jpg
crop_6035_pen1_tur_cam2_20250125_072008.jpg,3,pen1_tur_cam2_20250125_072008.jpg
crop_6036_pen2_tur_cam1_20250120_082252.jpg,3,pen2_tur_cam1_20250120_082252.jpg
crop_6037_pen1_orb_cam2_20250108_091213.jpg,3,pen1_orb_cam2_20250108_091213.jpg
crop_6038_pen2_orb_cam1_20250108_083229.jpg,3,pen2_orb_cam1_20250108_083229.jpg
crop_6039_pen2_tur_cam1_20250109_071039.jpg,3,pen2_tur_cam1_20250109_071039.jpg
crop_6040_pen2_tur_cam1_20250109_075459.jpg,3,pen2_tur_cam1_20250109_075459.jpg
crop_6041_pen2_tur_cam1_20250109_070915.jpg,3,pen2_tur_cam1_20250109_070915.jpg
crop_6042_pen1_orb_cam2_20250108_085632.jpg,3,pen1_orb_cam2_20250108_085632.jpg
crop_6043_pen2_tur_cam1_20250109_071547.jpg,3,pen2_tur_cam1_20250109_071547.jpg
crop_6044_pen1_tur_cam2_20250127_151844.jpg,3,pen1_tur_cam2_20250127_151844.jpg
crop_6045_pen2_tur_cam1_20250120_084253.jpg,3,pen2_tur_cam1_20250120_084253.jpg
crop_6046_pen1_tur_cam2_20250126_150710.jpg,3,pen1_tur_cam2_20250126_150710.jpg
crop_6047_pen1_tur_cam2_20250220_073023.jpg,3,pen1_tur_cam2_20250220_073023.jpg
crop_6048_pen2_orb_cam1_20250108_084851.jpg,3,pen2_orb_cam1_20250108_084851.jpg
crop_6049_pen1_tur_cam2_20250207_145443.jpg,3,pen1_tur_cam2_20250207_145443.jpg
crop_6050_pen2_tur_cam1_20250123_122331.jpg,3,pen2_tur_cam1_20250123_122331.jpg
crop_6051_pen2_tur_cam1_20250209_073150.jpg,3,pen2_tur_cam1_20250209_073150.jpg
crop_6052_pen2_orb_cam1_20250108_085236.jpg,3,pen2_orb_cam1_20250108_085236.jpg
crop_6053_pen1_tur_cam2_20250220_070521.jpg,3,pen1_tur_cam2_20250220_070521.jpg
crop_6054_pen1_tur_cam2_20250220_070521.jpg,3,pen1_tur_cam2_20250220_070521.jpg
crop_6055_pen1_tur_cam2_20250122_144104.jpg,3,pen1_tur_cam2_20250122_144104.jpg
crop_6056_pen2_tur_cam1_20250109_074909.jpg,3,pen2_tur_cam1_20250109_074909.jpg
crop_6057_pen1_orb_cam2_20250108_091548.jpg,3,pen1_orb_cam2_20250108_091548.jpg
crop_6058_pen2_tur_cam1_20250120_105442.jpg,3,pen2_tur_cam1_20250120_105442.jpg
crop_6059_pen1_tur_cam2_20250127_115327.jpg,3,pen1_tur_cam2_20250127_115327.jpg
crop_6060_pen1_tur_cam2_20250125_141337.jpg,3,pen1_tur_cam2_20250125_141337.jpg
crop_6061_pen1_orb_cam2_20250108_090436.jpg,3,pen1_orb_cam2_20250108_090436.jpg
crop_6062_pen2_tur_cam1_20250109_071533.jpg,3,pen2_tur_cam1_20250109_071533.jpg
crop_6063_pen2_tur_cam1_20250109_073228.jpg,3,pen2_tur_cam1_20250109_073228.jpg
crop_6064_pen1_tur_cam2_20250125_095654.jpg,3,pen1_tur_cam2_20250125_095654.jpg
crop_6065_pen2_tur_cam1_20250123_104504.jpg,3,pen2_tur_cam1_20250123_104504.jpg
crop_6066_pen2_tur_cam1_20250109_080351.jpg,3,pen2_tur_cam1_20250109_080351.jpg
crop_6067_pen2_tur_cam1_20250109_071554.jpg,3,pen2_tur_cam1_20250109_071554.jpg
crop_6068_pen2_tur_cam1_20250120_131201.jpg,3,pen2_tur_cam1_20250120_131201.jpg
crop_6069_pen2_tur_cam1_20250109_080419.jpg,3,pen2_tur_cam1_20250109_080419.jpg
crop_6070_pen2_tur_cam1_20250109_080021.jpg,3,pen2_tur_cam1_20250109_080021.jpg
crop_6071_pen2_tur_cam1_20250109_073544.jpg,3,pen2_tur_cam1_20250109_073544.jpg
crop_6072_pen2_tur_cam1_20250120_113945.jpg,3,pen2_tur_cam1_20250120_113945.jpg
crop_6073_pen1_tur_cam2_20250220_110858.jpg,3,pen1_tur_cam2_20250220_110858.jpg
crop_6074_pen2_tur_cam1_20250109_074155.jpg,3,pen2_tur_cam1_20250109_074155.jpg
crop_6075_pen1_tur_cam2_20250127_144443.jpg,3,pen1_tur_cam2_20250127_144443.jpg
crop_6076_pen1_tur_cam2_20250125_112659.jpg,3,pen1_tur_cam2_20250125_112659.jpg
crop_6077_pen1_tur_cam2_20250122_131417.jpg,3,pen1_tur_cam2_20250122_131417.jpg
crop_6078_pen2_tur_cam1_20250123_101822.jpg,3,pen2_tur_cam1_20250123_101822.jpg
crop_6079_pen1_tur_cam2_20250125_061635.jpg,3,pen1_tur_cam2_20250125_061635.jpg
crop_6080_pen2_tur_cam1_20250109_072205.jpg,3,pen2_tur_cam1_20250109_072205.jpg
crop_6081_pen1_tur_cam2_20250125_123524.jpg,3,pen1_tur_cam2_20250125_123524.jpg
crop_6082_pen2_orb_cam1_20250108_085357.jpg,3,pen2_orb_cam1_20250108_085357.jpg
crop_6083_pen1_orb_cam2_20250108_090134.jpg,3,pen1_orb_cam2_20250108_090134.jpg
crop_6084_pen1_tur_cam2_20250127_153346.jpg,3,pen1_tur_cam2_20250127_153346.jpg
crop_6085_pen2_tur_cam1_20250109_071451.jpg,3,pen2_tur_cam1_20250109_071451.jpg
crop_6086_pen1_tur_cam2_20250127_114007.jpg,3,pen1_tur_cam2_20250127_114007.jpg
crop_6087_pen2_tur_cam1_20250109_074333.jpg,3,pen2_tur_cam1_20250109_074333.jpg
crop_6088_pen2_tur_cam1_20250109_072301.jpg,3,pen2_tur_cam1_20250109_072301.jpg
crop_6089_pen1_tur_cam2_20250126_151730.jpg,3,pen1_tur_cam2_20250126_151730.jpg
crop_6090_pen2_tur_cam1_20250120_103300.jpg,3,pen2_tur_cam1_20250120_103300.jpg
crop_6091_pen1_tur_cam2_20250127_114007.jpg,3,pen1_tur_cam2_20250127_114007.jpg
crop_6092_pen1_tur_cam2_20250125_083039.jpg,3,pen1_tur_cam2_20250125_083039.jpg
crop_6093_pen1_tur_cam2_20250203_093405.jpg,3,pen1_tur_cam2_20250203_093405.jpg
crop_6094_pen1_tur_cam2_20250122_144424.jpg,3,pen1_tur_cam2_20250122_144424.jpg
crop_6095_pen1_tur_cam2_20250207_130935.jpg,3,pen1_tur_cam2_20250207_130935.jpg
crop_6096_pen2_tur_cam2_20250120_081432.jpg,3,pen2_tur_cam2_20250120_081432.jpg
crop_6097_pen1_tur_cam2_20250220_083848.jpg,3,pen1_tur_cam2_20250220_083848.jpg
crop_6098_pen1_orb_cam2_20250108_133045.jpg,3,pen1_orb_cam2_20250108_133045.jpg
crop_6099_pen2_tur_cam1_20250109_072137.jpg,3,pen2_tur_cam1_20250109_072137.jpg
crop_6100_pen1_tur_cam2_20250201_085611.jpg,3,pen1_tur_cam2_20250201_085611.jpg
crop_6101_pen2_tur_cam1_20250109_071938.jpg,3,pen2_tur_cam1_20250109_071938.jpg
crop_6102_pen2_orb_cam1_20250108_085429.jpg,3,pen2_orb_cam1_20250108_085429.jpg
crop_6103_pen2_tur_cam1_20250109_075829.jpg,3,pen2_tur_cam1_20250109_075829.jpg
crop_6104_pen2_tur_cam1_20250209_095700.jpg,3,pen2_tur_cam1_20250209_095700.jpg
crop_6105_pen1_tur_cam2_20250122_133058.jpg,3,pen1_tur_cam2_20250122_133058.jpg
crop_6106_pen2_tur_cam1_20250109_071423.jpg,3,pen2_tur_cam1_20250109_071423.jpg
crop_6107_pen1_tur_cam2_20250122_134920.jpg,3,pen1_tur_cam2_20250122_134920.jpg
crop_6108_pen2_tur_cam1_20250109_070442.jpg,3,pen2_tur_cam1_20250109_070442.jpg
crop_6109_pen1_tur_cam2_20250125_123334.jpg,3,pen1_tur_cam2_20250125_123334.jpg
crop_6110_pen2_tur_cam1_20250120_111944.jpg,3,pen2_tur_cam1_20250120_111944.jpg
crop_6111_pen1_tur_cam2_20250125_103656.jpg,3,pen1_tur_cam2_20250125_103656.jpg
crop_6112_pen2_tur_cam1_20250109_071011.jpg,3,pen2_tur_cam1_20250109_071011.jpg
crop_6113_pen1_orb_cam2_20250108_090707.jpg,3,pen1_orb_cam2_20250108_090707.jpg
crop_6114_pen2_orb_cam2_20250217_130342.jpg,3,pen2_orb_cam2_20250217_130342.jpg
crop_6115_pen2_tur_cam1_20250120_115306.jpg,3,pen2_tur_cam1_20250120_115306.jpg
crop_6116_pen1_tur_cam2_20250220_075024.jpg,3,pen1_tur_cam2_20250220_075024.jpg
crop_6117_pen1_tur_cam2_20250122_140601.jpg,3,pen1_tur_cam2_20250122_140601.jpg
crop_6118_pen1_tur_cam2_20250125_074919.jpg,3,pen1_tur_cam2_20250125_074919.jpg
crop_6119_pen1_tur_cam2_20250203_115555.jpg,3,pen1_tur_cam2_20250203_115555.jpg
crop_6120_pen2_tur_cam1_20250109_071121.jpg,3,pen2_tur_cam1_20250109_071121.jpg
crop_6121_pen1_tur_cam2_20250126_141917.jpg,3,pen1_tur_cam2_20250126_141917.jpg
crop_6122_pen2_tur_cam1_20250109_072322.jpg,3,pen2_tur_cam1_20250109_072322.jpg
crop_6123_pen1_tur_cam2_20250126_142057.jpg,3,pen1_tur_cam2_20250126_142057.jpg
crop_6124_pen2_orb_cam1_20250108_082122.jpg,3,pen2_orb_cam1_20250108_082122.jpg
crop_6125_pen1_tur_cam2_20250201_090631.jpg,3,pen1_tur_cam2_20250201_090631.jpg
crop_6126_pen2_tur_cam1_20250209_122531.jpg,3,pen2_tur_cam1_20250209_122531.jpg
crop_6127_pen2_tur_cam1_20250109_070545.jpg,3,pen2_tur_cam1_20250109_070545.jpg
crop_6128_pen2_tur_cam1_20250209_145542.jpg,3,pen2_tur_cam1_20250209_145542.jpg
crop_6129_pen2_tur_cam1_20250109_071856.jpg,3,pen2_tur_cam1_20250109_071856.jpg
crop_6130_pen1_tur_cam2_20250125_100654.jpg,3,pen1_tur_cam2_20250125_100654.jpg
crop_6131_pen1_tur_cam2_20250127_140833.jpg,3,pen1_tur_cam2_20250127_140833.jpg
crop_6132_pen2_orb_cam1_20250108_085040.jpg,3,pen2_orb_cam1_20250108_085040.jpg
crop_6133_pen1_tur_cam2_20250125_145719.jpg,3,pen1_tur_cam2_20250125_145719.jpg
crop_6134_pen1_tur_cam2_20250125_121954.jpg,3,pen1_tur_cam2_20250125_121954.jpg
crop_6135_pen1_tur_cam2_20250122_123915.jpg,3,pen1_tur_cam2_20250122_123915.jpg
crop_6136_pen2_tur_cam2_20250120_073929.jpg,3,pen2_tur_cam2_20250120_073929.jpg
crop_6137_pen1_tur_cam2_20250122_103610.jpg,3,pen1_tur_cam2_20250122_103610.jpg
crop_6138_pen1_orb_cam2_20250108_134514.jpg,3,pen1_orb_cam2_20250108_134514.jpg
crop_6139_pen2_tur_cam1_20250123_153758.jpg,3,pen2_tur_cam1_20250123_153758.jpg
crop_6140_pen2_tur_cam1_20250109_070702.jpg,3,pen2_tur_cam1_20250109_070702.jpg
crop_6141_pen2_tur_cam1_20250109_080213.jpg,3,pen2_tur_cam1_20250109_080213.jpg
crop_6142_pen2_tur_cam1_20250109_073708.jpg,3,pen2_tur_cam1_20250109_073708.jpg
crop_6143_pen2_tur_cam1_20250209_071148.jpg,3,pen2_tur_cam1_20250209_071148.jpg
crop_6144_pen1_tur_cam2_20250220_072022.jpg,3,pen1_tur_cam2_20250220_072022.jpg
crop_6145_pen2_tur_cam1_20250209_123532.jpg,3,pen2_tur_cam1_20250209_123532.jpg
crop_6146_pen2_orb_cam1_20250108_082244.jpg,3,pen2_orb_cam1_20250108_082244.jpg
crop_6147_pen2_tur_cam1_20250109_075651.jpg,3,pen2_tur_cam1_20250109_075651.jpg
crop_6148_pen2_tur_cam1_20250109_073043.jpg,3,pen2_tur_cam1_20250109_073043.jpg
crop_6149_pen2_tur_cam1_20250109_072905.jpg,3,pen2_tur_cam1_20250109_072905.jpg
crop_6150_pen2_tur_cam1_20250109_074958.jpg,3,pen2_tur_cam1_20250109_074958.jpg
crop_6151_pen2_tur_cam1_20250109_071814.jpg,3,pen2_tur_cam1_20250109_071814.jpg
crop_6152_pen2_orb_cam1_20250108_081250.jpg,3,pen2_orb_cam1_20250108_081250.jpg
crop_6153_pen1_tur_cam2_20250203_104050.jpg,3,pen1_tur_cam2_20250203_104050.jpg
crop_6154_pen1_tur_cam2_20250122_094109.jpg,3,pen1_tur_cam2_20250122_094109.jpg
crop_6155_pen2_tur_cam1_20250109_074841.jpg,3,pen2_tur_cam1_20250109_074841.jpg
crop_6156_pen2_tur_cam1_20250109_074354.jpg,3,pen2_tur_cam1_20250109_074354.jpg
crop_6157_pen1_orb_cam2_20250108_134532.jpg,3,pen1_orb_cam2_20250108_134532.jpg
crop_6158_pen1_tur_cam2_20250122_093409.jpg,3,pen1_tur_cam2_20250122_093409.jpg
crop_6159_pen2_tur_cam1_20250109_073928.jpg,3,pen2_tur_cam1_20250109_073928.jpg
crop_6160_pen1_tur_cam2_20250125_062317.jpg,3,pen1_tur_cam2_20250125_062317.jpg
crop_6161_pen1_tur_cam2_20250220_090029.jpg,3,pen1_tur_cam2_20250220_090029.jpg
crop_6162_pen2_tur_cam1_20250120_131842.jpg,3,pen2_tur_cam1_20250120_131842.jpg
crop_6163_pen2_orb_cam2_20250217_130342.jpg,3,pen2_orb_cam2_20250217_130342.jpg
crop_6164_pen1_tur_cam2_20250127_144803.jpg,3,pen1_tur_cam2_20250127_144803.jpg
crop_6165_pen2_tur_cam1_20250120_073249.jpg,3,pen2_tur_cam1_20250120_073249.jpg
crop_6166_pen2_tur_cam1_20250109_075534.jpg,3,pen2_tur_cam1_20250109_075534.jpg
crop_6167_pen1_tur_cam2_20250207_130935.jpg,3,pen1_tur_cam2_20250207_130935.jpg
crop_6168_pen2_orb_cam1_20250108_080450.jpg,3,pen2_orb_cam1_20250108_080450.jpg
crop_6169_pen2_tur_cam1_20250109_071416.jpg,3,pen2_tur_cam1_20250109_071416.jpg
crop_6170_pen1_tur_cam2_20250201_091141.jpg,3,pen1_tur_cam2_20250201_091141.jpg
crop_6171_pen2_tur_cam1_20250109_073619.jpg,3,pen2_tur_cam1_20250109_073619.jpg
crop_6172_pen2_tur_cam1_20250124_093638.jpg,3,pen2_tur_cam1_20250124_093638.jpg
crop_6173_pen2_orb_cam1_20250108_083811.jpg,3,pen2_orb_cam1_20250108_083811.jpg
crop_6174_pen2_tur_cam1_20250109_080110.jpg,3,pen2_tur_cam1_20250109_080110.jpg
crop_6175_pen1_tur_cam2_20250127_110504.jpg,3,pen1_tur_cam2_20250127_110504.jpg
crop_6176_pen2_tur_cam1_20250109_071416.jpg,3,pen2_tur_cam1_20250109_071416.jpg
crop_6177_pen2_tur_cam1_20250109_073242.jpg,3,pen2_tur_cam1_20250109_073242.jpg
crop_6178_pen2_orb_cam1_20250108_085144.jpg,3,pen2_orb_cam1_20250108_085144.jpg
crop_6179_pen2_tur_cam1_20250109_075204.jpg,3,pen2_tur_cam1_20250109_075204.jpg
crop_6180_pen1_tur_cam2_20250203_102049.jpg,3,pen1_tur_cam2_20250203_102049.jpg
crop_6181_pen2_tur_cam1_20250109_072109.jpg,3,pen2_tur_cam1_20250109_072109.jpg
crop_6182_pen1_tur_cam2_20250220_091851.jpg,3,pen1_tur_cam2_20250220_091851.jpg
crop_6183_pen1_tur_cam2_20250203_101408.jpg,3,pen1_tur_cam2_20250203_101408.jpg
crop_6184_pen2_orb_cam1_20250108_083217.jpg,3,pen2_orb_cam1_20250108_083217.jpg
crop_6185_pen1_orb_cam1_20250108_090102.jpg,3,pen1_orb_cam1_20250108_090102.jpg
crop_6186_pen2_orb_cam1_20250108_084821.jpg,3,pen2_orb_cam1_20250108_084821.jpg
crop_6187_pen2_tur_cam1_20250109_072514.jpg,3,pen2_tur_cam1_20250109_072514.jpg
crop_6188_pen2_tur_cam1_20250209_083514.jpg,3,pen2_tur_cam1_20250209_083514.jpg
crop_6189_pen1_tur_cam2_20250203_094908.jpg,3,pen1_tur_cam2_20250203_094908.jpg
crop_6190_pen2_tur_cam1_20250209_072649.jpg,3,pen2_tur_cam1_20250209_072649.jpg
crop_6191_pen2_tur_cam1_20250109_074326.jpg,3,pen2_tur_cam1_20250109_074326.jpg
crop_6192_pen2_orb_cam1_20250108_084548.jpg,3,pen2_orb_cam1_20250108_084548.jpg
crop_6193_pen2_tur_cam1_20250123_114509.jpg,3,pen2_tur_cam1_20250123_114509.jpg
crop_6194_pen1_tur_cam2_20250126_080528.jpg,3,pen1_tur_cam2_20250126_080528.jpg
crop_6195_pen2_tur_cam1_20250120_130841.jpg,3,pen2_tur_cam1_20250120_130841.jpg
crop_6196_pen1_tur_cam2_20250125_063147.jpg,3,pen1_tur_cam2_20250125_063147.jpg
crop_6197_pen1_tur_cam2_20250125_061816.jpg,3,pen1_tur_cam2_20250125_061816.jpg
crop_6198_pen2_tur_cam1_20250109_080337.jpg,3,pen2_tur_cam1_20250109_080337.jpg
crop_6199_pen2_tur_cam1_20250209_130214.jpg,3,pen2_tur_cam1_20250209_130214.jpg
crop_6200_pen2_orb_cam1_20250108_083935.jpg,3,pen2_orb_cam1_20250108_083935.jpg
crop_6201_pen2_tur_cam1_20250109_080749.jpg,3,pen2_tur_cam1_20250109_080749.jpg
crop_6202_pen1_tur_cam2_20250220_104356.jpg,3,pen1_tur_cam2_20250220_104356.jpg
crop_6203_pen1_orb_cam1_20250108_085632.jpg,3,pen1_orb_cam1_20250108_085632.jpg
crop_6204_pen2_tur_cam1_20250109_072020.jpg,3,pen2_tur_cam1_20250109_072020.jpg
crop_6205_pen2_orb_cam1_20250108_083912.jpg,3,pen2_orb_cam1_20250108_083912.jpg
crop_6206_pen1_tur_cam2_20250125_073859.jpg,3,pen1_tur_cam2_20250125_073859.jpg
crop_6207_pen1_orb_cam1_20250108_085702.jpg,3,pen1_orb_cam1_20250108_085702.jpg
crop_6208_pen1_tur_cam2_20250203_110411.jpg,3,pen1_tur_cam2_20250203_110411.jpg
crop_6209_pen1_tur_cam2_20250127_143233.jpg,3,pen1_tur_cam2_20250127_143233.jpg
crop_6210_pen2_tur_cam1_20250109_080412.jpg,3,pen2_tur_cam1_20250109_080412.jpg
crop_6211_pen2_tur_cam1_20250124_093137.jpg,3,pen2_tur_cam1_20250124_093137.jpg
crop_6212_pen1_orb_cam1_20250108_085556.jpg,3,pen1_orb_cam1_20250108_085556.jpg
crop_6213_pen1_tur_cam2_20250201_140945.jpg,3,pen1_tur_cam2_20250201_140945.jpg
crop_6214_pen2_tur_cam1_20250109_071917.jpg,3,pen2_tur_cam1_20250109_071917.jpg
crop_6215_pen1_tur_cam2_20250122_134920.jpg,3,pen1_tur_cam2_20250122_134920.jpg
crop_6216_pen1_orb_cam2_20250108_091152.jpg,3,pen1_orb_cam2_20250108_091152.jpg
crop_6217_pen1_tur_cam2_20250203_095047.jpg,3,pen1_tur_cam2_20250203_095047.jpg
crop_6218_pen2_tur_cam1_20250109_071650.jpg,3,pen2_tur_cam1_20250109_071650.jpg
crop_6219_pen1_orb_cam2_20250108_080209.jpg,3,pen1_orb_cam2_20250108_080209.jpg
crop_6220_pen2_tur_cam2_20250120_082753.jpg,3,pen2_tur_cam2_20250120_082753.jpg
crop_6221_pen1_tur_cam2_20250127_103822.jpg,3,pen1_tur_cam2_20250127_103822.jpg
crop_6222_pen2_tur_cam1_20250120_132203.jpg,3,pen2_tur_cam1_20250120_132203.jpg
crop_6223_pen2_orb_cam1_20250108_083527.jpg,3,pen2_orb_cam1_20250108_083527.jpg
crop_6224_pen1_tur_cam2_20250126_101044.jpg,3,pen1_tur_cam2_20250126_101044.jpg
crop_6225_pen2_tur_cam1_20250109_080721.jpg,3,pen2_tur_cam1_20250109_080721.jpg
crop_6226_pen1_tur_cam2_20250125_135105.jpg,3,pen1_tur_cam2_20250125_135105.jpg
crop_6227_pen2_tur_cam1_20250123_110005.jpg,3,pen2_tur_cam1_20250123_110005.jpg
crop_6228_pen2_tur_cam1_20250209_120029.jpg,3,pen2_tur_cam1_20250209_120029.jpg
crop_6229_pen1_tur_cam2_20250207_134438.jpg,3,pen1_tur_cam2_20250207_134438.jpg
crop_6230_pen1_tur_cam2_20250220_075024.jpg,3,pen1_tur_cam2_20250220_075024.jpg
crop_6231_pen1_tur_cam2_20250207_130434.jpg,3,pen1_tur_cam2_20250207_130434.jpg
crop_6232_pen1_tur_cam2_20250125_085630.jpg,3,pen1_tur_cam2_20250125_085630.jpg
crop_6233_pen2_tur_cam1_20250109_074717.jpg,3,pen2_tur_cam1_20250109_074717.jpg
crop_6234_pen1_orb_cam1_20250108_090258.jpg,3,pen1_orb_cam1_20250108_090258.jpg
crop_6235_pen1_tur_cam2_20250125_065738.jpg,3,pen1_tur_cam2_20250125_065738.jpg
crop_6236_pen1_tur_cam2_20250125_074559.jpg,3,pen1_tur_cam2_20250125_074559.jpg
crop_6237_pen2_tur_cam1_20250123_111827.jpg,3,pen2_tur_cam1_20250123_111827.jpg
crop_6238_pen2_orb_cam1_20250108_084352.jpg,3,pen2_orb_cam1_20250108_084352.jpg
crop_6239_pen2_tur_cam1_20250123_112007.jpg,3,pen2_tur_cam1_20250123_112007.jpg
crop_6240_pen2_tur_cam1_20250123_145447.jpg,3,pen2_tur_cam1_20250123_145447.jpg
crop_6241_pen1_orb_cam2_20250108_085547.jpg,3,pen1_orb_cam2_20250108_085547.jpg
crop_6242_pen1_tur_cam2_20250126_090032.jpg,3,pen1_tur_cam2_20250126_090032.jpg
crop_6243_pen2_tur_cam1_20250109_072446.jpg,3,pen2_tur_cam1_20250109_072446.jpg
crop_6244_pen1_tur_cam2_20250127_100820.jpg,3,pen1_tur_cam2_20250127_100820.jpg
crop_6245_pen1_orb_cam2_20250108_085727.jpg,3,pen1_orb_cam2_20250108_085727.jpg
crop_6246_pen1_tur_cam2_20250220_075344.jpg,3,pen1_tur_cam2_20250220_075344.jpg
crop_6247_pen1_tur_cam2_20250203_093405.jpg,3,pen1_tur_cam2_20250203_093405.jpg
crop_6248_pen1_tur_cam2_20250125_123014.jpg,3,pen1_tur_cam2_20250125_123014.jpg
crop_6249_pen2_tur_cam1_20250109_072439.jpg,3,pen2_tur_cam1_20250109_072439.jpg
crop_6250_pen1_tur_cam2_20250125_101335.jpg,3,pen1_tur_cam2_20250125_101335.jpg
crop_6251_pen1_tur_cam2_20250126_090352.jpg,3,pen1_tur_cam2_20250126_090352.jpg
crop_6252_pen1_orb_cam2_20250108_132843.jpg,3,pen1_orb_cam2_20250108_132843.jpg
crop_6253_pen2_tur_cam1_20250109_072055.jpg,3,pen2_tur_cam1_20250109_072055.jpg
crop_6254_pen2_tur_cam1_20250109_070758.jpg,3,pen2_tur_cam1_20250109_070758.jpg
crop_6255_pen1_tur_cam2_20250201_135124.jpg,3,pen1_tur_cam2_20250201_135124.jpg
crop_6256_pen2_tur_cam1_20250109_080646.jpg,3,pen2_tur_cam1_20250109_080646.jpg
crop_6257_pen2_tur_cam1_20250109_074319.jpg,3,pen2_tur_cam1_20250109_074319.jpg
crop_6258_pen1_tur_cam2_20250125_123844.jpg,3,pen1_tur_cam2_20250125_123844.jpg
crop_6259_pen1_orb_cam2_20250108_080108.jpg,3,pen1_orb_cam2_20250108_080108.jpg
crop_6260_pen2_tur_cam1_20250109_075609.jpg,3,pen2_tur_cam1_20250109_075609.jpg
crop_6261_pen1_tur_cam2_20250203_110911.jpg,3,pen1_tur_cam2_20250203_110911.jpg
crop_6262_pen2_tur_cam1_20250109_071025.jpg,3,pen2_tur_cam1_20250109_071025.jpg
crop_6263_pen1_tur_cam2_20250203_101548.jpg,3,pen1_tur_cam2_20250203_101548.jpg
crop_6264_pen2_tur_cam1_20250109_074354.jpg,3,pen2_tur_cam1_20250109_074354.jpg
crop_6265_pen2_orb_cam1_20250108_083707.jpg,3,pen2_orb_cam1_20250108_083707.jpg
crop_6266_pen1_orb_cam2_20250108_085622.jpg,3,pen1_orb_cam2_20250108_085622.jpg
crop_6267_pen2_tur_cam1_20250109_071629.jpg,3,pen2_tur_cam1_20250109_071629.jpg
crop_6268_pen1_tur_cam2_20250126_100535.jpg,3,pen1_tur_cam2_20250126_100535.jpg
crop_6269_pen2_tur_cam1_20250209_091657.jpg,3,pen2_tur_cam1_20250209_091657.jpg
crop_6270_pen1_orb_cam2_20250108_090527.jpg,3,pen1_orb_cam2_20250108_090527.jpg
crop_6271_pen2_tur_cam1_20250123_112327.jpg,3,pen2_tur_cam1_20250123_112327.jpg
crop_6272_pen1_orb_cam2_20250108_091438.jpg,3,pen1_orb_cam2_20250108_091438.jpg
crop_6273_pen2_tur_cam1_20250109_074326.jpg,3,pen2_tur_cam1_20250109_074326.jpg
crop_6274_pen1_tur_cam2_20250125_131134.jpg,3,pen1_tur_cam2_20250125_131134.jpg
crop_6275_pen2_tur_cam1_20250109_072816.jpg,3,pen2_tur_cam1_20250109_072816.jpg
crop_6276_pen1_tur_cam2_20250126_114536.jpg,3,pen1_tur_cam2_20250126_114536.jpg
crop_6277_pen2_tur_cam1_20250109_071128.jpg,3,pen2_tur_cam1_20250109_071128.jpg
crop_6278_pen1_tur_cam2_20250127_120328.jpg,3,pen1_tur_cam2_20250127_120328.jpg
crop_6279_pen2_tur_cam1_20250109_071746.jpg,3,pen2_tur_cam1_20250109_071746.jpg
crop_6280_pen1_tur_cam2_20250207_122252.jpg,3,pen1_tur_cam2_20250207_122252.jpg
crop_6281_pen2_tur_cam1_20250123_145127.jpg,3,pen2_tur_cam1_20250123_145127.jpg
crop_6282_pen2_tur_cam1_20250120_094758.jpg,3,pen2_tur_cam1_20250120_094758.jpg
crop_6283_pen2_tur_cam1_20250120_085254.jpg,3,pen2_tur_cam1_20250120_085254.jpg
crop_6284_pen1_tur_cam2_20250126_094134.jpg,3,pen1_tur_cam2_20250126_094134.jpg
crop_6285_pen2_tur_cam1_20250109_071423.jpg,3,pen2_tur_cam1_20250109_071423.jpg
crop_6286_pen2_orb_cam1_20250108_083601.jpg,3,pen2_orb_cam1_20250108_083601.jpg
crop_6287_pen1_tur_cam2_20250220_073343.jpg,3,pen1_tur_cam2_20250220_073343.jpg
crop_6288_pen2_tur_cam1_20250120_094258.jpg,3,pen2_tur_cam1_20250120_094258.jpg
crop_6289_pen2_tur_cam1_20250109_070805.jpg,3,pen2_tur_cam1_20250109_070805.jpg
crop_6290_pen2_tur_cam1_20250123_144427.jpg,3,pen2_tur_cam1_20250123_144427.jpg
crop_6291_pen1_tur_cam2_20250122_102550.jpg,3,pen1_tur_cam2_20250122_102550.jpg
crop_6292_pen2_orb_cam1_20250108_082345.jpg,3,pen2_orb_cam1_20250108_082345.jpg
crop_6293_pen2_orb_cam2_20250217_130242.jpg,3,pen2_orb_cam2_20250217_130242.jpg
crop_6294_pen1_tur_cam2_20250201_135445.jpg,3,pen1_tur_cam2_20250201_135445.jpg
crop_6295_pen2_tur_cam1_20250109_071053.jpg,3,pen2_tur_cam1_20250109_071053.jpg
crop_6296_pen2_tur_cam1_20250109_071959.jpg,3,pen2_tur_cam1_20250109_071959.jpg
crop_6297_pen2_tur_cam1_20250109_074909.jpg,3,pen2_tur_cam1_20250109_074909.jpg
crop_6298_pen1_orb_cam1_20250108_085209.jpg,3,pen1_orb_cam1_20250108_085209.jpg
crop_6299_pen1_tur_cam2_20250201_092521.jpg,3,pen1_tur_cam2_20250201_092521.jpg
crop_6300_pen2_tur_cam1_20250120_100439.jpg,3,pen2_tur_cam1_20250120_100439.jpg
crop_6301_pen1_orb_cam2_20250108_090820.jpg,3,pen1_orb_cam2_20250108_090820.jpg
crop_6302_pen2_tur_cam1_20250109_071643.jpg,3,pen2_tur_cam1_20250109_071643.jpg
crop_6303_pen1_tur_cam2_20250220_100353.jpg,3,pen1_tur_cam2_20250220_100353.jpg
crop_6304_pen1_orb_cam2_20250108_131923.jpg,3,pen1_orb_cam2_20250108_131923.jpg
crop_6305_pen2_tur_cam1_20250109_074731.jpg,3,pen2_tur_cam1_20250109_074731.jpg
crop_6306_pen2_tur_cam1_20250109_075658.jpg,3,pen2_tur_cam1_20250109_075658.jpg
crop_6307_pen1_tur_cam2_20250125_074559.jpg,3,pen1_tur_cam2_20250125_074559.jpg
crop_6308_pen1_orb_cam1_20250108_085838.jpg,3,pen1_orb_cam1_20250108_085838.jpg
crop_6309_pen1_tur_cam2_20250126_102615.jpg,3,pen1_tur_cam2_20250126_102615.jpg
crop_6310_pen2_tur_cam1_20250209_104523.jpg,3,pen2_tur_cam1_20250209_104523.jpg
crop_6311_pen1_orb_cam2_20250108_131913.jpg,3,pen1_orb_cam2_20250108_131913.jpg
crop_6312_pen1_orb_cam2_20250108_134508.jpg,3,pen1_orb_cam2_20250108_134508.jpg
crop_6313_pen2_tur_cam1_20250109_071952.jpg,3,pen2_tur_cam1_20250109_071952.jpg
crop_6314_pen2_tur_cam1_20250120_125700.jpg,3,pen2_tur_cam1_20250120_125700.jpg
crop_6315_pen2_tur_cam1_20250109_075204.jpg,3,pen2_tur_cam1_20250109_075204.jpg
crop_6316_pen1_orb_cam2_20250108_134305.jpg,3,pen1_orb_cam2_20250108_134305.jpg
crop_6317_pen1_tur_cam2_20250127_150524.jpg,3,pen1_tur_cam2_20250127_150524.jpg
crop_6318_pen1_tur_cam2_20250126_101234.jpg,3,pen1_tur_cam2_20250126_101234.jpg
crop_6319_pen2_orb_cam1_20250108_082111.jpg,3,pen2_orb_cam1_20250108_082111.jpg
crop_6320_pen2_orb_cam1_20250108_081659.jpg,3,pen2_orb_cam1_20250108_081659.jpg
crop_6321_pen1_tur_cam2_20250220_105538.jpg,3,pen1_tur_cam2_20250220_105538.jpg
crop_6322_pen2_tur_cam1_20250109_072720.jpg,3,pen2_tur_cam1_20250109_072720.jpg
crop_6323_pen1_tur_cam2_20250203_094908.jpg,3,pen1_tur_cam2_20250203_094908.jpg
crop_6324_pen2_tur_cam1_20250123_153608.jpg,3,pen2_tur_cam1_20250123_153608.jpg
crop_6325_pen2_tur_cam1_20250123_104324.jpg,3,pen2_tur_cam1_20250123_104324.jpg
crop_6326_pen2_tur_cam1_20250209_135218.jpg,3,pen2_tur_cam1_20250209_135218.jpg
crop_6327_pen1_tur_cam2_20250125_061635.jpg,3,pen1_tur_cam2_20250125_061635.jpg
crop_6328_pen1_tur_cam2_20250125_100654.jpg,3,pen1_tur_cam2_20250125_100654.jpg
crop_6329_pen2_tur_cam1_20250209_084515.jpg,3,pen2_tur_cam1_20250209_084515.jpg
crop_6330_pen2_tur_cam1_20250109_075136.jpg,3,pen2_tur_cam1_20250109_075136.jpg
crop_6331_pen2_tur_cam1_20250109_070201.jpg,3,pen2_tur_cam1_20250109_070201.jpg
crop_6332_pen2_tur_cam1_20250109_072137.jpg,3,pen2_tur_cam1_20250109_072137.jpg
crop_6333_pen1_tur_cam2_20250126_103315.jpg,3,pen1_tur_cam2_20250126_103315.jpg
crop_6334_pen2_tur_cam1_20250209_080512.jpg,3,pen2_tur_cam1_20250209_080512.jpg
crop_6335_pen2_tur_cam2_20250120_074429.jpg,3,pen2_tur_cam2_20250120_074429.jpg
crop_6336_pen1_tur_cam2_20250127_134243.jpg,3,pen1_tur_cam2_20250127_134243.jpg
crop_6337_pen2_tur_cam1_20250109_070751.jpg,3,pen2_tur_cam1_20250109_070751.jpg
crop_6338_pen2_tur_cam1_20250109_070456.jpg,3,pen2_tur_cam1_20250109_070456.jpg
crop_6339_pen1_tur_cam2_20250126_080028.jpg,3,pen1_tur_cam2_20250126_080028.jpg
crop_6340_pen2_tur_cam1_20250109_070407.jpg,3,pen2_tur_cam1_20250109_070407.jpg
crop_6341_pen2_tur_cam1_20250120_110803.jpg,3,pen2_tur_cam1_20250120_110803.jpg
crop_6342_pen2_tur_cam1_20250209_100020.jpg,3,pen2_tur_cam1_20250209_100020.jpg
crop_6343_pen1_orb_cam2_20250108_085607.jpg,3,pen1_orb_cam2_20250108_085607.jpg
crop_6344_pen1_orb_cam2_20250108_134437.jpg,3,pen1_orb_cam2_20250108_134437.jpg
crop_6345_pen1_tur_cam2_20250207_133437.jpg,3,pen1_tur_cam2_20250207_133437.jpg
crop_6346_pen2_tur_cam1_20250109_070510.jpg,3,pen2_tur_cam1_20250109_070510.jpg
crop_6347_pen1_orb_cam2_20250108_134605.jpg,3,pen1_orb_cam2_20250108_134605.jpg
crop_6348_pen2_tur_cam1_20250109_070552.jpg,3,pen2_tur_cam1_20250109_070552.jpg
crop_6349_pen1_tur_cam2_20250126_080849.jpg,3,pen1_tur_cam2_20250126_080849.jpg
crop_6350_pen1_tur_cam2_20250207_124934.jpg,3,pen1_tur_cam2_20250207_124934.jpg
crop_6351_pen2_orb_cam1_20250108_083845.jpg,3,pen2_orb_cam1_20250108_083845.jpg
crop_6352_pen2_tur_cam2_20250120_075250.jpg,3,pen2_tur_cam2_20250120_075250.jpg
crop_6353_pen2_orb_cam1_20250108_082714.jpg,3,pen2_orb_cam1_20250108_082714.jpg
crop_6354_pen2_tur_cam1_20250109_074031.jpg,3,pen2_tur_cam1_20250109_074031.jpg
crop_6355_pen2_orb_cam1_20250108_081300.jpg,3,pen2_orb_cam1_20250108_081300.jpg
crop_6356_pen2_orb_cam1_20250108_080954.jpg,3,pen2_orb_cam1_20250108_080954.jpg
crop_6357_pen2_tur_cam1_20250109_071402.jpg,3,pen2_tur_cam1_20250109_071402.jpg
crop_6358_pen2_tur_cam1_20250109_072329.jpg,3,pen2_tur_cam1_20250109_072329.jpg
crop_6359_pen1_orb_cam2_20250108_083331.jpg,3,pen1_orb_cam2_20250108_083331.jpg
crop_6360_pen1_orb_cam2_20250108_131933.jpg,3,pen1_orb_cam2_20250108_131933.jpg
crop_6361_pen2_tur_cam1_20250109_080426.jpg,3,pen2_tur_cam1_20250109_080426.jpg
crop_6362_pen2_tur_cam1_20250120_094938.jpg,3,pen2_tur_cam1_20250120_094938.jpg
crop_6363_pen1_tur_cam2_20250203_111412.jpg,3,pen1_tur_cam2_20250203_111412.jpg
crop_6364_pen1_tur_cam2_20250201_092011.jpg,3,pen1_tur_cam2_20250201_092011.jpg
crop_6365_pen1_tur_cam2_20250220_084528.jpg,3,pen1_tur_cam2_20250220_084528.jpg
crop_6366_pen1_orb_cam2_20250108_085531.jpg,3,pen1_orb_cam2_20250108_085531.jpg
crop_6367_pen1_tur_cam2_20250126_124049.jpg,3,pen1_tur_cam2_20250126_124049.jpg
crop_6368_pen2_tur_cam1_20250209_110024.jpg,3,pen2_tur_cam1_20250209_110024.jpg
crop_6369_pen2_tur_cam1_20250209_115528.jpg,3,pen2_tur_cam1_20250209_115528.jpg
crop_6370_pen1_tur_cam2_20250201_091501.jpg,3,pen1_tur_cam2_20250201_091501.jpg
crop_6371_pen2_tur_cam1_20250120_101800.jpg,3,pen2_tur_cam1_20250120_101800.jpg
crop_6372_pen2_tur_cam1_20250120_071427.jpg,3,pen2_tur_cam1_20250120_071427.jpg
crop_6373_pen2_orb_cam1_20250108_083701.jpg,3,pen2_orb_cam1_20250108_083701.jpg
crop_6374_pen2_tur_cam1_20250209_101701.jpg,3,pen2_tur_cam1_20250209_101701.jpg
crop_6375_pen1_orb_cam1_20250108_090047.jpg,3,pen1_orb_cam1_20250108_090047.jpg
crop_6376_pen2_tur_cam1_20250109_070442.jpg,3,pen2_tur_cam1_20250109_070442.jpg
crop_6377_pen2_tur_cam1_20250109_070709.jpg,3,pen2_tur_cam1_20250109_070709.jpg
crop_6378_pen2_tur_cam1_20250120_143711.jpg,3,pen2_tur_cam1_20250120_143711.jpg
crop_6379_pen1_tur_cam2_20250126_131552.jpg,3,pen1_tur_cam2_20250126_131552.jpg
crop_6380_pen1_tur_cam2_20250122_111921.jpg,3,pen1_tur_cam2_20250122_111921.jpg
crop_6381_pen2_tur_cam1_20250109_075630.jpg,3,pen2_tur_cam1_20250109_075630.jpg
crop_6382_pen2_tur_cam1_20250109_074759.jpg,3,pen2_tur_cam1_20250109_074759.jpg
crop_6383_pen2_orb_cam1_20250108_083527.jpg,3,pen2_orb_cam1_20250108_083527.jpg
crop_6384_pen2_tur_cam1_20250109_070332.jpg,3,pen2_tur_cam1_20250109_070332.jpg
crop_6385_pen1_tur_cam2_20250126_081529.jpg,3,pen1_tur_cam2_20250126_081529.jpg
crop_6386_pen1_orb_cam2_20250108_085829.jpg,3,pen1_orb_cam2_20250108_085829.jpg
crop_6387_pen1_tur_cam2_20250125_132005.jpg,3,pen1_tur_cam2_20250125_132005.jpg
crop_6388_pen1_tur_cam2_20250125_100654.jpg,3,pen1_tur_cam2_20250125_100654.jpg
crop_6389_pen1_tur_cam2_20250125_072518.jpg,3,pen1_tur_cam2_20250125_072518.jpg
crop_6390_pen1_tur_cam2_20250203_110551.jpg,3,pen1_tur_cam2_20250203_110551.jpg
crop_6391_pen2_tur_cam1_20250123_124013.jpg,3,pen2_tur_cam1_20250123_124013.jpg
crop_6392_pen2_tur_cam1_20250109_080749.jpg,3,pen2_tur_cam1_20250109_080749.jpg
crop_6393_pen2_tur_cam1_20250109_070620.jpg,3,pen2_tur_cam1_20250109_070620.jpg
crop_6394_pen1_tur_cam2_20250220_093852.jpg,3,pen1_tur_cam2_20250220_093852.jpg
crop_6395_pen2_tur_cam1_20250109_072013.jpg,3,pen2_tur_cam1_20250109_072013.jpg
crop_6396_pen2_orb_cam1_20250108_085627.jpg,3,pen2_orb_cam1_20250108_085627.jpg
crop_6397_pen2_tur_cam1_20250209_101020.jpg,3,pen2_tur_cam1_20250209_101020.jpg
crop_6398_pen1_tur_cam2_20250122_134920.jpg,3,pen1_tur_cam2_20250122_134920.jpg
crop_6399_pen1_tur_cam2_20250220_084528.jpg,3,pen1_tur_cam2_20250220_084528.jpg
crop_6400_pen2_tur_cam1_20250123_134227.jpg,3,pen2_tur_cam1_20250123_134227.jpg
crop_6401_pen2_tur_cam1_20250109_075932.jpg,3,pen2_tur_cam1_20250109_075932.jpg
crop_6402_pen2_orb_cam1_20250108_081334.jpg,3,pen2_orb_cam1_20250108_081334.jpg
crop_6403_pen1_tur_cam2_20250201_091501.jpg,3,pen1_tur_cam2_20250201_091501.jpg
crop_6404_pen1_tur_cam2_20250125_112659.jpg,3,pen1_tur_cam2_20250125_112659.jpg
crop_6405_pen1_tur_cam2_20250220_091851.jpg,3,pen1_tur_cam2_20250220_091851.jpg
crop_6406_pen1_tur_cam2_20250220_090349.jpg,3,pen1_tur_cam2_20250220_090349.jpg
crop_6407_pen2_tur_cam1_20250109_071107.jpg,3,pen2_tur_cam1_20250109_071107.jpg
crop_6408_pen1_tur_cam2_20250126_124910.jpg,3,pen1_tur_cam2_20250126_124910.jpg
crop_6409_pen2_tur_cam1_20250109_074806.jpg,3,pen2_tur_cam1_20250109_074806.jpg
crop_6410_pen2_tur_cam1_20250109_070751.jpg,3,pen2_tur_cam1_20250109_070751.jpg
crop_6411_pen1_tur_cam2_20250126_095154.jpg,3,pen1_tur_cam2_20250126_095154.jpg
crop_6412_pen2_tur_cam1_20250124_092137.jpg,3,pen2_tur_cam1_20250124_092137.jpg
crop_6413_pen1_tur_cam2_20250126_111436.jpg,3,pen1_tur_cam2_20250126_111436.jpg
crop_6414_pen2_tur_cam1_20250109_071856.jpg,3,pen2_tur_cam1_20250109_071856.jpg
crop_6415_pen2_tur_cam1_20250109_075424.jpg,3,pen2_tur_cam1_20250109_075424.jpg
crop_6416_pen1_tur_cam2_20250203_111912.jpg,3,pen1_tur_cam2_20250203_111912.jpg
crop_6417_pen2_tur_cam1_20250120_113805.jpg,3,pen2_tur_cam1_20250120_113805.jpg
crop_6418_pen1_tur_cam2_20250125_061315.jpg,3,pen1_tur_cam2_20250125_061315.jpg
crop_6419_pen2_tur_cam1_20250209_070648.jpg,3,pen2_tur_cam1_20250209_070648.jpg
crop_6420_pen1_tur_cam2_20250203_095547.jpg,3,pen1_tur_cam2_20250203_095547.jpg
crop_6421_pen1_tur_cam2_20250125_145359.jpg,3,pen1_tur_cam2_20250125_145359.jpg
crop_6422_pen2_tur_cam1_20250120_145718.jpg,3,pen2_tur_cam1_20250120_145718.jpg
crop_6423_pen2_tur_cam1_20250109_070407.jpg,3,pen2_tur_cam1_20250109_070407.jpg
crop_6424_pen2_tur_cam1_20250109_073207.jpg,3,pen2_tur_cam1_20250109_073207.jpg
crop_6425_pen2_tur_cam1_20250123_102002.jpg,3,pen2_tur_cam1_20250123_102002.jpg
crop_6426_pen2_tur_cam1_20250109_070201.jpg,3,pen2_tur_cam1_20250109_070201.jpg
crop_6427_pen2_tur_cam1_20250109_072027.jpg,3,pen2_tur_cam1_20250109_072027.jpg
crop_6428_pen1_tur_cam2_20250203_111052.jpg,3,pen1_tur_cam2_20250203_111052.jpg
crop_6429_pen2_tur_cam1_20250109_075232.jpg,3,pen2_tur_cam1_20250109_075232.jpg
crop_6430_pen1_tur_cam2_20250201_092521.jpg,3,pen1_tur_cam2_20250201_092521.jpg
crop_6431_pen1_tur_cam2_20250122_120552.jpg,3,pen1_tur_cam2_20250122_120552.jpg
crop_6432_pen1_tur_cam2_20250125_100654.jpg,3,pen1_tur_cam2_20250125_100654.jpg
crop_6433_pen2_tur_cam1_20250109_072301.jpg,3,pen2_tur_cam1_20250109_072301.jpg
crop_6434_pen1_orb_cam2_20250108_134305.jpg,3,pen1_orb_cam2_20250108_134305.jpg
crop_6435_pen2_tur_cam1_20250109_070421.jpg,3,pen2_tur_cam1_20250109_070421.jpg
crop_6436_pen1_tur_cam2_20250126_141557.jpg,3,pen1_tur_cam2_20250126_141557.jpg
crop_6437_pen2_tur_cam1_20250109_080515.jpg,3,pen2_tur_cam1_20250109_080515.jpg
crop_6438_pen2_tur_cam1_20250209_101020.jpg,3,pen2_tur_cam1_20250209_101020.jpg
crop_6439_pen2_tur_cam1_20250109_071053.jpg,3,pen2_tur_cam1_20250109_071053.jpg
crop_6440_pen2_orb_cam1_20250108_081154.jpg,3,pen2_orb_cam1_20250108_081154.jpg
crop_6441_pen2_tur_cam1_20250109_074216.jpg,3,pen2_tur_cam1_20250109_074216.jpg
crop_6442_pen2_tur_cam1_20250120_113805.jpg,3,pen2_tur_cam1_20250120_113805.jpg
crop_6443_pen2_tur_cam1_20250109_080440.jpg,3,pen2_tur_cam1_20250109_080440.jpg
crop_6444_pen1_tur_cam2_20250203_095407.jpg,3,pen1_tur_cam2_20250203_095407.jpg
crop_6445_pen2_tur_cam1_20250109_080241.jpg,3,pen2_tur_cam1_20250109_080241.jpg
crop_6446_pen2_tur_cam1_20250109_080700.jpg,3,pen2_tur_cam1_20250109_080700.jpg
crop_6447_pen1_tur_cam1_20250201_092011.jpg,3,pen1_tur_cam1_20250201_092011.jpg
crop_6448_pen1_tur_cam2_20250127_142913.jpg,3,pen1_tur_cam2_20250127_142913.jpg
crop_6449_pen2_tur_cam1_20250109_072027.jpg,3,pen2_tur_cam1_20250109_072027.jpg
crop_6450_pen2_tur_cam1_20250209_070148.jpg,3,pen2_tur_cam1_20250209_070148.jpg
crop_6451_pen1_tur_cam2_20250127_110824.jpg,3,pen1_tur_cam2_20250127_110824.jpg
crop_6452_pen2_tur_cam1_20250109_075314.jpg,3,pen2_tur_cam1_20250109_075314.jpg
crop_6453_pen1_tur_cam2_20250126_143059.jpg,3,pen1_tur_cam2_20250126_143059.jpg
crop_6454_pen2_tur_cam1_20250109_080604.jpg,3,pen2_tur_cam1_20250109_080604.jpg
crop_6455_pen1_tur_cam2_20250125_140825.jpg,3,pen1_tur_cam2_20250125_140825.jpg
crop_6456_pen2_tur_cam1_20250109_080618.jpg,3,pen2_tur_cam1_20250109_080618.jpg
crop_6457_pen2_tur_cam1_20250109_070943.jpg,3,pen2_tur_cam1_20250109_070943.jpg
crop_6458_pen1_tur_cam2_20250125_084610.jpg,3,pen1_tur_cam2_20250125_084610.jpg
crop_6459_pen1_tur_cam2_20250122_123054.jpg,3,pen1_tur_cam2_20250122_123054.jpg
crop_6460_pen2_tur_cam1_20250123_122831.jpg,3,pen2_tur_cam1_20250123_122831.jpg
crop_6461_pen1_tur_cam2_20250220_081846.jpg,3,pen1_tur_cam2_20250220_081846.jpg
crop_6462_pen1_tur_cam2_20250122_103250.jpg,3,pen1_tur_cam2_20250122_103250.jpg
crop_6463_pen2_tur_cam1_20250123_120010.jpg,3,pen2_tur_cam1_20250123_120010.jpg
crop_6464_pen2_tur_cam1_20250109_074724.jpg,3,pen2_tur_cam1_20250109_074724.jpg
crop_6465_pen2_tur_cam1_20250123_113008.jpg,3,pen2_tur_cam1_20250123_113008.jpg
crop_6466_pen1_tur_cam1_20250201_085931.jpg,3,pen1_tur_cam1_20250201_085931.jpg
crop_6467_pen1_tur_cam2_20250220_074024.jpg,3,pen1_tur_cam2_20250220_074024.jpg
crop_6468_pen2_tur_cam1_20250109_073015.jpg,3,pen2_tur_cam1_20250109_073015.jpg
crop_6469_pen2_tur_cam1_20250109_072109.jpg,3,pen2_tur_cam1_20250109_072109.jpg
crop_6470_pen2_tur_cam1_20250109_072116.jpg,3,pen2_tur_cam1_20250109_072116.jpg
crop_6471_pen1_tur_cam2_20250125_133216.jpg,3,pen1_tur_cam2_20250125_133216.jpg
crop_6472_pen2_tur_cam1_20250109_073029.jpg,3,pen2_tur_cam1_20250109_073029.jpg
crop_6473_pen2_tur_cam1_20250209_133717.jpg,3,pen2_tur_cam1_20250209_133717.jpg
crop_6474_pen1_orb_cam1_20250108_085711.jpg,3,pen1_orb_cam1_20250108_085711.jpg
crop_6475_pen2_tur_cam1_20250109_075925.jpg,3,pen2_tur_cam1_20250109_075925.jpg
crop_6476_pen1_tur_cam2_20250125_102657.jpg,3,pen1_tur_cam2_20250125_102657.jpg
crop_6477_pen2_orb_cam1_20250108_085214.jpg,3,pen2_orb_cam1_20250108_085214.jpg
crop_6478_pen1_tur_cam2_20250220_071842.jpg,3,pen1_tur_cam2_20250220_071842.jpg
crop_6479_pen1_tur_cam2_20250203_101548.jpg,3,pen1_tur_cam2_20250203_101548.jpg
crop_6480_pen1_tur_cam2_20250220_080025.jpg,3,pen1_tur_cam2_20250220_080025.jpg
crop_6481_pen2_tur_cam1_20250209_070508.jpg,3,pen2_tur_cam1_20250209_070508.jpg
crop_6482_pen1_tur_cam2_20250126_121908.jpg,3,pen1_tur_cam2_20250126_121908.jpg
crop_6483_pen1_tur_cam2_20250126_101234.jpg,3,pen1_tur_cam2_20250126_101234.jpg
crop_6484_pen1_tur_cam2_20250127_151524.jpg,3,pen1_tur_cam2_20250127_151524.jpg
crop_6485_pen2_tur_cam1_20250209_083154.jpg,3,pen2_tur_cam1_20250209_083154.jpg
crop_6486_pen1_tur_cam2_20250201_135445.jpg,3,pen1_tur_cam2_20250201_135445.jpg
crop_6487_pen2_tur_cam1_20250109_074258.jpg,3,pen2_tur_cam1_20250109_074258.jpg
crop_6488_pen2_tur_cam1_20250123_123012.jpg,3,pen2_tur_cam1_20250123_123012.jpg
crop_6489_pen2_tur_cam1_20250209_113708.jpg,3,pen2_tur_cam1_20250209_113708.jpg
crop_6490_pen2_tur_cam1_20250109_071622.jpg,3,pen2_tur_cam1_20250109_071622.jpg
crop_6491_pen2_tur_cam1_20250109_072727.jpg,3,pen2_tur_cam1_20250109_072727.jpg
crop_6492_pen2_tur_cam1_20250109_071856.jpg,3,pen2_tur_cam1_20250109_071856.jpg
crop_6493_pen2_tur_cam1_20250109_072315.jpg,3,pen2_tur_cam1_20250109_072315.jpg
crop_6494_pen2_tur_cam1_20250109_073743.jpg,3,pen2_tur_cam1_20250109_073743.jpg
crop_6495_pen1_tur_cam2_20250220_105037.jpg,3,pen1_tur_cam2_20250220_105037.jpg
crop_6496_pen1_tur_cam2_20250125_095654.jpg,3,pen1_tur_cam2_20250125_095654.jpg
crop_6497_pen1_orb_cam2_20250108_132829.jpg,3,pen1_orb_cam2_20250108_132829.jpg
crop_6498_pen2_tur_cam1_20250123_135947.jpg,3,pen2_tur_cam1_20250123_135947.jpg
crop_6499_pen1_tur_cam2_20250203_120555.jpg,3,pen1_tur_cam2_20250203_120555.jpg
crop_6500_pen2_tur_cam1_20250109_071540.jpg,3,pen2_tur_cam1_20250109_071540.jpg
crop_6501_pen2_tur_cam1_20250109_075005.jpg,3,pen2_tur_cam1_20250109_075005.jpg
crop_6502_pen1_orb_cam2_20250108_090906.jpg,3,pen1_orb_cam2_20250108_090906.jpg
crop_6503_pen2_tur_cam1_20250120_072248.jpg,3,pen2_tur_cam1_20250120_072248.jpg
crop_6504_pen1_tur_cam2_20250203_110051.jpg,3,pen1_tur_cam2_20250203_110051.jpg
crop_6505_pen2_tur_cam1_20250109_073420.jpg,3,pen2_tur_cam1_20250109_073420.jpg
crop_6506_pen1_orb_cam2_20250108_134508.jpg,3,pen1_orb_cam2_20250108_134508.jpg
crop_6507_pen2_orb_cam1_20250108_080405.jpg,3,pen2_orb_cam1_20250108_080405.jpg
crop_6508_pen2_tur_cam1_20250123_145127.jpg,3,pen2_tur_cam1_20250123_145127.jpg
crop_6509_pen2_tur_cam1_20250109_074553.jpg,3,pen2_tur_cam1_20250109_074553.jpg
crop_6510_pen1_tur_cam2_20250203_104910.jpg,3,pen1_tur_cam2_20250203_104910.jpg
crop_6511_pen1_orb_cam2_20250108_085844.jpg,3,pen1_orb_cam2_20250108_085844.jpg
crop_6512_pen1_tur_cam2_20250125_110839.jpg,3,pen1_tur_cam2_20250125_110839.jpg
crop_6513_pen1_orb_cam2_20250108_085949.jpg,3,pen1_orb_cam2_20250108_085949.jpg
crop_6514_pen2_tur_cam1_20250120_073249.jpg,3,pen2_tur_cam1_20250120_073249.jpg
crop_6515_pen2_tur_cam1_20250109_075953.jpg,3,pen2_tur_cam1_20250109_075953.jpg
crop_6516_pen2_tur_cam1_20250120_073749.jpg,3,pen2_tur_cam1_20250120_073749.jpg
crop_6517_pen2_tur_cam1_20250109_070819.jpg,3,pen2_tur_cam1_20250109_070819.jpg
crop_6518_pen1_tur_cam2_20250220_070341.jpg,3,pen1_tur_cam2_20250220_070341.jpg
crop_6519_pen1_tur_cam2_20250126_124410.jpg,3,pen1_tur_cam2_20250126_124410.jpg
crop_6520_pen2_orb_cam1_20250108_083217.jpg,3,pen2_orb_cam1_20250108_083217.jpg
crop_6521_pen1_orb_cam2_20250108_085557.jpg,3,pen1_orb_cam2_20250108_085557.jpg
crop_6522_pen1_tur_cam2_20250122_100509.jpg,3,pen1_tur_cam2_20250122_100509.jpg
crop_6523_pen1_tur_cam2_20250122_094619.jpg,3,pen1_tur_cam2_20250122_094619.jpg
crop_6524_pen1_orb_cam2_20250108_132843.jpg,3,pen1_orb_cam2_20250108_132843.jpg
crop_6525_pen1_tur_cam2_20250125_100835.jpg,3,pen1_tur_cam2_20250125_100835.jpg
crop_6526_pen2_tur_cam1_20250109_070400.jpg,3,pen2_tur_cam1_20250109_070400.jpg
crop_6527_pen2_tur_cam1_20250209_132035.jpg,3,pen2_tur_cam1_20250209_132035.jpg
crop_6528_pen2_tur_cam1_20250109_071505.jpg,3,pen2_tur_cam1_20250109_071505.jpg
crop_6529_pen1_tur_cam2_20250127_120509.jpg,3,pen1_tur_cam2_20250127_120509.jpg
crop_6530_pen2_tur_cam1_20250120_083753.jpg,3,pen2_tur_cam1_20250120_083753.jpg
crop_6531_pen1_tur_cam2_20250201_091651.jpg,3,pen1_tur_cam2_20250201_091651.jpg
crop_6532_pen1_tur_cam2_20250220_071842.jpg,3,pen1_tur_cam2_20250220_071842.jpg
crop_6533_pen2_tur_cam1_20250109_071917.jpg,3,pen2_tur_cam1_20250109_071917.jpg
crop_6534_pen2_tur_cam1_20250120_114946.jpg,3,pen2_tur_cam1_20250120_114946.jpg
crop_6535_pen1_tur_cam2_20250220_081846.jpg,3,pen1_tur_cam2_20250220_081846.jpg
crop_6536_pen1_tur_cam2_20250126_154130.jpg,3,pen1_tur_cam2_20250126_154130.jpg
crop_6537_pen1_tur_cam2_20250126_090352.jpg,3,pen1_tur_cam2_20250126_090352.jpg
crop_6538_pen2_orb_cam1_20250108_083822.jpg,3,pen2_orb_cam1_20250108_083822.jpg
crop_6539_pen1_tur_cam2_20250122_143603.jpg,3,pen1_tur_cam2_20250122_143603.jpg
crop_6540_pen2_tur_cam1_20250209_142540.jpg,3,pen2_tur_cam1_20250209_142540.jpg
crop_6541_pen2_tur_cam1_20250109_071032.jpg,3,pen2_tur_cam1_20250109_071032.jpg
crop_6542_pen2_tur_cam1_20250120_100759.jpg,3,pen2_tur_cam1_20250120_100759.jpg
crop_6543_pen2_tur_cam1_20250123_104504.jpg,3,pen2_tur_cam1_20250123_104504.jpg
crop_6544_pen2_tur_cam1_20250109_075232.jpg,3,pen2_tur_cam1_20250109_075232.jpg
crop_6545_pen1_tur_cam2_20250126_102805.jpg,3,pen1_tur_cam2_20250126_102805.jpg
crop_6546_pen1_tur_cam2_20250126_120907.jpg,3,pen1_tur_cam2_20250126_120907.jpg
crop_6547_pen1_tur_cam2_20250126_090352.jpg,3,pen1_tur_cam2_20250126_090352.jpg
crop_6548_pen1_orb_cam1_20250108_085621.jpg,3,pen1_orb_cam1_20250108_085621.jpg
crop_6549_pen2_orb_cam1_20250108_084658.jpg,3,pen2_orb_cam1_20250108_084658.jpg
crop_6550_pen2_tur_cam1_20250123_123012.jpg,3,pen2_tur_cam1_20250123_123012.jpg
crop_6551_pen2_tur_cam1_20250109_071203.jpg,3,pen2_tur_cam1_20250109_071203.jpg
crop_6552_pen2_tur_cam1_20250109_073200.jpg,3,pen2_tur_cam1_20250109_073200.jpg
crop_6553_pen1_tur_cam2_20250125_073859.jpg,3,pen1_tur_cam2_20250125_073859.jpg
crop_6554_pen1_tur_cam2_20250203_094047.jpg,3,pen1_tur_cam2_20250203_094047.jpg
crop_6555_pen2_tur_cam1_20250109_070133.jpg,3,pen2_tur_cam1_20250109_070133.jpg
crop_6556_pen2_orb_cam1_20250108_083742.jpg,3,pen2_orb_cam1_20250108_083742.jpg
crop_6557_pen2_tur_cam1_20250120_121307.jpg,3,pen2_tur_cam1_20250120_121307.jpg
crop_6558_pen2_tur_cam1_20250109_070538.jpg,3,pen2_tur_cam1_20250109_070538.jpg
crop_6559_pen2_tur_cam1_20250109_072809.jpg,3,pen2_tur_cam1_20250109_072809.jpg
crop_6560_pen2_orb_cam1_20250108_090215.jpg,3,pen2_orb_cam1_20250108_090215.jpg
crop_6561_pen1_tur_cam2_20250220_090349.jpg,3,pen1_tur_cam2_20250220_090349.jpg
crop_6562_pen2_tur_cam1_20250209_072649.jpg,3,pen2_tur_cam1_20250209_072649.jpg
crop_6563_pen2_tur_cam1_20250109_080405.jpg,3,pen2_tur_cam1_20250109_080405.jpg
crop_6564_pen2_orb_cam1_20250108_081044.jpg,3,pen2_orb_cam1_20250108_081044.jpg
crop_6565_pen1_orb_cam2_20250108_134431.jpg,3,pen1_orb_cam2_20250108_134431.jpg
crop_6566_pen2_tur_cam2_20250120_082252.jpg,3,pen2_tur_cam2_20250120_082252.jpg
crop_6567_pen2_tur_cam1_20250109_080241.jpg,3,pen2_tur_cam1_20250109_080241.jpg
crop_6568_pen1_tur_cam2_20250126_080849.jpg,3,pen1_tur_cam2_20250126_080849.jpg
crop_6569_pen1_tur_cam2_20250126_101044.jpg,3,pen1_tur_cam2_20250126_101044.jpg
crop_6570_pen1_tur_cam2_20250126_071344.jpg,3,pen1_tur_cam2_20250126_071344.jpg
crop_6571_pen2_orb_cam1_20250108_081214.jpg,3,pen2_orb_cam1_20250108_081214.jpg
crop_6572_pen2_tur_cam1_20250109_072205.jpg,3,pen2_tur_cam1_20250109_072205.jpg
crop_6573_pen2_tur_cam1_20250109_074607.jpg,3,pen2_tur_cam1_20250109_074607.jpg
crop_6574_pen2_orb_cam1_20250108_083623.jpg,3,pen2_orb_cam1_20250108_083623.jpg
crop_6575_pen1_tur_cam2_20250125_061635.jpg,3,pen1_tur_cam2_20250125_061635.jpg
crop_6576_pen2_orb_cam1_20250108_080600.jpg,3,pen2_orb_cam1_20250108_080600.jpg
crop_6577_pen2_tur_cam1_20250109_072240.jpg,3,pen2_tur_cam1_20250109_072240.jpg
crop_6578_pen2_tur_cam1_20250109_073345.jpg,3,pen2_tur_cam1_20250109_073345.jpg
crop_6579_pen2_tur_cam1_20250109_071128.jpg,3,pen2_tur_cam1_20250109_071128.jpg
crop_6580_pen2_tur_cam1_20250209_095159.jpg,3,pen2_tur_cam1_20250209_095159.jpg
crop_6581_pen1_tur_cam2_20250220_095853.jpg,3,pen1_tur_cam2_20250220_095853.jpg
crop_6582_pen2_tur_cam1_20250209_134037.jpg,3,pen2_tur_cam1_20250209_134037.jpg
crop_6583_pen1_tur_cam1_20250203_093547.jpg,3,pen1_tur_cam1_20250203_093547.jpg
crop_6584_pen2_tur_cam1_20250109_074059.jpg,3,pen2_tur_cam1_20250109_074059.jpg
crop_6585_pen1_tur_cam2_20250125_121444.jpg,3,pen1_tur_cam2_20250125_121444.jpg
crop_6586_pen2_tur_cam1_20250109_070208.jpg,3,pen2_tur_cam1_20250109_070208.jpg
crop_6587_pen1_tur_cam2_20250126_073346.jpg,3,pen1_tur_cam2_20250126_073346.jpg
crop_6588_pen1_tur_cam2_20250220_095353.jpg,3,pen1_tur_cam2_20250220_095353.jpg
crop_6589_pen2_tur_cam1_20250109_080309.jpg,3,pen2_tur_cam1_20250109_080309.jpg
crop_6590_pen2_orb_cam1_20250108_083952.jpg,3,pen2_orb_cam1_20250108_083952.jpg
crop_6591_pen2_tur_cam1_20250209_070648.jpg,3,pen2_tur_cam1_20250209_070648.jpg
crop_6592_pen1_orb_cam2_20250108_090841.jpg,3,pen1_orb_cam2_20250108_090841.jpg
crop_6593_pen1_orb_cam2_20250108_090657.jpg,3,pen1_orb_cam2_20250108_090657.jpg
crop_6594_pen1_tur_cam2_20250127_134243.jpg,3,pen1_tur_cam2_20250127_134243.jpg
crop_6595_pen2_tur_cam1_20250123_132856.jpg,3,pen2_tur_cam1_20250123_132856.jpg
crop_6596_pen2_tur_cam2_20250120_073429.jpg,3,pen2_tur_cam2_20250120_073429.jpg
crop_6597_pen1_tur_cam2_20250203_115054.jpg,3,pen1_tur_cam2_20250203_115054.jpg
crop_6598_pen2_tur_cam1_20250124_091456.jpg,3,pen2_tur_cam1_20250124_091456.jpg
crop_6599_pen2_orb_cam1_20250108_084435.jpg,3,pen2_orb_cam1_20250108_084435.jpg
crop_6600_pen2_orb_cam1_20250108_083633.jpg,3,pen2_orb_cam1_20250108_083633.jpg
crop_6601_pen2_tur_cam1_20250109_072940.jpg,3,pen2_tur_cam1_20250109_072940.jpg
crop_6602_pen1_tur_cam2_20250125_121954.jpg,3,pen1_tur_cam2_20250125_121954.jpg
crop_6603_pen2_tur_cam1_20250109_072041.jpg,3,pen2_tur_cam1_20250109_072041.jpg
crop_6604_pen2_tur_cam1_20250109_071945.jpg,3,pen2_tur_cam1_20250109_071945.jpg
crop_6605_pen1_tur_cam2_20250126_071344.jpg,3,pen1_tur_cam2_20250126_071344.jpg
crop_6606_pen1_orb_cam1_20250108_090117.jpg,3,pen1_orb_cam1_20250108_090117.jpg
crop_6607_pen2_tur_cam1_20250109_072034.jpg,3,pen2_tur_cam1_20250109_072034.jpg
crop_6608_pen2_tur_cam1_20250109_072453.jpg,3,pen2_tur_cam1_20250109_072453.jpg
crop_6609_pen1_tur_cam2_20250127_122330.jpg,3,pen1_tur_cam2_20250127_122330.jpg
crop_6610_pen1_tur_cam2_20250127_142723.jpg,3,pen1_tur_cam2_20250127_142723.jpg
crop_6611_pen2_tur_cam1_20250109_075115.jpg,3,pen2_tur_cam1_20250109_075115.jpg
crop_6612_pen1_tur_cam2_20250126_082349.jpg,3,pen1_tur_cam2_20250126_082349.jpg
crop_6613_pen2_tur_cam1_20250109_071505.jpg,3,pen2_tur_cam1_20250109_071505.jpg
crop_6614_pen2_tur_cam1_20250124_091957.jpg,3,pen2_tur_cam1_20250124_091957.jpg
crop_6615_pen2_orb_cam1_20250108_090136.jpg,3,pen2_orb_cam1_20250108_090136.jpg
crop_6616_pen2_tur_cam1_20250209_143541.jpg,3,pen2_tur_cam1_20250209_143541.jpg
crop_6617_pen2_tur_cam1_20250109_074237.jpg,3,pen2_tur_cam1_20250109_074237.jpg
crop_6618_pen1_tur_cam2_20250207_130254.jpg,3,pen1_tur_cam2_20250207_130254.jpg
crop_6619_pen1_tur_cam2_20250127_125932.jpg,3,pen1_tur_cam2_20250127_125932.jpg
crop_6620_pen1_tur_cam2_20250126_121048.jpg,3,pen1_tur_cam2_20250126_121048.jpg
crop_6621_pen1_tur_cam2_20250126_094134.jpg,3,pen1_tur_cam2_20250126_094134.jpg
crop_6622_pen2_tur_cam1_20250209_080012.jpg,3,pen2_tur_cam1_20250209_080012.jpg
crop_6623_pen2_tur_cam1_20250120_080932.jpg,3,pen2_tur_cam1_20250120_080932.jpg
crop_6624_pen2_orb_cam1_20250108_080350.jpg,3,pen2_orb_cam1_20250108_080350.jpg
crop_6625_pen2_orb_cam1_20250108_085011.jpg,3,pen2_orb_cam1_20250108_085011.jpg
crop_6626_pen2_tur_cam1_20250120_124839.jpg,3,pen2_tur_cam1_20250120_124839.jpg
crop_6627_pen2_tur_cam1_20250109_071416.jpg,3,pen2_tur_cam1_20250109_071416.jpg
crop_6628_pen2_tur_cam1_20250109_070531.jpg,3,pen2_tur_cam1_20250109_070531.jpg
crop_6629_pen2_tur_cam1_20250209_124532.jpg,3,pen2_tur_cam1_20250209_124532.jpg
crop_6630_pen2_tur_cam1_20250109_072446.jpg,3,pen2_tur_cam1_20250109_072446.jpg
crop_6631_pen2_tur_cam1_20250109_071128.jpg,3,pen2_tur_cam1_20250109_071128.jpg
crop_6632_pen1_tur_cam1_20250201_090631.jpg,3,pen1_tur_cam1_20250201_090631.jpg
crop_6633_pen2_tur_cam1_20250123_140817.jpg,3,pen2_tur_cam1_20250123_140817.jpg
crop_6634_pen2_orb_cam1_20250108_082321.jpg,3,pen2_orb_cam1_20250108_082321.jpg
crop_6635_pen1_tur_cam2_20250203_100047.jpg,3,pen1_tur_cam2_20250203_100047.jpg
crop_6636_pen1_orb_cam2_20250108_085753.jpg,3,pen1_orb_cam2_20250108_085753.jpg
crop_6637_pen2_tur_cam1_20250109_080611.jpg,3,pen2_tur_cam1_20250109_080611.jpg
crop_6638_pen1_tur_cam2_20250203_115555.jpg,3,pen1_tur_cam2_20250203_115555.jpg
crop_6639_pen1_tur_cam2_20250125_094653.jpg,3,pen1_tur_cam2_20250125_094653.jpg
crop_6640_pen1_tur_cam2_20250127_150014.jpg,3,pen1_tur_cam2_20250127_150014.jpg
crop_6641_pen2_orb_cam1_20250108_082055.jpg,3,pen2_orb_cam1_20250108_082055.jpg
crop_6642_pen2_tur_cam1_20250109_080604.jpg,3,pen2_tur_cam1_20250109_080604.jpg
crop_6643_pen1_tur_cam2_20250203_093405.jpg,3,pen1_tur_cam2_20250203_093405.jpg
crop_6644_pen1_orb_cam2_20250108_085712.jpg,3,pen1_orb_cam2_20250108_085712.jpg
crop_6645_pen2_tur_cam1_20250109_070229.jpg,3,pen2_tur_cam1_20250109_070229.jpg
crop_6646_pen2_tur_cam1_20250109_073125.jpg,3,pen2_tur_cam1_20250109_073125.jpg
crop_6647_pen2_tur_cam1_20250109_070037.jpg,3,pen2_tur_cam1_20250109_070037.jpg
crop_6648_pen1_tur_cam2_20250203_093907.jpg,3,pen1_tur_cam2_20250203_093907.jpg
crop_6649_pen2_tur_cam1_20250109_070414.jpg,3,pen2_tur_cam1_20250109_070414.jpg
crop_6650_pen1_tur_cam2_20250220_091030.jpg,3,pen1_tur_cam2_20250220_091030.jpg
crop_6651_pen1_tur_cam2_20250127_151024.jpg,3,pen1_tur_cam2_20250127_151024.jpg
crop_6652_pen1_tur_cam2_20250220_102855.jpg,3,pen1_tur_cam2_20250220_102855.jpg
crop_6653_pen2_tur_cam1_20250120_093757.jpg,3,pen2_tur_cam1_20250120_093757.jpg
crop_6654_pen2_tur_cam1_20250109_075033.jpg,3,pen2_tur_cam1_20250109_075033.jpg
crop_6655_pen2_tur_cam1_20250109_071046.jpg,3,pen2_tur_cam1_20250109_071046.jpg
crop_6656_pen1_tur_cam2_20250125_102836.jpg,3,pen1_tur_cam2_20250125_102836.jpg
crop_6657_pen1_tur_cam2_20250125_115403.jpg,3,pen1_tur_cam2_20250125_115403.jpg
crop_6658_pen1_orb_cam1_20250108_090158.jpg,3,pen1_orb_cam1_20250108_090158.jpg
crop_6659_pen2_tur_cam1_20250123_113328.jpg,3,pen2_tur_cam1_20250123_113328.jpg
crop_6660_pen2_tur_cam1_20250120_125159.jpg,3,pen2_tur_cam1_20250120_125159.jpg
crop_6661_pen1_tur_cam2_20250126_113516.jpg,3,pen1_tur_cam2_20250126_113516.jpg
crop_6662_pen2_orb_cam1_20250108_081124.jpg,3,pen2_orb_cam1_20250108_081124.jpg
crop_6663_pen1_tur_cam2_20250126_072525.jpg,3,pen1_tur_cam2_20250126_072525.jpg
crop_6664_pen2_tur_cam1_20250109_071231.jpg,3,pen2_tur_cam1_20250109_071231.jpg
crop_6665_pen2_orb_cam1_20250108_083833.jpg,3,pen2_orb_cam1_20250108_083833.jpg
crop_6666_pen1_tur_cam2_20250207_134938.jpg,3,pen1_tur_cam2_20250207_134938.jpg
crop_6667_pen2_tur_cam1_20250109_070325.jpg,3,pen2_tur_cam1_20250109_070325.jpg
crop_6668_pen2_tur_cam1_20250109_070112.jpg,3,pen2_tur_cam1_20250109_070112.jpg
crop_6669_pen2_orb_cam1_20250108_082345.jpg,3,pen2_orb_cam1_20250108_082345.jpg
crop_6670_pen2_tur_cam1_20250124_093638.jpg,3,pen2_tur_cam1_20250124_093638.jpg
crop_6671_pen1_tur_cam2_20250126_142917.jpg,3,pen1_tur_cam2_20250126_142917.jpg
crop_6672_pen1_tur_cam2_20250203_102049.jpg,3,pen1_tur_cam2_20250203_102049.jpg
crop_6673_pen1_orb_cam1_20250108_085652.jpg,3,pen1_orb_cam1_20250108_085652.jpg
crop_6674_pen2_tur_cam1_20250109_072233.jpg,3,pen2_tur_cam1_20250109_072233.jpg
crop_6675_pen1_tur_cam2_20250127_150844.jpg,3,pen1_tur_cam2_20250127_150844.jpg
crop_6676_pen1_tur_cam2_20250122_140101.jpg,3,pen1_tur_cam2_20250122_140101.jpg
crop_6677_pen2_tur_cam1_20250109_072528.jpg,3,pen2_tur_cam1_20250109_072528.jpg
crop_6678_pen2_orb_cam1_20250108_084004.jpg,3,pen2_orb_cam1_20250108_084004.jpg
crop_6679_pen2_tur_cam1_20250109_071519.jpg,3,pen2_tur_cam1_20250109_071519.jpg
crop_6680_pen1_orb_cam2_20250108_134502.jpg,3,pen1_orb_cam2_20250108_134502.jpg
crop_6681_pen1_tur_cam2_20250201_093542.jpg,3,pen1_tur_cam2_20250201_093542.jpg
crop_6682_pen2_tur_cam1_20250209_095019.jpg,3,pen2_tur_cam1_20250209_095019.jpg
crop_6683_pen2_tur_cam1_20250109_071430.jpg,3,pen2_tur_cam1_20250109_071430.jpg
crop_6684_pen1_tur_cam2_20250220_072343.jpg,3,pen1_tur_cam2_20250220_072343.jpg
crop_6685_pen2_tur_cam1_20250109_071348.jpg,3,pen2_tur_cam1_20250109_071348.jpg
crop_6686_pen1_tur_cam2_20250220_110538.jpg,3,pen1_tur_cam2_20250220_110538.jpg
crop_6687_pen1_tur_cam2_20250207_141439.jpg,3,pen1_tur_cam2_20250207_141439.jpg
crop_6688_pen2_orb_cam1_20250108_081325.jpg,3,pen2_orb_cam1_20250108_081325.jpg
crop_6689_pen1_tur_cam2_20250127_135813.jpg,3,pen1_tur_cam2_20250127_135813.jpg
crop_6690_pen1_orb_cam2_20250108_080138.jpg,3,pen1_orb_cam2_20250108_080138.jpg
crop_6691_pen1_tur_cam2_20250203_115915.jpg,3,pen1_tur_cam2_20250203_115915.jpg
crop_6692_pen2_tur_cam1_20250123_123332.jpg,3,pen2_tur_cam1_20250123_123332.jpg
crop_6693_pen1_tur_cam2_20250122_122913.jpg,3,pen1_tur_cam2_20250122_122913.jpg
crop_6694_pen1_orb_cam2_20250108_091407.jpg,3,pen1_orb_cam2_20250108_091407.jpg
crop_6695_pen1_tur_cam2_20250122_105650.jpg,3,pen1_tur_cam2_20250122_105650.jpg
crop_6696_pen1_tur_cam2_20250220_085029.jpg,3,pen1_tur_cam2_20250220_085029.jpg
crop_6697_pen1_tur_cam2_20250125_124544.jpg,3,pen1_tur_cam2_20250125_124544.jpg
crop_6698_pen2_tur_cam1_20250109_075459.jpg,3,pen2_tur_cam1_20250109_075459.jpg
crop_6699_pen1_tur_cam2_20250220_075344.jpg,3,pen1_tur_cam2_20250220_075344.jpg
crop_6700_pen2_orb_cam1_20250108_082221.jpg,3,pen2_orb_cam1_20250108_082221.jpg
crop_6701_pen2_orb_cam1_20250108_082708.jpg,3,pen2_orb_cam1_20250108_082708.jpg
crop_6702_pen2_orb_cam1_20250108_080810.jpg,3,pen2_orb_cam1_20250108_080810.jpg
crop_6703_pen1_tur_cam2_20250125_091150.jpg,3,pen1_tur_cam2_20250125_091150.jpg
crop_6704_pen1_tur_cam2_20250127_162030.jpg,3,pen1_tur_cam2_20250127_162030.jpg
crop_6705_pen1_orb_cam2_20250108_085824.jpg,3,pen1_orb_cam2_20250108_085824.jpg
crop_6706_pen2_tur_cam1_20250120_113805.jpg,3,pen2_tur_cam1_20250120_113805.jpg
crop_6707_pen2_orb_cam1_20250108_081349.jpg,3,pen2_orb_cam1_20250108_081349.jpg
crop_6708_pen1_tur_cam2_20250126_150710.jpg,3,pen1_tur_cam2_20250126_150710.jpg
crop_6709_pen2_tur_cam1_20250209_121530.jpg,3,pen2_tur_cam1_20250209_121530.jpg
crop_6710_pen2_orb_cam1_20250108_083406.jpg,3,pen2_orb_cam1_20250108_083406.jpg
crop_6711_pen2_tur_cam1_20250109_071046.jpg,3,pen2_tur_cam1_20250109_071046.jpg
crop_6712_pen1_tur_cam2_20250203_114554.jpg,3,pen1_tur_cam2_20250203_114554.jpg
crop_6713_pen1_orb_cam1_20250108_085531.jpg,3,pen1_orb_cam1_20250108_085531.jpg
crop_6714_pen1_orb_cam1_20250108_090203.jpg,3,pen1_orb_cam1_20250108_090203.jpg
crop_6715_pen2_orb_cam1_20250108_080620.jpg,3,pen2_orb_cam1_20250108_080620.jpg
crop_6716_pen2_tur_cam1_20250109_070833.jpg,3,pen2_tur_cam1_20250109_070833.jpg
crop_6717_pen2_orb_cam1_20250108_082518.jpg,3,pen2_orb_cam1_20250108_082518.jpg
crop_6718_pen1_tur_cam2_20250127_103822.jpg,3,pen1_tur_cam2_20250127_103822.jpg
crop_6719_pen1_tur_cam2_20250125_100835.jpg,3,pen1_tur_cam2_20250125_100835.jpg
crop_6720_pen1_tur_cam2_20250220_072843.jpg,3,pen1_tur_cam2_20250220_072843.jpg
crop_6721_pen2_tur_cam1_20250109_074731.jpg,3,pen2_tur_cam1_20250109_074731.jpg
crop_6722_pen2_tur_cam1_20250123_140457.jpg,3,pen2_tur_cam1_20250123_140457.jpg
crop_6723_pen1_orb_cam2_20250108_091518.jpg,3,pen1_orb_cam2_20250108_091518.jpg
crop_6724_pen1_orb_cam2_20250108_131958.jpg,3,pen1_orb_cam2_20250108_131958.jpg
crop_6725_pen2_orb_cam2_20250217_130342.jpg,3,pen2_orb_cam2_20250217_130342.jpg
crop_6726_pen2_tur_cam1_20250109_073729.jpg,3,pen2_tur_cam1_20250109_073729.jpg
crop_6727_pen1_tur_cam2_20250126_110735.jpg,3,pen1_tur_cam2_20250126_110735.jpg
crop_6728_pen1_tur_cam2_20250203_095407.jpg,3,pen1_tur_cam2_20250203_095407.jpg
crop_6729_pen1_tur_cam2_20250203_105411.jpg,3,pen1_tur_cam2_20250203_105411.jpg
crop_6730_pen2_tur_cam1_20250120_111803.jpg,3,pen2_tur_cam1_20250120_111803.jpg
crop_6731_pen2_tur_cam1_20250209_142720.jpg,3,pen2_tur_cam1_20250209_142720.jpg
crop_6732_pen2_orb_cam1_20250108_083013.jpg,3,pen2_orb_cam1_20250108_083013.jpg
crop_6733_pen1_tur_cam2_20250203_095547.jpg,3,pen1_tur_cam2_20250203_095547.jpg
crop_6734_pen1_tur_cam2_20250126_070343.jpg,3,pen1_tur_cam2_20250126_070343.jpg
crop_6735_pen2_orb_cam1_20250108_081529.jpg,3,pen2_orb_cam1_20250108_081529.jpg
crop_6736_pen1_tur_cam2_20250203_095907.jpg,3,pen1_tur_cam2_20250203_095907.jpg
crop_6737_pen2_tur_cam1_20250109_070112.jpg,3,pen2_tur_cam1_20250109_070112.jpg
crop_6738_pen2_orb_cam1_20250108_085848.jpg,3,pen2_orb_cam1_20250108_085848.jpg
crop_6739_pen1_tur_cam2_20250126_120907.jpg,3,pen1_tur_cam2_20250126_120907.jpg
crop_6740_pen2_tur_cam1_20250109_072027.jpg,3,pen2_tur_cam1_20250109_072027.jpg
crop_6741_pen2_tur_cam1_20250109_072102.jpg,3,pen2_tur_cam1_20250109_072102.jpg
crop_6742_pen2_tur_cam1_20250124_091957.jpg,3,pen2_tur_cam1_20250124_091957.jpg
crop_6743_pen1_tur_cam2_20250203_102049.jpg,3,pen1_tur_cam2_20250203_102049.jpg
crop_6744_pen2_tur_cam1_20250120_145848.jpg,3,pen2_tur_cam1_20250120_145848.jpg
crop_6745_pen2_tur_cam1_20250109_075850.jpg,3,pen2_tur_cam1_20250109_075850.jpg
crop_6746_pen2_tur_cam1_20250109_071601.jpg,3,pen2_tur_cam1_20250109_071601.jpg
crop_6747_pen2_tur_cam1_20250109_071252.jpg,3,pen2_tur_cam1_20250109_071252.jpg
crop_6748_pen2_tur_cam1_20250109_080742.jpg,3,pen2_tur_cam1_20250109_080742.jpg
crop_6749_pen2_tur_cam1_20250123_121011.jpg,3,pen2_tur_cam1_20250123_121011.jpg
crop_6750_pen2_tur_cam1_20250123_150148.jpg,3,pen2_tur_cam1_20250123_150148.jpg
crop_6751_pen2_tur_cam1_20250123_145447.jpg,3,pen2_tur_cam1_20250123_145447.jpg
crop_6752_pen1_tur_cam2_20250126_101044.jpg,3,pen1_tur_cam2_20250126_101044.jpg
crop_6753_pen1_tur_cam2_20250201_090631.jpg,3,pen1_tur_cam2_20250201_090631.jpg
crop_6754_pen1_tur_cam2_20250220_104537.jpg,3,pen1_tur_cam2_20250220_104537.jpg
crop_6755_pen1_tur_cam2_20250220_105357.jpg,3,pen1_tur_cam2_20250220_105357.jpg
crop_6756_pen2_orb_cam1_20250108_081524.jpg,3,pen2_orb_cam1_20250108_081524.jpg
crop_6757_pen1_tur_cam2_20250125_074559.jpg,3,pen1_tur_cam2_20250125_074559.jpg
crop_6758_pen1_tur_cam2_20250125_143357.jpg,3,pen1_tur_cam2_20250125_143357.jpg
crop_6759_pen2_tur_cam1_20250209_111206.jpg,3,pen2_tur_cam1_20250209_111206.jpg
crop_6760_pen1_tur_cam2_20250126_113326.jpg,3,pen1_tur_cam2_20250126_113326.jpg
crop_6761_pen2_orb_cam1_20250108_084330.jpg,3,pen2_orb_cam1_20250108_084330.jpg
crop_6762_pen2_orb_cam1_20250108_081434.jpg,3,pen2_orb_cam1_20250108_081434.jpg
crop_6763_pen2_tur_cam1_20250109_080749.jpg,3,pen2_tur_cam1_20250109_080749.jpg
crop_6764_pen1_tur_cam2_20250126_080348.jpg,3,pen1_tur_cam2_20250126_080348.jpg
crop_6765_pen2_tur_cam1_20250120_140205.jpg,3,pen2_tur_cam1_20250120_140205.jpg
crop_6766_pen1_tur_cam2_20250127_144803.jpg,3,pen1_tur_cam2_20250127_144803.jpg
crop_6767_pen1_tur_cam2_20250201_135124.jpg,3,pen1_tur_cam2_20250201_135124.jpg
crop_6768_pen2_orb_cam1_20250108_081409.jpg,3,pen2_orb_cam1_20250108_081409.jpg
crop_6769_pen2_tur_cam1_20250123_113328.jpg,3,pen2_tur_cam1_20250123_113328.jpg
crop_6770_pen2_tur_cam1_20250124_092137.jpg,3,pen2_tur_cam1_20250124_092137.jpg
crop_6771_pen1_tur_cam2_20250122_102230.jpg,3,pen1_tur_cam2_20250122_102230.jpg
crop_6772_pen2_tur_cam1_20250109_070044.jpg,3,pen2_tur_cam1_20250109_070044.jpg
crop_6773_pen2_tur_cam1_20250109_080618.jpg,3,pen2_tur_cam1_20250109_080618.jpg
crop_6774_pen2_tur_cam1_20250109_070009.jpg,3,pen2_tur_cam1_20250109_070009.jpg
crop_6775_pen2_tur_cam1_20250120_095438.jpg,3,pen2_tur_cam1_20250120_095438.jpg
crop_6776_pen1_tur_cam2_20250220_071522.jpg,3,pen1_tur_cam2_20250220_071522.jpg
crop_6777_pen2_tur_cam1_20250124_090455.jpg,3,pen2_tur_cam1_20250124_090455.jpg
crop_6778_pen2_orb_cam1_20250108_082719.jpg,3,pen2_orb_cam1_20250108_082719.jpg
crop_6779_pen1_tur_cam2_20250203_100407.jpg,3,pen1_tur_cam2_20250203_100407.jpg
crop_6780_pen1_tur_cam2_20250125_073028.jpg,3,pen1_tur_cam2_20250125_073028.jpg
crop_6781_pen2_tur_cam1_20250109_074745.jpg,3,pen2_tur_cam1_20250109_074745.jpg
crop_6782_pen2_orb_cam1_20250108_080730.jpg,3,pen2_orb_cam1_20250108_080730.jpg
crop_6783_pen1_tur_cam2_20250122_134559.jpg,3,pen1_tur_cam2_20250122_134559.jpg
crop_6784_pen2_orb_cam1_20250108_081846.jpg,3,pen2_orb_cam1_20250108_081846.jpg
crop_6785_pen1_orb_cam2_20250108_090820.jpg,3,pen1_orb_cam2_20250108_090820.jpg
crop_6786_pen1_tur_cam2_20250126_154130.jpg,3,pen1_tur_cam2_20250126_154130.jpg
crop_6787_pen2_orb_cam1_20250108_084245.jpg,3,pen2_orb_cam1_20250108_084245.jpg
crop_6788_pen1_tur_cam2_20250207_122252.jpg,3,pen1_tur_cam2_20250207_122252.jpg
crop_6789_pen2_tur_cam1_20250109_072020.jpg,3,pen2_tur_cam1_20250109_072020.jpg
crop_6790_pen2_tur_cam1_20250209_130715.jpg,3,pen2_tur_cam1_20250209_130715.jpg
crop_6791_pen2_tur_cam1_20250209_143221.jpg,3,pen2_tur_cam1_20250209_143221.jpg
crop_6792_pen1_tur_cam2_20250203_120055.jpg,3,pen1_tur_cam2_20250203_120055.jpg
crop_6793_pen1_tur_cam2_20250125_095654.jpg,3,pen1_tur_cam2_20250125_095654.jpg
crop_6794_pen1_tur_cam2_20250122_122414.jpg,3,pen1_tur_cam2_20250122_122414.jpg
crop_6795_pen1_tur_cam2_20250125_062827.jpg,3,pen1_tur_cam2_20250125_062827.jpg
crop_6796_pen2_tur_cam1_20250109_072048.jpg,3,pen2_tur_cam1_20250109_072048.jpg
crop_6797_pen2_tur_cam1_20250109_080707.jpg,3,pen2_tur_cam1_20250109_080707.jpg
crop_6798_pen2_tur_cam1_20250209_115028.jpg,3,pen2_tur_cam1_20250209_115028.jpg
crop_6799_pen2_tur_cam1_20250109_072212.jpg,3,pen2_tur_cam1_20250109_072212.jpg
crop_6800_pen1_orb_cam2_20250108_085214.jpg,3,pen1_orb_cam2_20250108_085214.jpg
crop_6801_pen2_tur_cam1_20250209_073650.jpg,3,pen2_tur_cam1_20250209_073650.jpg
crop_6802_pen1_tur_cam2_20250127_103502.jpg,3,pen1_tur_cam2_20250127_103502.jpg
crop_6803_pen2_tur_cam1_20250109_080756.jpg,3,pen2_tur_cam1_20250109_080756.jpg
crop_6804_pen2_tur_cam1_20250120_083433.jpg,3,pen2_tur_cam1_20250120_083433.jpg
crop_6805_pen2_tur_cam1_20250209_074651.jpg,3,pen2_tur_cam1_20250209_074651.jpg
crop_6806_pen2_orb_cam1_20250108_080615.jpg,3,pen2_orb_cam1_20250108_080615.jpg
crop_6807_pen1_tur_cam1_20250201_090951.jpg,3,pen1_tur_cam1_20250201_090951.jpg
crop_6808_pen1_orb_cam1_20250108_085716.jpg,3,pen1_orb_cam1_20250108_085716.jpg
crop_6809_pen1_tur_cam2_20250125_142716.jpg,3,pen1_tur_cam2_20250125_142716.jpg
crop_6810_pen1_tur_cam1_20250203_093907.jpg,3,pen1_tur_cam1_20250203_093907.jpg
crop_6811_pen1_orb_cam2_20250108_090712.jpg,3,pen1_orb_cam2_20250108_090712.jpg
crop_6812_pen2_tur_cam1_20250109_075918.jpg,3,pen2_tur_cam1_20250109_075918.jpg
crop_6813_pen2_tur_cam1_20250209_095019.jpg,3,pen2_tur_cam1_20250209_095019.jpg
crop_6814_pen1_tur_cam2_20250122_125415.jpg,3,pen1_tur_cam2_20250122_125415.jpg
crop_6815_pen2_tur_cam1_20250109_075246.jpg,3,pen2_tur_cam1_20250109_075246.jpg
crop_6816_pen2_tur_cam1_20250123_145447.jpg,3,pen2_tur_cam1_20250123_145447.jpg
crop_6817_pen1_tur_cam2_20250127_135113.jpg,3,pen1_tur_cam2_20250127_135113.jpg
crop_6818_pen2_orb_cam1_20250108_084458.jpg,3,pen2_orb_cam1_20250108_084458.jpg
crop_6819_pen2_tur_cam1_20250109_070428.jpg,3,pen2_tur_cam1_20250109_070428.jpg
crop_6820_pen2_tur_cam1_20250109_080014.jpg,3,pen2_tur_cam1_20250109_080014.jpg
crop_6821_pen1_orb_cam2_20250108_133100.jpg,3,pen1_orb_cam2_20250108_133100.jpg
crop_6822_pen1_orb_cam2_20250108_090753.jpg,3,pen1_orb_cam2_20250108_090753.jpg
crop_6823_pen2_tur_cam1_20250124_090635.jpg,3,pen2_tur_cam1_20250124_090635.jpg
crop_6824_pen2_tur_cam1_20250120_111944.jpg,3,pen2_tur_cam1_20250120_111944.jpg
crop_6825_pen2_tur_cam1_20250109_075541.jpg,3,pen2_tur_cam1_20250109_075541.jpg
crop_6826_pen1_tur_cam2_20250122_100149.jpg,3,pen1_tur_cam2_20250122_100149.jpg
crop_6827_pen2_tur_cam1_20250109_071409.jpg,3,pen2_tur_cam1_20250109_071409.jpg
crop_6828_pen1_tur_cam2_20250122_134419.jpg,3,pen1_tur_cam2_20250122_134419.jpg
crop_6829_pen2_tur_cam1_20250120_135705.jpg,3,pen2_tur_cam1_20250120_135705.jpg
crop_6830_pen2_tur_cam1_20250109_074621.jpg,3,pen2_tur_cam1_20250109_074621.jpg
crop_6831_pen1_orb_cam2_20250108_134548.jpg,3,pen1_orb_cam2_20250108_134548.jpg
crop_6832_pen2_orb_cam1_20250108_084537.jpg,3,pen2_orb_cam1_20250108_084537.jpg
crop_6833_pen2_tur_cam1_20250209_084655.jpg,3,pen2_tur_cam1_20250209_084655.jpg
crop_6834_pen2_orb_cam1_20250108_085417.jpg,3,pen2_orb_cam1_20250108_085417.jpg
crop_6835_pen2_tur_cam1_20250109_072837.jpg,3,pen2_tur_cam1_20250109_072837.jpg
crop_6836_pen1_tur_cam2_20250126_085531.jpg,3,pen1_tur_cam2_20250126_085531.jpg
crop_6837_pen1_tur_cam2_20250220_093031.jpg,3,pen1_tur_cam2_20250220_093031.jpg
crop_6838_pen2_tur_cam1_20250109_074923.jpg,3,pen2_tur_cam1_20250109_074923.jpg
crop_6839_pen1_tur_cam2_20250220_110358.jpg,3,pen1_tur_cam2_20250220_110358.jpg
crop_6840_pen2_orb_cam1_20250108_081429.jpg,3,pen2_orb_cam1_20250108_081429.jpg
crop_6841_pen1_tur_cam2_20250127_144254.jpg,3,pen1_tur_cam2_20250127_144254.jpg
crop_6842_pen1_tur_cam2_20250125_100835.jpg,3,pen1_tur_cam2_20250125_100835.jpg
crop_6843_pen1_tur_cam2_20250125_104157.jpg,3,pen1_tur_cam2_20250125_104157.jpg
crop_6844_pen1_tur_cam2_20250125_090830.jpg,3,pen1_tur_cam2_20250125_090830.jpg
crop_6845_pen1_tur_cam2_20250125_111159.jpg,3,pen1_tur_cam2_20250125_111159.jpg
crop_6846_pen1_tur_cam2_20250122_130417.jpg,3,pen1_tur_cam2_20250122_130417.jpg
crop_6847_pen2_tur_cam1_20250109_073015.jpg,3,pen2_tur_cam1_20250109_073015.jpg
crop_6848_pen2_tur_cam1_20250109_073036.jpg,3,pen2_tur_cam1_20250109_073036.jpg
crop_6849_pen2_tur_cam1_20250109_070428.jpg,3,pen2_tur_cam1_20250109_070428.jpg
crop_6850_pen2_tur_cam1_20250109_072858.jpg,3,pen2_tur_cam1_20250109_072858.jpg
crop_6851_pen2_tur_cam1_20250109_075218.jpg,3,pen2_tur_cam1_20250109_075218.jpg
crop_6852_pen2_orb_cam1_20250108_083128.jpg,3,pen2_orb_cam1_20250108_083128.jpg
crop_6853_pen1_tur_cam2_20250126_141917.jpg,3,pen1_tur_cam2_20250126_141917.jpg
crop_6854_pen2_tur_cam1_20250209_072509.jpg,3,pen2_tur_cam1_20250209_072509.jpg
crop_6855_pen1_tur_cam2_20250203_101548.jpg,3,pen1_tur_cam2_20250203_101548.jpg
crop_6856_pen1_tur_cam2_20250201_093542.jpg,3,pen1_tur_cam2_20250201_093542.jpg
crop_6857_pen2_orb_cam1_20250108_085446.jpg,3,pen2_orb_cam1_20250108_085446.jpg
crop_6858_pen1_orb_cam1_20250108_085747.jpg,3,pen1_orb_cam1_20250108_085747.jpg
crop_6859_pen2_tur_cam2_20250120_075930.jpg,3,pen2_tur_cam2_20250120_075930.jpg
crop_6860_pen2_tur_cam1_20250120_130159.jpg,3,pen2_tur_cam1_20250120_130159.jpg
crop_6861_pen1_tur_cam2_20250127_140833.jpg,3,pen1_tur_cam2_20250127_140833.jpg
crop_6862_pen2_orb_cam1_20250108_081209.jpg,3,pen2_orb_cam1_20250108_081209.jpg
crop_6863_pen1_tur_cam2_20250220_075845.jpg,3,pen1_tur_cam2_20250220_075845.jpg
crop_6864_pen2_tur_cam1_20250209_125032.jpg,3,pen2_tur_cam1_20250209_125032.jpg
crop_6865_pen1_tur_cam2_20250126_092924.jpg,3,pen1_tur_cam2_20250126_092924.jpg
crop_6866_pen1_tur_cam2_20250125_094653.jpg,3,pen1_tur_cam2_20250125_094653.jpg
crop_6867_pen2_tur_cam1_20250109_074258.jpg,3,pen2_tur_cam1_20250109_074258.jpg
crop_6868_pen1_tur_cam2_20250220_105538.jpg,3,pen1_tur_cam2_20250220_105538.jpg
crop_6869_pen1_tur_cam2_20250122_112431.jpg,3,pen1_tur_cam2_20250122_112431.jpg
crop_6870_pen1_tur_cam2_20250207_122252.jpg,3,pen1_tur_cam2_20250207_122252.jpg
crop_6871_pen2_tur_cam1_20250120_070427.jpg,3,pen2_tur_cam1_20250120_070427.jpg
crop_6872_pen1_tur_cam2_20250126_120907.jpg,3,pen1_tur_cam2_20250126_120907.jpg
crop_6873_pen2_tur_cam1_20250109_071753.jpg,3,pen2_tur_cam1_20250109_071753.jpg
crop_6874_pen1_tur_cam2_20250201_143716.jpg,3,pen1_tur_cam2_20250201_143716.jpg
crop_6875_pen2_tur_cam1_20250109_070435.jpg,3,pen2_tur_cam1_20250109_070435.jpg
crop_6876_pen1_tur_cam2_20250220_092531.jpg,3,pen1_tur_cam2_20250220_092531.jpg
crop_6877_pen2_orb_cam1_20250108_081704.jpg,3,pen2_orb_cam1_20250108_081704.jpg
crop_6878_pen1_tur_cam2_20250122_111221.jpg,3,pen1_tur_cam2_20250122_111221.jpg
crop_6879_pen2_tur_cam1_20250123_122831.jpg,3,pen2_tur_cam1_20250123_122831.jpg
crop_6880_pen2_tur_cam1_20250109_075211.jpg,3,pen2_tur_cam1_20250109_075211.jpg
crop_6881_pen2_tur_cam1_20250109_075822.jpg,3,pen2_tur_cam1_20250109_075822.jpg
crop_6882_pen2_tur_cam1_20250109_072858.jpg,3,pen2_tur_cam1_20250109_072858.jpg
crop_6883_pen1_orb_cam2_20250108_091523.jpg,3,pen1_orb_cam2_20250108_091523.jpg
crop_6884_pen1_orb_cam2_20250108_082916.jpg,3,pen1_orb_cam2_20250108_082916.jpg
crop_6885_pen2_tur_cam1_20250109_070552.jpg,3,pen2_tur_cam1_20250109_070552.jpg
crop_6886_pen2_tur_cam1_20250109_071402.jpg,3,pen2_tur_cam1_20250109_071402.jpg
crop_6887_pen2_tur_cam1_20250209_071509.jpg,3,pen2_tur_cam1_20250209_071509.jpg
crop_6888_pen2_tur_cam1_20250109_073722.jpg,3,pen2_tur_cam1_20250109_073722.jpg
crop_6889_pen2_tur_cam1_20250109_072322.jpg,3,pen2_tur_cam1_20250109_072322.jpg
crop_6890_pen2_tur_cam1_20250109_080358.jpg,3,pen2_tur_cam1_20250109_080358.jpg
crop_6891_pen2_tur_cam1_20250120_085434.jpg,3,pen2_tur_cam1_20250120_085434.jpg
crop_6892_pen1_tur_cam2_20250201_092521.jpg,3,pen1_tur_cam2_20250201_092521.jpg
crop_6893_pen2_orb_cam1_20250108_081434.jpg,3,pen2_orb_cam1_20250108_081434.jpg
crop_6894_pen2_tur_cam1_20250209_125533.jpg,3,pen2_tur_cam1_20250209_125533.jpg
crop_6895_pen1_tur_cam2_20250127_133542.jpg,3,pen1_tur_cam2_20250127_133542.jpg
crop_6896_pen2_tur_cam1_20250120_074429.jpg,3,pen2_tur_cam1_20250120_074429.jpg
crop_6897_pen2_tur_cam1_20250109_080241.jpg,3,pen2_tur_cam1_20250109_080241.jpg
crop_6898_pen1_orb_cam2_20250108_091453.jpg,3,pen1_orb_cam2_20250108_091453.jpg
crop_6899_pen1_orb_cam2_20250108_090049.jpg,3,pen1_orb_cam2_20250108_090049.jpg
crop_6900_pen2_tur_cam1_20250109_070812.jpg,3,pen2_tur_cam1_20250109_070812.jpg
crop_6901_pen2_tur_cam1_20250120_094438.jpg,3,pen2_tur_cam1_20250120_094438.jpg
crop_6902_pen1_tur_cam2_20250122_143924.jpg,3,pen1_tur_cam2_20250122_143924.jpg
crop_6903_pen2_tur_cam1_20250124_091136.jpg,3,pen2_tur_cam1_20250124_091136.jpg
crop_6904_pen2_tur_cam1_20250109_070030.jpg,3,pen2_tur_cam1_20250109_070030.jpg
crop_6905_pen1_tur_cam2_20250207_144442.jpg,3,pen1_tur_cam2_20250207_144442.jpg
crop_6906_pen2_orb_cam1_20250108_082244.jpg,3,pen2_orb_cam1_20250108_082244.jpg
crop_6907_pen1_tur_cam2_20250126_143609.jpg,3,pen1_tur_cam2_20250126_143609.jpg
crop_6908_pen2_tur_cam1_20250109_080522.jpg,3,pen2_tur_cam1_20250109_080522.jpg
crop_6909_pen1_tur_cam2_20250220_072343.jpg,3,pen1_tur_cam2_20250220_072343.jpg
crop_6910_pen1_tur_cam2_20250207_131936.jpg,3,pen1_tur_cam2_20250207_131936.jpg
crop_6911_pen2_tur_cam1_20250109_071533.jpg,3,pen2_tur_cam1_20250109_071533.jpg
crop_6912_pen2_orb_cam1_20250108_080640.jpg,3,pen2_orb_cam1_20250108_080640.jpg
crop_6913_pen2_tur_cam1_20250209_124031.jpg,3,pen2_tur_cam1_20250209_124031.jpg
crop_6914_pen2_tur_cam1_20250120_105442.jpg,3,pen2_tur_cam1_20250120_105442.jpg
crop_6915_pen2_tur_cam1_20250123_132856.jpg,3,pen2_tur_cam1_20250123_132856.jpg
crop_6916_pen2_tur_cam1_20250109_070339.jpg,3,pen2_tur_cam1_20250109_070339.jpg
crop_6917_pen1_orb_cam2_20250108_090830.jpg,3,pen1_orb_cam2_20250108_090830.jpg
crop_6918_pen1_tur_cam2_20250220_071842.jpg,3,pen1_tur_cam2_20250220_071842.jpg
crop_6919_pen2_tur_cam1_20250109_080714.jpg,3,pen2_tur_cam1_20250109_080714.jpg
crop_6920_pen1_tur_cam2_20250125_142856.jpg,3,pen1_tur_cam2_20250125_142856.jpg
crop_6921_pen1_tur_cam2_20250125_132005.jpg,3,pen1_tur_cam2_20250125_132005.jpg
crop_6922_pen1_tur_cam2_20250125_135105.jpg,3,pen1_tur_cam2_20250125_135105.jpg
crop_6923_pen2_tur_cam1_20250120_110943.jpg,3,pen2_tur_cam1_20250120_110943.jpg
crop_6924_pen2_orb_cam1_20250108_081419.jpg,3,pen2_orb_cam1_20250108_081419.jpg
crop_6925_pen2_tur_cam1_20250109_080042.jpg,3,pen2_tur_cam1_20250109_080042.jpg
crop_6926_pen1_tur_cam1_20250203_094407.jpg,3,pen1_tur_cam1_20250203_094407.jpg
crop_6927_pen2_tur_cam1_20250120_081752.jpg,3,pen2_tur_cam1_20250120_081752.jpg
crop_6928_pen1_tur_cam2_20250220_084848.jpg,3,pen1_tur_cam2_20250220_084848.jpg
crop_6929_pen2_tur_cam1_20250109_075541.jpg,3,pen2_tur_cam1_20250109_075541.jpg
crop_6930_pen2_tur_cam1_20250109_072013.jpg,3,pen2_tur_cam1_20250109_072013.jpg
crop_6931_pen2_tur_cam1_20250109_080604.jpg,3,pen2_tur_cam1_20250109_080604.jpg
crop_6932_pen1_orb_cam2_20250108_134532.jpg,3,pen1_orb_cam2_20250108_134532.jpg
crop_6933_pen2_tur_cam1_20250123_123012.jpg,3,pen2_tur_cam1_20250123_123012.jpg
crop_6934_pen2_tur_cam1_20250123_115329.jpg,3,pen2_tur_cam1_20250123_115329.jpg
crop_6935_pen2_tur_cam1_20250123_143047.jpg,3,pen2_tur_cam1_20250123_143047.jpg
crop_6936_pen2_tur_cam1_20250109_071149.jpg,3,pen2_tur_cam1_20250109_071149.jpg
crop_6937_pen2_tur_cam1_20250209_135718.jpg,3,pen2_tur_cam1_20250209_135718.jpg
crop_6938_pen1_tur_cam2_20250122_141602.jpg,3,pen1_tur_cam2_20250122_141602.jpg
crop_6939_pen2_tur_cam1_20250209_073150.jpg,3,pen2_tur_cam1_20250209_073150.jpg
crop_6940_pen2_tur_cam1_20250109_070510.jpg,3,pen2_tur_cam1_20250109_070510.jpg
crop_6941_pen2_tur_cam1_20250209_143721.jpg,3,pen2_tur_cam1_20250209_143721.jpg
crop_6942_pen2_tur_cam1_20250109_075328.jpg,3,pen2_tur_cam1_20250109_075328.jpg
crop_6943_pen1_tur_cam2_20250122_104310.jpg,3,pen1_tur_cam2_20250122_104310.jpg
crop_6944_pen2_tur_cam1_20250109_070812.jpg,3,pen2_tur_cam1_20250109_070812.jpg
crop_6945_pen1_tur_cam2_20250126_071844.jpg,3,pen1_tur_cam2_20250126_071844.jpg
crop_6946_pen2_tur_cam1_20250120_135204.jpg,3,pen2_tur_cam1_20250120_135204.jpg
crop_6947_pen1_tur_cam2_20250126_083030.jpg,3,pen1_tur_cam2_20250126_083030.jpg
crop_6948_pen1_orb_cam2_20250108_080309.jpg,3,pen1_orb_cam2_20250108_080309.jpg
crop_6949_pen1_tur_cam2_20250207_124253.jpg,3,pen1_tur_cam2_20250207_124253.jpg
crop_6950_pen2_orb_cam1_20250108_090108.jpg,3,pen2_orb_cam1_20250108_090108.jpg
crop_6951_pen2_tur_cam1_20250109_070229.jpg,3,pen2_tur_cam1_20250109_070229.jpg
crop_6952_pen1_tur_cam2_20250220_083848.jpg,3,pen1_tur_cam2_20250220_083848.jpg
crop_6953_pen2_tur_cam1_20250109_074745.jpg,3,pen2_tur_cam1_20250109_074745.jpg
crop_6954_pen1_orb_cam2_20250108_085712.jpg,3,pen1_orb_cam2_20250108_085712.jpg
crop_6955_pen2_tur_cam1_20250109_075431.jpg,3,pen2_tur_cam1_20250109_075431.jpg
crop_6956_pen2_orb_cam1_20250108_081024.jpg,3,pen2_orb_cam1_20250108_081024.jpg
crop_6957_pen1_tur_cam2_20250203_112052.jpg,3,pen1_tur_cam2_20250203_112052.jpg
crop_6958_pen2_tur_cam1_20250209_071649.jpg,3,pen2_tur_cam1_20250209_071649.jpg
crop_6959_pen1_orb_cam2_20250108_134514.jpg,3,pen1_orb_cam2_20250108_134514.jpg
crop_6960_pen2_tur_cam1_20250109_080735.jpg,3,pen2_tur_cam1_20250109_080735.jpg
crop_6961_pen2_tur_cam1_20250109_074155.jpg,3,pen2_tur_cam1_20250109_074155.jpg
crop_6962_pen2_tur_cam1_20250109_071121.jpg,3,pen2_tur_cam1_20250109_071121.jpg
crop_6963_pen2_orb_cam1_20250108_080805.jpg,3,pen2_orb_cam1_20250108_080805.jpg
crop_6964_pen1_tur_cam2_20250125_065228.jpg,3,pen1_tur_cam2_20250125_065228.jpg
crop_6965_pen1_tur_cam2_20250220_101034.jpg,3,pen1_tur_cam2_20250220_101034.jpg
crop_6966_pen2_orb_cam1_20250108_081931.jpg,3,pen2_orb_cam1_20250108_081931.jpg
crop_6967_pen1_tur_cam2_20250122_122553.jpg,3,pen1_tur_cam2_20250122_122553.jpg
crop_6968_pen1_tur_cam2_20250126_075027.jpg,3,pen1_tur_cam2_20250126_075027.jpg
crop_6969_pen2_tur_cam1_20250120_072748.jpg,3,pen2_tur_cam1_20250120_072748.jpg
crop_6970_pen1_tur_cam2_20250125_101155.jpg,3,pen1_tur_cam2_20250125_101155.jpg
crop_6971_pen1_tur_cam2_20250126_093944.jpg,3,pen1_tur_cam2_20250126_093944.jpg
crop_6972_pen1_tur_cam2_20250203_094047.jpg,3,pen1_tur_cam2_20250203_094047.jpg
crop_6973_pen2_tur_cam1_20250109_075548.jpg,3,pen2_tur_cam1_20250109_075548.jpg
crop_6974_pen1_tur_cam2_20250125_143357.jpg,3,pen1_tur_cam2_20250125_143357.jpg
crop_6975_pen1_tur_cam2_20250207_124433.jpg,3,pen1_tur_cam2_20250207_124433.jpg
crop_6976_pen1_orb_cam2_20250108_134250.jpg,3,pen1_orb_cam2_20250108_134250.jpg
crop_6977_pen2_tur_cam1_20250109_080159.jpg,3,pen2_tur_cam1_20250109_080159.jpg
crop_6978_pen1_tur_cam2_20250220_090530.jpg,3,pen1_tur_cam2_20250220_090530.jpg
crop_6979_pen1_tur_cam2_20250207_125434.jpg,3,pen1_tur_cam2_20250207_125434.jpg
crop_6980_pen2_orb_cam1_20250108_080445.jpg,3,pen2_orb_cam1_20250108_080445.jpg
crop_6981_pen2_tur_cam1_20250209_080012.jpg,3,pen2_tur_cam1_20250209_080012.jpg
crop_6982_pen2_tur_cam1_20250209_071509.jpg,3,pen2_tur_cam1_20250209_071509.jpg
crop_6983_pen1_tur_cam2_20250220_072022.jpg,3,pen1_tur_cam2_20250220_072022.jpg
crop_6984_pen1_tur_cam2_20250125_095654.jpg,3,pen1_tur_cam2_20250125_095654.jpg
crop_6985_pen2_tur_cam1_20250120_144711.jpg,3,pen2_tur_cam1_20250120_144711.jpg
crop_6986_pen2_tur_cam1_20250109_080035.jpg,3,pen2_tur_cam1_20250109_080035.jpg
crop_6987_pen2_tur_cam1_20250109_070957.jpg,3,pen2_tur_cam1_20250109_070957.jpg
crop_6988_pen1_tur_cam2_20250220_072523.jpg,3,pen1_tur_cam2_20250220_072523.jpg
crop_6989_pen2_orb_cam1_20250108_080934.jpg,3,pen2_orb_cam1_20250108_080934.jpg
crop_6990_pen2_orb_cam1_20250108_083811.jpg,3,pen2_orb_cam1_20250108_083811.jpg
crop_6991_pen2_orb_cam1_20250108_083650.jpg,3,pen2_orb_cam1_20250108_083650.jpg
crop_6992_pen2_orb_cam1_20250108_081029.jpg,3,pen2_orb_cam1_20250108_081029.jpg
crop_6993_pen2_orb_cam1_20250108_085124.jpg,3,pen2_orb_cam1_20250108_085124.jpg
crop_6994_pen1_tur_cam2_20250127_144254.jpg,3,pen1_tur_cam2_20250127_144254.jpg
crop_6995_pen1_tur_cam2_20250122_142102.jpg,3,pen1_tur_cam2_20250122_142102.jpg
crop_6996_pen1_tur_cam2_20250126_102615.jpg,3,pen1_tur_cam2_20250126_102615.jpg
crop_6997_pen2_orb_cam1_20250108_083724.jpg,3,pen2_orb_cam1_20250108_083724.jpg
crop_6998_pen1_tur_cam2_20250125_122504.jpg,3,pen1_tur_cam2_20250125_122504.jpg
crop_6999_pen2_tur_cam1_20250209_124532.jpg,3,pen2_tur_cam1_20250209_124532.jpg
crop_7000_pen2_tur_cam1_20250120_081932.jpg,3,pen2_tur_cam1_20250120_081932.jpg
crop_7001_pen1_tur_cam2_20250125_121253.jpg,3,pen1_tur_cam2_20250125_121253.jpg
crop_7002_pen2_tur_cam1_20250209_074010.jpg,3,pen2_tur_cam1_20250209_074010.jpg
crop_7003_pen2_tur_cam1_20250120_103941.jpg,3,pen2_tur_cam1_20250120_103941.jpg
crop_7004_pen2_tur_cam1_20250123_143407.jpg,3,pen2_tur_cam1_20250123_143407.jpg
crop_7005_pen2_tur_cam1_20250109_071437.jpg,3,pen2_tur_cam1_20250109_071437.jpg
crop_7006_pen2_tur_cam1_20250109_072617.jpg,3,pen2_tur_cam1_20250109_072617.jpg
crop_7007_pen2_tur_cam1_20250109_071444.jpg,3,pen2_tur_cam1_20250109_071444.jpg
crop_7008_pen1_tur_cam2_20250220_072022.jpg,3,pen1_tur_cam2_20250220_072022.jpg
crop_7009_pen2_tur_cam1_20250109_075630.jpg,3,pen2_tur_cam1_20250109_075630.jpg
crop_7010_pen1_tur_cam2_20250127_111825.jpg,3,pen1_tur_cam2_20250127_111825.jpg
crop_7011_pen2_tur_cam1_20250109_070613.jpg,3,pen2_tur_cam1_20250109_070613.jpg
crop_7012_pen1_tur_cam2_20250126_104335.jpg,3,pen1_tur_cam2_20250126_104335.jpg
crop_7013_pen2_orb_cam1_20250108_085335.jpg,3,pen2_orb_cam1_20250108_085335.jpg
crop_7014_pen2_tur_cam1_20250209_110704.jpg,3,pen2_tur_cam1_20250209_110704.jpg
crop_7015_pen1_tur_cam2_20250220_104356.jpg,3,pen1_tur_cam2_20250220_104356.jpg
crop_7016_pen2_tur_cam1_20250109_073619.jpg,3,pen2_tur_cam1_20250109_073619.jpg
crop_7017_pen1_tur_cam2_20250125_094653.jpg,3,pen1_tur_cam2_20250125_094653.jpg
crop_7018_pen1_tur_cam2_20250220_073523.jpg,3,pen1_tur_cam2_20250220_073523.jpg
crop_7019_pen1_tur_cam2_20250220_105538.jpg,3,pen1_tur_cam2_20250220_105538.jpg
crop_7020_pen2_tur_cam1_20250109_073001.jpg,3,pen2_tur_cam1_20250109_073001.jpg
crop_7021_pen1_tur_cam2_20250122_144605.jpg,3,pen1_tur_cam2_20250122_144605.jpg
crop_7022_pen2_tur_cam1_20250109_070311.jpg,3,pen2_tur_cam1_20250109_070311.jpg
crop_7023_pen2_tur_cam1_20250123_144107.jpg,3,pen2_tur_cam1_20250123_144107.jpg
crop_7024_pen1_tur_cam2_20250122_124055.jpg,3,pen1_tur_cam2_20250122_124055.jpg
crop_7025_pen1_tur_cam2_20250220_074024.jpg,3,pen1_tur_cam2_20250220_074024.jpg
crop_7026_pen1_tur_cam2_20250201_085931.jpg,3,pen1_tur_cam2_20250201_085931.jpg
crop_7027_pen2_tur_cam1_20250209_123212.jpg,3,pen2_tur_cam1_20250209_123212.jpg
crop_7028_pen1_tur_cam2_20250125_074559.jpg,3,pen1_tur_cam2_20250125_074559.jpg
crop_7029_pen2_orb_cam1_20250108_080410.jpg,3,pen2_orb_cam1_20250108_080410.jpg
crop_7030_pen2_tur_cam1_20250209_114708.jpg,3,pen2_tur_cam1_20250209_114708.jpg
crop_7031_pen2_tur_cam1_20250120_081932.jpg,3,pen2_tur_cam1_20250120_081932.jpg
crop_7032_pen2_orb_cam1_20250108_081424.jpg,3,pen2_orb_cam1_20250108_081424.jpg
crop_7033_pen2_tur_cam1_20250209_133717.jpg,3,pen2_tur_cam1_20250209_133717.jpg
crop_7034_pen1_tur_cam2_20250203_115054.jpg,3,pen1_tur_cam2_20250203_115054.jpg
crop_7035_pen1_tur_cam2_20250220_071341.jpg,3,pen1_tur_cam2_20250220_071341.jpg
crop_7036_pen2_tur_cam1_20250109_075204.jpg,3,pen2_tur_cam1_20250109_075204.jpg
crop_7037_pen1_tur_cam2_20250122_123554.jpg,3,pen1_tur_cam2_20250122_123554.jpg
crop_7038_pen2_tur_cam1_20250120_072248.jpg,3,pen2_tur_cam1_20250120_072248.jpg
crop_7039_pen1_tur_cam2_20250125_143357.jpg,3,pen1_tur_cam2_20250125_143357.jpg
crop_7040_pen1_tur_cam2_20250125_124544.jpg,3,pen1_tur_cam2_20250125_124544.jpg
crop_7041_pen2_tur_cam1_20250123_103323.jpg,3,pen2_tur_cam1_20250123_103323.jpg
crop_7042_pen2_tur_cam1_20250120_110943.jpg,3,pen2_tur_cam1_20250120_110943.jpg
crop_7043_pen1_tur_cam2_20250207_130935.jpg,3,pen1_tur_cam2_20250207_130935.jpg
crop_7044_pen1_tur_cam2_20250127_104503.jpg,3,pen1_tur_cam2_20250127_104503.jpg
crop_7045_pen2_orb_cam1_20250108_082300.jpg,3,pen2_orb_cam1_20250108_082300.jpg
crop_7046_pen2_tur_cam1_20250109_071903.jpg,3,pen2_tur_cam1_20250109_071903.jpg
crop_7047_pen2_orb_cam1_20250108_081634.jpg,3,pen2_orb_cam1_20250108_081634.jpg
crop_7048_pen2_tur_cam1_20250109_070304.jpg,3,pen2_tur_cam1_20250109_070304.jpg
crop_7049_pen1_tur_cam1_20250203_100408.jpg,3,pen1_tur_cam1_20250203_100408.jpg
crop_7050_pen1_tur_cam2_20250220_090850.jpg,3,pen1_tur_cam2_20250220_090850.jpg
crop_7051_pen2_tur_cam1_20250123_105325.jpg,3,pen2_tur_cam1_20250123_105325.jpg
crop_7052_pen1_tur_cam2_20250125_121954.jpg,3,pen1_tur_cam2_20250125_121954.jpg
crop_7053_pen2_tur_cam1_20250109_075637.jpg,3,pen2_tur_cam1_20250109_075637.jpg
crop_7054_pen1_orb_cam2_20250108_131918.jpg,3,pen1_orb_cam2_20250108_131918.jpg
crop_7055_pen2_tur_cam1_20250109_075211.jpg,3,pen2_tur_cam1_20250109_075211.jpg
crop_7056_pen1_tur_cam2_20250220_102355.jpg,3,pen1_tur_cam2_20250220_102355.jpg
crop_7057_pen2_tur_cam1_20250109_072013.jpg,3,pen2_tur_cam1_20250109_072013.jpg
crop_7058_pen2_orb_cam1_20250108_080830.jpg,3,pen2_orb_cam1_20250108_080830.jpg
crop_7059_pen1_tur_cam2_20250203_104550.jpg,3,pen1_tur_cam2_20250203_104550.jpg
crop_7060_pen2_tur_cam1_20250109_075459.jpg,3,pen2_tur_cam1_20250109_075459.jpg
crop_7061_pen2_tur_cam1_20250109_080227.jpg,3,pen2_tur_cam1_20250109_080227.jpg
crop_7062_pen2_tur_cam1_20250120_082432.jpg,3,pen2_tur_cam1_20250120_082432.jpg
crop_7063_pen2_tur_cam1_20250109_075534.jpg,3,pen2_tur_cam1_20250109_075534.jpg
crop_7064_pen1_tur_cam2_20250220_110538.jpg,3,pen1_tur_cam2_20250220_110538.jpg
crop_7065_pen2_tur_cam1_20250109_080358.jpg,3,pen2_tur_cam1_20250109_080358.jpg
crop_7066_pen2_orb_cam1_20250108_081820.jpg,3,pen2_orb_cam1_20250108_081820.jpg
crop_7067_pen2_tur_cam1_20250109_080536.jpg,3,pen2_tur_cam1_20250109_080536.jpg
crop_7068_pen2_tur_cam1_20250109_074909.jpg,3,pen2_tur_cam1_20250109_074909.jpg
crop_7069_pen2_tur_cam1_20250109_070847.jpg,3,pen2_tur_cam1_20250109_070847.jpg
crop_7070_pen2_tur_cam1_20250109_071121.jpg,3,pen2_tur_cam1_20250109_071121.jpg
crop_7071_pen2_tur_cam1_20250209_084655.jpg,3,pen2_tur_cam1_20250209_084655.jpg
crop_7072_pen1_tur_cam2_20250125_123524.jpg,3,pen1_tur_cam2_20250125_123524.jpg
crop_7073_pen1_tur_cam2_20250125_090830.jpg,3,pen1_tur_cam2_20250125_090830.jpg
crop_7074_pen2_tur_cam1_20250109_080639.jpg,3,pen2_tur_cam1_20250109_080639.jpg
crop_7075_pen2_tur_cam1_20250109_073221.jpg,3,pen2_tur_cam1_20250109_073221.jpg
crop_7076_pen2_tur_cam1_20250120_142217.jpg,3,pen2_tur_cam1_20250120_142217.jpg
crop_7077_pen1_tur_cam2_20250126_113516.jpg,3,pen1_tur_cam2_20250126_113516.jpg
crop_7078_pen2_tur_cam1_20250123_112827.jpg,3,pen2_tur_cam1_20250123_112827.jpg
crop_7079_pen2_tur_cam1_20250109_075218.jpg,3,pen2_tur_cam1_20250109_075218.jpg
crop_7080_pen1_tur_cam2_20250220_073023.jpg,3,pen1_tur_cam2_20250220_073023.jpg
crop_7081_pen2_tur_cam1_20250209_084515.jpg,3,pen2_tur_cam1_20250209_084515.jpg
crop_7082_pen1_tur_cam2_20250125_061816.jpg,3,pen1_tur_cam2_20250125_061816.jpg
crop_7083_pen1_tur_cam2_20250127_143233.jpg,3,pen1_tur_cam2_20250127_143233.jpg
crop_7084_pen2_tur_cam1_20250209_122531.jpg,3,pen2_tur_cam1_20250209_122531.jpg
crop_7085_pen1_tur_cam2_20250125_110839.jpg,3,pen1_tur_cam2_20250125_110839.jpg
crop_7086_pen2_tur_cam1_20250109_073914.jpg,3,pen2_tur_cam1_20250109_073914.jpg
crop_7087_pen1_tur_cam2_20250122_103100.jpg,3,pen1_tur_cam2_20250122_103100.jpg
crop_7088_pen2_orb_cam1_20250108_080630.jpg,3,pen2_orb_cam1_20250108_080630.jpg
crop_7089_pen1_tur_cam2_20250220_085349.jpg,3,pen1_tur_cam2_20250220_085349.jpg
crop_7090_pen2_orb_cam1_20250108_080854.jpg,3,pen2_orb_cam1_20250108_080854.jpg
crop_7091_pen1_tur_cam2_20250125_072838.jpg,3,pen1_tur_cam2_20250125_072838.jpg
crop_7092_pen2_orb_cam1_20250108_081119.jpg,3,pen2_orb_cam1_20250108_081119.jpg
crop_7093_pen2_tur_cam1_20250109_073448.jpg,3,pen2_tur_cam1_20250109_073448.jpg
crop_7094_pen2_orb_cam1_20250108_081134.jpg,3,pen2_orb_cam1_20250108_081134.jpg
crop_7095_pen2_tur_cam1_20250109_080145.jpg,3,pen2_tur_cam1_20250109_080145.jpg
crop_7096_pen2_orb_cam1_20250108_080420.jpg,3,pen2_orb_cam1_20250108_080420.jpg
crop_7097_pen2_tur_cam1_20250109_075101.jpg,3,pen2_tur_cam1_20250109_075101.jpg
crop_7098_pen2_tur_cam1_20250109_071814.jpg,3,pen2_tur_cam1_20250109_071814.jpg
crop_7099_pen2_tur_cam1_20250109_070325.jpg,3,pen2_tur_cam1_20250109_070325.jpg
crop_7100_pen2_tur_cam1_20250109_071416.jpg,3,pen2_tur_cam1_20250109_071416.jpg
crop_7101_pen1_tur_cam2_20250220_102355.jpg,3,pen1_tur_cam2_20250220_102355.jpg
crop_7102_pen1_tur_cam2_20250122_094109.jpg,3,pen1_tur_cam2_20250122_094109.jpg
crop_7103_pen1_tur_cam2_20250203_093907.jpg,3,pen1_tur_cam2_20250203_093907.jpg
crop_7104_pen2_tur_cam1_20250123_132356.jpg,3,pen2_tur_cam1_20250123_132356.jpg
crop_7105_pen2_tur_cam1_20250109_071821.jpg,3,pen2_tur_cam1_20250109_071821.jpg
crop_7106_pen1_tur_cam2_20250207_140439.jpg,3,pen1_tur_cam2_20250207_140439.jpg
crop_7107_pen2_tur_cam1_20250120_085754.jpg,3,pen2_tur_cam1_20250120_085754.jpg
crop_7108_pen1_tur_cam2_20250125_101655.jpg,3,pen1_tur_cam2_20250125_101655.jpg
crop_7109_pen2_orb_cam1_20250108_080954.jpg,3,pen2_orb_cam1_20250108_080954.jpg
crop_7110_pen2_orb_cam2_20250217_130437.jpg,3,pen2_orb_cam2_20250217_130437.jpg
crop_7111_pen2_tur_cam1_20250209_095519.jpg,3,pen2_tur_cam1_20250209_095519.jpg
crop_7112_pen2_tur_cam1_20250120_103441.jpg,3,pen2_tur_cam1_20250120_103441.jpg
crop_7113_pen2_orb_cam1_20250108_082038.jpg,3,pen2_orb_cam1_20250108_082038.jpg
crop_7114_pen2_tur_cam1_20250123_110506.jpg,3,pen2_tur_cam1_20250123_110506.jpg
crop_7115_pen1_tur_cam2_20250126_150520.jpg,3,pen1_tur_cam2_20250126_150520.jpg
crop_7116_pen1_tur_cam2_20250220_071021.jpg,3,pen1_tur_cam2_20250220_071021.jpg
crop_7117_pen1_tur_cam2_20250122_110901.jpg,3,pen1_tur_cam2_20250122_110901.jpg
crop_7118_pen2_tur_cam1_20250109_074258.jpg,3,pen2_tur_cam1_20250109_074258.jpg
crop_7119_pen2_tur_cam1_20250109_070058.jpg,3,pen2_tur_cam1_20250109_070058.jpg
crop_7120_pen1_orb_cam2_20250108_083331.jpg,3,pen1_orb_cam2_20250108_083331.jpg
crop_7121_pen2_tur_cam1_20250109_071416.jpg,3,pen2_tur_cam1_20250109_071416.jpg
crop_7122_pen2_tur_cam1_20250109_071519.jpg,3,pen2_tur_cam1_20250109_071519.jpg
crop_7123_pen2_tur_cam1_20250209_125032.jpg,3,pen2_tur_cam1_20250209_125032.jpg
crop_7124_pen1_tur_cam2_20250125_095154.jpg,3,pen1_tur_cam2_20250125_095154.jpg
crop_7125_pen2_tur_cam1_20250109_072535.jpg,3,pen2_tur_cam1_20250109_072535.jpg
crop_7126_pen2_orb_cam1_20250108_083628.jpg,3,pen2_orb_cam1_20250108_083628.jpg
crop_7127_pen2_tur_cam1_20250109_072741.jpg,3,pen2_tur_cam1_20250109_072741.jpg
crop_7128_pen1_orb_cam2_20250108_090856.jpg,3,pen1_orb_cam2_20250108_090856.jpg
crop_7129_pen2_tur_cam1_20250109_072123.jpg,3,pen2_tur_cam1_20250109_072123.jpg
crop_7130_pen2_tur_cam1_20250209_142540.jpg,3,pen2_tur_cam1_20250209_142540.jpg
crop_7131_pen2_tur_cam1_20250109_071252.jpg,3,pen2_tur_cam1_20250109_071252.jpg
crop_7132_pen2_tur_cam1_20250109_071643.jpg,3,pen2_tur_cam1_20250109_071643.jpg
crop_7133_pen1_orb_cam2_20250108_091202.jpg,3,pen1_orb_cam2_20250108_091202.jpg
crop_7134_pen2_tur_cam1_20250109_080220.jpg,3,pen2_tur_cam1_20250109_080220.jpg
crop_7135_pen2_tur_cam1_20250109_070517.jpg,3,pen2_tur_cam1_20250109_070517.jpg
crop_7136_pen2_tur_cam1_20250109_070613.jpg,3,pen2_tur_cam1_20250109_070613.jpg
crop_7137_pen1_orb_cam2_20250108_080309.jpg,3,pen1_orb_cam2_20250108_080309.jpg
crop_7138_pen1_tur_cam2_20250207_131754.jpg,3,pen1_tur_cam2_20250207_131754.jpg
crop_7139_pen1_tur_cam2_20250203_105911.jpg,3,pen1_tur_cam2_20250203_105911.jpg
crop_7140_pen2_tur_cam1_20250109_072343.jpg,3,pen2_tur_cam1_20250109_072343.jpg
crop_7141_pen1_orb_cam1_20250108_090023.jpg,3,pen1_orb_cam1_20250108_090023.jpg
crop_7142_pen1_tur_cam2_20250220_092030.jpg,3,pen1_tur_cam2_20250220_092030.jpg
crop_7143_pen2_tur_cam1_20250124_091957.jpg,3,pen2_tur_cam1_20250124_091957.jpg
crop_7144_pen2_tur_cam1_20250109_075939.jpg,3,pen2_tur_cam1_20250109_075939.jpg
crop_7145_pen2_tur_cam1_20250109_072336.jpg,3,pen2_tur_cam1_20250109_072336.jpg
crop_7146_pen2_tur_cam1_20250109_071128.jpg,3,pen2_tur_cam1_20250109_071128.jpg
crop_7147_pen2_tur_cam1_20250109_071142.jpg,3,pen2_tur_cam1_20250109_071142.jpg
crop_7148_pen1_orb_cam2_20250108_091448.jpg,3,pen1_orb_cam2_20250108_091448.jpg
crop_7149_pen2_tur_cam1_20250109_071334.jpg,3,pen2_tur_cam1_20250109_071334.jpg
crop_7150_pen2_tur_cam1_20250109_071402.jpg,3,pen2_tur_cam1_20250109_071402.jpg
crop_7151_pen1_tur_cam2_20250201_085931.jpg,3,pen1_tur_cam2_20250201_085931.jpg
crop_7152_pen1_tur_cam2_20250125_125414.jpg,3,pen1_tur_cam2_20250125_125414.jpg
crop_7153_pen2_tur_cam1_20250109_072830.jpg,3,pen2_tur_cam1_20250109_072830.jpg
crop_7154_pen1_tur_cam2_20250122_124055.jpg,3,pen1_tur_cam2_20250122_124055.jpg
crop_7155_pen2_tur_cam1_20250120_145718.jpg,3,pen2_tur_cam1_20250120_145718.jpg
crop_7156_pen1_orb_cam1_20250108_085204.jpg,3,pen1_orb_cam1_20250108_085204.jpg
crop_7157_pen2_tur_cam1_20250209_123030.jpg,3,pen2_tur_cam1_20250209_123030.jpg
crop_7158_pen2_orb_cam1_20250108_090129.jpg,3,pen2_orb_cam1_20250108_090129.jpg
crop_7159_pen2_tur_cam1_20250109_071828.jpg,3,pen2_tur_cam1_20250109_071828.jpg
crop_7160_pen2_tur_cam1_20250209_124532.jpg,3,pen2_tur_cam1_20250209_124532.jpg
crop_7161_pen2_tur_cam1_20250123_103823.jpg,3,pen2_tur_cam1_20250123_103823.jpg
crop_7162_pen2_tur_cam1_20250109_072226.jpg,3,pen2_tur_cam1_20250109_072226.jpg
crop_7163_pen2_tur_cam1_20250123_102503.jpg,3,pen2_tur_cam1_20250123_102503.jpg
crop_7164_pen1_tur_cam2_20250207_122432.jpg,3,pen1_tur_cam2_20250207_122432.jpg
crop_7165_pen1_tur_cam2_20250122_101019.jpg,3,pen1_tur_cam2_20250122_101019.jpg
crop_7166_pen1_tur_cam2_20250122_112941.jpg,3,pen1_tur_cam2_20250122_112941.jpg
crop_7167_pen1_tur_cam2_20250207_134257.jpg,3,pen1_tur_cam2_20250207_134257.jpg
crop_7168_pen1_tur_cam2_20250220_090530.jpg,3,pen1_tur_cam2_20250220_090530.jpg
crop_7169_pen2_tur_cam1_20250109_080302.jpg,3,pen2_tur_cam1_20250109_080302.jpg
crop_7170_pen2_tur_cam1_20250123_135247.jpg,3,pen2_tur_cam1_20250123_135247.jpg
crop_7171_pen2_tur_cam1_20250120_142847.jpg,3,pen2_tur_cam1_20250120_142847.jpg
crop_7172_pen2_orb_cam1_20250108_080355.jpg,3,pen2_orb_cam1_20250108_080355.jpg
crop_7173_pen2_tur_cam1_20250109_070105.jpg,3,pen2_tur_cam1_20250109_070105.jpg
crop_7174_pen2_tur_cam1_20250120_094758.jpg,3,pen2_tur_cam1_20250120_094758.jpg
crop_7175_pen2_tur_cam1_20250109_075150.jpg,3,pen2_tur_cam1_20250109_075150.jpg
crop_7176_pen2_tur_cam1_20250123_145958.jpg,3,pen2_tur_cam1_20250123_145958.jpg
crop_7177_pen2_tur_cam1_20250109_070847.jpg,3,pen2_tur_cam1_20250109_070847.jpg
crop_7178_pen2_tur_cam1_20250120_141228.jpg,3,pen2_tur_cam1_20250120_141228.jpg
crop_7179_pen2_orb_cam1_20250108_080924.jpg,3,pen2_orb_cam1_20250108_080924.jpg
crop_7180_pen2_orb_cam1_20250108_084239.jpg,3,pen2_orb_cam1_20250108_084239.jpg
crop_7181_pen2_tur_cam1_20250120_120306.jpg,3,pen2_tur_cam1_20250120_120306.jpg
crop_7182_pen1_tur_cam2_20250126_114346.jpg,3,pen1_tur_cam2_20250126_114346.jpg
crop_7183_pen2_tur_cam1_20250123_123012.jpg,3,pen2_tur_cam1_20250123_123012.jpg
crop_7184_pen2_tur_cam1_20250109_071807.jpg,3,pen2_tur_cam1_20250109_071807.jpg
crop_7185_pen2_tur_cam1_20250123_145447.jpg,3,pen2_tur_cam1_20250123_145447.jpg
crop_7186_pen1_tur_cam2_20250126_120907.jpg,3,pen1_tur_cam2_20250126_120907.jpg
crop_7187_pen2_tur_cam1_20250209_120209.jpg,3,pen2_tur_cam1_20250209_120209.jpg
crop_7188_pen1_tur_cam2_20250125_144858.jpg,3,pen1_tur_cam2_20250125_144858.jpg
crop_7189_pen1_tur_cam2_20250201_091141.jpg,3,pen1_tur_cam2_20250201_091141.jpg
crop_7190_pen1_orb_cam2_20250108_090346.jpg,3,pen1_orb_cam2_20250108_090346.jpg
crop_7191_pen1_tur_cam1_20250201_092201.jpg,3,pen1_tur_cam1_20250201_092201.jpg
crop_7192_pen2_orb_cam1_20250108_081846.jpg,3,pen2_orb_cam1_20250108_081846.jpg
crop_7193_pen2_tur_cam1_20250120_133343.jpg,3,pen2_tur_cam1_20250120_133343.jpg
crop_7194_pen2_tur_cam1_20250209_083654.jpg,3,pen2_tur_cam1_20250209_083654.jpg
crop_7195_pen1_tur_cam2_20250122_130056.jpg,3,pen1_tur_cam2_20250122_130056.jpg
crop_7196_pen2_tur_cam1_20250109_070400.jpg,3,pen2_tur_cam1_20250109_070400.jpg
crop_7197_pen1_tur_cam2_20250125_123844.jpg,3,pen1_tur_cam2_20250125_123844.jpg
crop_7198_pen2_tur_cam1_20250120_130159.jpg,3,pen2_tur_cam1_20250120_130159.jpg
crop_7199_pen2_tur_cam1_20250109_070229.jpg,3,pen2_tur_cam1_20250109_070229.jpg
crop_7200_pen1_tur_cam2_20250125_125924.jpg,3,pen1_tur_cam2_20250125_125924.jpg
crop_7201_pen2_tur_cam1_20250109_074312.jpg,3,pen2_tur_cam1_20250109_074312.jpg
crop_7202_pen1_tur_cam2_20250220_072343.jpg,3,pen1_tur_cam2_20250220_072343.jpg
crop_7203_pen2_tur_cam1_20250109_075452.jpg,3,pen2_tur_cam1_20250109_075452.jpg
crop_7204_pen2_tur_cam1_20250109_080501.jpg,3,pen2_tur_cam1_20250109_080501.jpg
crop_7205_pen2_tur_cam1_20250109_070730.jpg,3,pen2_tur_cam1_20250109_070730.jpg
crop_7206_pen2_tur_cam1_20250109_072151.jpg,3,pen2_tur_cam1_20250109_072151.jpg
crop_7207_pen2_tur_cam1_20250109_072755.jpg,3,pen2_tur_cam1_20250109_072755.jpg
crop_7208_pen1_tur_cam2_20250203_110051.jpg,3,pen1_tur_cam2_20250203_110051.jpg
crop_7209_pen1_tur_cam2_20250203_095047.jpg,3,pen1_tur_cam2_20250203_095047.jpg
crop_7210_pen1_tur_cam2_20250126_082349.jpg,3,pen1_tur_cam2_20250126_082349.jpg
crop_7211_pen2_tur_cam1_20250120_104302.jpg,3,pen2_tur_cam1_20250120_104302.jpg
crop_7212_pen2_tur_cam1_20250109_071849.jpg,3,pen2_tur_cam1_20250109_071849.jpg
crop_7213_pen2_tur_cam1_20250120_143347.jpg,3,pen2_tur_cam1_20250120_143347.jpg
crop_7214_pen2_orb_cam1_20250108_082009.jpg,3,pen2_orb_cam1_20250108_082009.jpg
crop_7215_pen2_tur_cam1_20250123_124013.jpg,3,pen2_tur_cam1_20250123_124013.jpg
crop_7216_pen2_orb_cam1_20250108_080635.jpg,3,pen2_orb_cam1_20250108_080635.jpg
crop_7217_pen2_tur_cam1_20250109_072947.jpg,3,pen2_tur_cam1_20250109_072947.jpg
crop_7218_pen2_orb_cam1_20250108_081409.jpg,3,pen2_orb_cam1_20250108_081409.jpg
crop_7219_pen2_tur_cam1_20250109_073427.jpg,3,pen2_tur_cam1_20250109_073427.jpg
crop_7220_pen2_orb_cam1_20250108_082830.jpg,3,pen2_orb_cam1_20250108_082830.jpg
crop_7221_pen1_tur_cam2_20250203_095907.jpg,3,pen1_tur_cam2_20250203_095907.jpg
crop_7222_pen2_tur_cam1_20250109_070400.jpg,3,pen2_tur_cam1_20250109_070400.jpg
crop_7223_pen1_orb_cam2_20250108_090331.jpg,3,pen1_orb_cam2_20250108_090331.jpg
crop_7224_pen1_tur_cam2_20250220_095353.jpg,3,pen1_tur_cam2_20250220_095353.jpg
crop_7225_pen2_tur_cam1_20250209_135718.jpg,3,pen2_tur_cam1_20250209_135718.jpg
crop_7226_pen1_tur_cam2_20250125_111339.jpg,3,pen1_tur_cam2_20250125_111339.jpg
crop_7227_pen2_tur_cam1_20250109_070332.jpg,3,pen2_tur_cam1_20250109_070332.jpg
crop_7228_pen1_tur_cam2_20250126_140055.jpg,3,pen1_tur_cam2_20250126_140055.jpg
crop_7229_pen2_tur_cam1_20250109_071800.jpg,3,pen2_tur_cam1_20250109_071800.jpg
crop_7230_pen2_tur_cam1_20250120_104802.jpg,3,pen2_tur_cam1_20250120_104802.jpg
crop_7231_pen2_tur_cam1_20250109_072233.jpg,3,pen2_tur_cam1_20250109_072233.jpg
crop_7232_pen1_tur_cam2_20250122_135600.jpg,3,pen1_tur_cam2_20250122_135600.jpg
crop_7233_pen2_orb_cam2_20250217_125913.jpg,3,pen2_orb_cam2_20250217_125913.jpg
crop_7234_pen2_tur_cam1_20250109_071444.jpg,3,pen2_tur_cam1_20250109_071444.jpg
crop_7235_pen2_orb_cam1_20250108_081959.jpg,3,pen2_orb_cam1_20250108_081959.jpg
crop_7236_pen1_orb_cam1_20250108_085652.jpg,3,pen1_orb_cam1_20250108_085652.jpg
crop_7237_pen2_tur_cam1_20250109_072034.jpg,3,pen2_tur_cam1_20250109_072034.jpg
crop_7238_pen1_tur_cam2_20250125_145719.jpg,3,pen1_tur_cam2_20250125_145719.jpg
crop_7239_pen2_tur_cam1_20250109_071327.jpg,3,pen2_tur_cam1_20250109_071327.jpg
crop_7240_pen2_tur_cam1_20250109_075253.jpg,3,pen2_tur_cam1_20250109_075253.jpg
crop_7241_pen1_orb_cam2_20250108_131838.jpg,3,pen1_orb_cam2_20250108_131838.jpg
crop_7242_pen2_tur_cam1_20250120_105442.jpg,3,pen2_tur_cam1_20250120_105442.jpg
crop_7243_pen2_tur_cam1_20250209_105523.jpg,3,pen2_tur_cam1_20250209_105523.jpg
crop_7244_pen2_tur_cam1_20250109_074546.jpg,3,pen2_tur_cam1_20250109_074546.jpg
crop_7245_pen2_tur_cam1_20250109_071238.jpg,3,pen2_tur_cam1_20250109_071238.jpg
crop_7246_pen1_tur_cam2_20250126_120907.jpg,3,pen1_tur_cam2_20250126_120907.jpg
crop_7247_pen2_tur_cam1_20250109_073715.jpg,3,pen2_tur_cam1_20250109_073715.jpg
crop_7248_pen1_tur_cam2_20250125_142356.jpg,3,pen1_tur_cam2_20250125_142356.jpg
crop_7249_pen1_tur_cam2_20250126_134414.jpg,3,pen1_tur_cam2_20250126_134414.jpg
crop_7250_pen2_tur_cam1_20250109_073228.jpg,3,pen2_tur_cam1_20250109_073228.jpg
crop_7251_pen1_tur_cam2_20250220_074344.jpg,3,pen1_tur_cam2_20250220_074344.jpg
crop_7252_pen2_tur_cam1_20250109_075623.jpg,3,pen2_tur_cam1_20250109_075623.jpg
crop_7253_pen1_tur_cam2_20250126_090852.jpg,3,pen1_tur_cam2_20250126_090852.jpg
crop_7254_pen2_tur_cam1_20250109_072130.jpg,3,pen2_tur_cam1_20250109_072130.jpg
crop_7255_pen2_orb_cam1_20250108_081609.jpg,3,pen2_orb_cam1_20250108_081609.jpg
crop_7256_pen2_tur_cam1_20250109_072535.jpg,3,pen2_tur_cam1_20250109_072535.jpg
crop_7257_pen1_tur_cam2_20250203_114554.jpg,3,pen1_tur_cam2_20250203_114554.jpg
crop_7258_pen2_tur_cam1_20250209_090156.jpg,3,pen2_tur_cam1_20250209_090156.jpg
crop_7259_pen1_tur_cam2_20250126_085851.jpg,3,pen1_tur_cam2_20250126_085851.jpg
crop_7260_pen2_tur_cam1_20250209_073650.jpg,3,pen2_tur_cam1_20250209_073650.jpg
crop_7261_pen2_tur_cam1_20250109_075815.jpg,3,pen2_tur_cam1_20250109_075815.jpg
crop_7262_pen1_tur_cam2_20250220_072523.jpg,3,pen1_tur_cam2_20250220_072523.jpg
crop_7263_pen2_tur_cam1_20250109_071718.jpg,3,pen2_tur_cam1_20250109_071718.jpg
crop_7264_pen2_tur_cam1_20250209_134717.jpg,3,pen2_tur_cam1_20250209_134717.jpg
crop_7265_pen1_tur_cam2_20250125_142856.jpg,3,pen1_tur_cam2_20250125_142856.jpg
crop_7266_pen2_tur_cam1_20250109_075911.jpg,3,pen2_tur_cam1_20250109_075911.jpg
crop_7267_pen1_tur_cam2_20250122_105650.jpg,3,pen1_tur_cam2_20250122_105650.jpg
crop_7268_pen1_tur_cam2_20250220_085349.jpg,3,pen1_tur_cam2_20250220_085349.jpg
crop_7269_pen2_tur_cam1_20250109_073921.jpg,3,pen2_tur_cam1_20250109_073921.jpg
crop_7270_pen2_orb_cam1_20250108_083713.jpg,3,pen2_orb_cam1_20250108_083713.jpg
crop_7271_pen2_tur_cam1_20250109_071718.jpg,3,pen2_tur_cam1_20250109_071718.jpg
crop_7272_pen2_tur_cam1_20250109_080529.jpg,3,pen2_tur_cam1_20250109_080529.jpg
crop_7273_pen2_orb_cam1_20250108_081029.jpg,3,pen2_orb_cam1_20250108_081029.jpg
crop_7274_pen1_tur_cam2_20250125_101155.jpg,3,pen1_tur_cam2_20250125_101155.jpg
crop_7275_pen2_tur_cam1_20250109_071952.jpg,3,pen2_tur_cam1_20250109_071952.jpg
crop_7276_pen1_tur_cam2_20250122_120912.jpg,3,pen1_tur_cam2_20250122_120912.jpg
crop_7277_pen2_tur_cam1_20250123_145127.jpg,3,pen2_tur_cam1_20250123_145127.jpg
crop_7278_pen2_tur_cam1_20250109_070716.jpg,3,pen2_tur_cam1_20250109_070716.jpg
crop_7279_pen2_tur_cam1_20250109_070702.jpg,3,pen2_tur_cam1_20250109_070702.jpg
crop_7280_pen2_tur_cam1_20250209_074010.jpg,3,pen2_tur_cam1_20250209_074010.jpg
crop_7281_pen2_tur_cam1_20250109_074052.jpg,3,pen2_tur_cam1_20250109_074052.jpg
crop_7282_pen1_orb_cam1_20250108_085711.jpg,3,pen1_orb_cam1_20250108_085711.jpg
crop_7283_pen2_tur_cam1_20250109_080056.jpg,3,pen2_tur_cam1_20250109_080056.jpg
crop_7284_pen1_tur_cam2_20250125_122824.jpg,3,pen1_tur_cam2_20250125_122824.jpg
crop_7285_pen2_tur_cam1_20250109_071725.jpg,3,pen2_tur_cam1_20250109_071725.jpg
crop_7286_pen1_tur_cam2_20250207_121932.jpg,3,pen1_tur_cam2_20250207_121932.jpg
crop_7287_pen2_tur_cam1_20250109_073839.jpg,3,pen2_tur_cam1_20250109_073839.jpg
crop_7288_pen1_tur_cam2_20250203_112553.jpg,3,pen1_tur_cam2_20250203_112553.jpg
crop_7289_pen2_tur_cam1_20250209_135538.jpg,3,pen2_tur_cam1_20250209_135538.jpg
crop_7290_pen2_tur_cam1_20250109_070051.jpg,3,pen2_tur_cam1_20250109_070051.jpg
crop_7291_pen2_tur_cam1_20250109_080618.jpg,3,pen2_tur_cam1_20250109_080618.jpg
crop_7292_pen1_tur_cam2_20250125_062317.jpg,3,pen1_tur_cam2_20250125_062317.jpg
crop_7293_pen2_tur_cam1_20250109_070318.jpg,3,pen2_tur_cam1_20250109_070318.jpg
crop_7294_pen1_tur_cam2_20250125_144217.jpg,3,pen1_tur_cam2_20250125_144217.jpg
crop_7295_pen2_tur_cam1_20250109_071835.jpg,3,pen2_tur_cam1_20250109_071835.jpg
crop_7296_pen2_orb_cam1_20250108_080839.jpg,3,pen2_orb_cam1_20250108_080839.jpg
crop_7297_pen2_tur_cam1_20250109_070929.jpg,3,pen2_tur_cam1_20250109_070929.jpg
crop_7298_pen2_tur_cam1_20250109_075211.jpg,3,pen2_tur_cam1_20250109_075211.jpg
crop_7299_pen2_tur_cam1_20250209_140718.jpg,4,pen2_tur_cam1_20250209_140718.jpg
crop_7300_pen2_orb_cam1_20250108_084135.jpg,4,pen2_orb_cam1_20250108_084135.jpg
crop_7301_pen2_orb_cam1_20250108_084408.jpg,4,pen2_orb_cam1_20250108_084408.jpg
crop_7302_pen1_tur_cam2_20250125_103656.jpg,4,pen1_tur_cam2_20250125_103656.jpg
crop_7303_pen2_tur_cam1_20250109_075225.jpg,4,pen2_tur_cam1_20250109_075225.jpg
crop_7304_pen1_orb_cam2_20250108_090835.jpg,4,pen1_orb_cam2_20250108_090835.jpg
crop_7305_pen1_tur_cam2_20250220_103036.jpg,4,pen1_tur_cam2_20250220_103036.jpg
crop_7306_pen1_tur_cam2_20250122_130056.jpg,4,pen1_tur_cam2_20250122_130056.jpg
crop_7307_pen1_tur_cam2_20250122_091858.jpg,4,pen1_tur_cam2_20250122_091858.jpg
crop_7308_pen2_orb_cam1_20250108_085040.jpg,4,pen2_orb_cam1_20250108_085040.jpg
crop_7309_pen1_tur_cam2_20250207_134438.jpg,4,pen1_tur_cam2_20250207_134438.jpg
crop_7310_pen1_tur_cam2_20250122_102740.jpg,4,pen1_tur_cam2_20250122_102740.jpg
crop_7311_pen2_tur_cam1_20250109_070229.jpg,4,pen2_tur_cam1_20250109_070229.jpg
crop_7312_pen1_tur_cam2_20250126_153810.jpg,4,pen1_tur_cam2_20250126_153810.jpg
crop_7313_pen1_orb_cam2_20250108_091202.jpg,4,pen1_orb_cam2_20250108_091202.jpg
crop_7314_pen1_tur_cam2_20250125_070758.jpg,4,pen1_tur_cam2_20250125_070758.jpg
crop_7315_pen1_tur_cam2_20250125_090830.jpg,4,pen1_tur_cam2_20250125_090830.jpg
crop_7316_pen2_tur_cam1_20250109_074607.jpg,4,pen2_tur_cam1_20250109_074607.jpg
crop_7317_pen2_orb_cam1_20250108_080500.jpg,4,pen2_orb_cam1_20250108_080500.jpg
crop_7318_pen1_tur_cam2_20250127_112826.jpg,4,pen1_tur_cam2_20250127_112826.jpg
crop_7319_pen2_tur_cam1_20250209_122710.jpg,4,pen2_tur_cam1_20250209_122710.jpg
crop_7320_pen1_tur_cam2_20250125_145359.jpg,4,pen1_tur_cam2_20250125_145359.jpg
crop_7321_pen2_tur_cam1_20250109_072748.jpg,4,pen2_tur_cam1_20250109_072748.jpg
crop_7322_pen1_tur_cam2_20250126_071344.jpg,4,pen1_tur_cam2_20250126_071344.jpg
crop_7323_pen2_tur_cam1_20250109_073626.jpg,4,pen2_tur_cam1_20250109_073626.jpg
crop_7324_pen1_orb_cam2_20250108_085717.jpg,4,pen1_orb_cam2_20250108_085717.jpg
crop_7325_pen2_orb_cam1_20250108_083805.jpg,4,pen2_orb_cam1_20250108_083805.jpg
crop_7326_pen1_tur_cam1_20250201_091501.jpg,4,pen1_tur_cam1_20250201_091501.jpg
crop_7327_pen1_tur_cam2_20250125_091652.jpg,4,pen1_tur_cam2_20250125_091652.jpg
crop_7328_pen2_tur_cam1_20250209_130034.jpg,4,pen2_tur_cam1_20250209_130034.jpg
crop_7329_pen2_tur_cam1_20250209_113027.jpg,4,pen2_tur_cam1_20250209_113027.jpg
crop_7330_pen2_tur_cam1_20250123_114328.jpg,4,pen2_tur_cam1_20250123_114328.jpg
crop_7331_pen2_tur_cam1_20250109_075300.jpg,4,pen2_tur_cam1_20250109_075300.jpg
crop_7332_pen2_orb_cam1_20250108_085023.jpg,4,pen2_orb_cam1_20250108_085023.jpg
crop_7333_pen2_tur_cam1_20250109_080440.jpg,4,pen2_tur_cam1_20250109_080440.jpg
crop_7334_pen2_tur_cam1_20250209_104203.jpg,4,pen2_tur_cam1_20250209_104203.jpg
crop_7335_pen1_tur_cam2_20250125_070948.jpg,4,pen1_tur_cam2_20250125_070948.jpg
crop_7336_pen1_tur_cam2_20250127_160028.jpg,4,pen1_tur_cam2_20250127_160028.jpg
crop_7337_pen2_tur_cam1_20250109_080756.jpg,4,pen2_tur_cam1_20250109_080756.jpg
crop_7338_pen1_tur_cam2_20250126_104845.jpg,4,pen1_tur_cam2_20250126_104845.jpg
crop_7339_pen2_orb_cam1_20250108_083511.jpg,4,pen2_orb_cam1_20250108_083511.jpg
crop_7340_pen1_tur_cam2_20250122_140101.jpg,4,pen1_tur_cam2_20250122_140101.jpg
crop_7341_pen1_tur_cam2_20250126_082531.jpg,4,pen1_tur_cam2_20250126_082531.jpg
crop_7342_pen1_tur_cam2_20250122_110711.jpg,4,pen1_tur_cam2_20250122_110711.jpg
crop_7343_pen2_tur_cam1_20250109_075101.jpg,4,pen2_tur_cam1_20250109_075101.jpg
crop_7344_pen2_orb_cam1_20250108_081509.jpg,4,pen2_orb_cam1_20250108_081509.jpg
crop_7345_pen2_tur_cam1_20250109_074745.jpg,4,pen2_tur_cam1_20250109_074745.jpg
crop_7346_pen1_tur_cam2_20250126_084030.jpg,4,pen1_tur_cam2_20250126_084030.jpg
crop_7347_pen1_tur_cam2_20250125_131134.jpg,4,pen1_tur_cam2_20250125_131134.jpg
crop_7348_pen1_tur_cam2_20250125_063657.jpg,4,pen1_tur_cam2_20250125_063657.jpg
crop_7349_pen2_tur_cam1_20250120_105802.jpg,4,pen2_tur_cam1_20250120_105802.jpg
crop_7350_pen1_orb_cam2_20250108_091213.jpg,4,pen1_orb_cam2_20250108_091213.jpg
crop_7351_pen2_tur_cam1_20250123_114829.jpg,4,pen2_tur_cam1_20250123_114829.jpg
crop_7352_pen2_orb_cam1_20250108_081250.jpg,4,pen2_orb_cam1_20250108_081250.jpg
crop_7353_pen2_tur_cam1_20250123_141517.jpg,4,pen2_tur_cam1_20250123_141517.jpg
crop_7354_pen2_tur_cam1_20250209_090516.jpg,4,pen2_tur_cam1_20250209_090516.jpg
crop_7355_pen1_tur_cam2_20250127_134753.jpg,4,pen1_tur_cam2_20250127_134753.jpg
crop_7356_pen2_tur_cam1_20250109_080316.jpg,4,pen2_tur_cam1_20250109_080316.jpg
crop_7357_pen2_tur_cam1_20250209_073650.jpg,4,pen2_tur_cam1_20250209_073650.jpg
crop_7358_pen2_orb_cam1_20250108_084635.jpg,4,pen2_orb_cam1_20250108_084635.jpg
crop_7359_pen2_orb_cam1_20250108_084938.jpg,4,pen2_orb_cam1_20250108_084938.jpg
crop_7360_pen2_tur_cam1_20250109_074944.jpg,4,pen2_tur_cam1_20250109_074944.jpg
crop_7361_pen1_tur_cam2_20250127_115508.jpg,4,pen1_tur_cam2_20250127_115508.jpg
crop_7362_pen1_tur_cam2_20250122_130417.jpg,4,pen1_tur_cam2_20250122_130417.jpg
crop_7363_pen2_tur_cam1_20250109_074209.jpg,4,pen2_tur_cam1_20250109_074209.jpg
crop_7364_pen1_orb_cam2_20250108_085732.jpg,4,pen1_orb_cam2_20250108_085732.jpg
crop_7365_pen2_orb_cam1_20250108_084938.jpg,4,pen2_orb_cam1_20250108_084938.jpg
crop_7366_pen2_tur_cam1_20250109_073331.jpg,4,pen2_tur_cam1_20250109_073331.jpg
crop_7367_pen2_tur_cam1_20250123_135947.jpg,4,pen2_tur_cam1_20250123_135947.jpg
crop_7368_pen2_tur_cam1_20250120_081752.jpg,4,pen2_tur_cam1_20250120_081752.jpg
crop_7369_pen1_tur_cam2_20250125_132515.jpg,4,pen1_tur_cam2_20250125_132515.jpg
crop_7370_pen1_tur_cam2_20250127_103502.jpg,4,pen1_tur_cam2_20250127_103502.jpg
crop_7371_pen1_tur_cam2_20250125_141657.jpg,4,pen1_tur_cam2_20250125_141657.jpg
crop_7372_pen2_orb_cam1_20250108_082434.jpg,4,pen2_orb_cam1_20250108_082434.jpg
crop_7373_pen2_tur_cam1_20250109_073544.jpg,4,pen2_tur_cam1_20250109_073544.jpg
crop_7374_pen2_tur_cam1_20250209_122531.jpg,4,pen2_tur_cam1_20250209_122531.jpg
crop_7375_pen2_orb_cam1_20250108_083601.jpg,4,pen2_orb_cam1_20250108_083601.jpg
crop_7376_pen2_orb_cam1_20250108_080944.jpg,4,pen2_orb_cam1_20250108_080944.jpg
crop_7377_pen2_orb_cam1_20250108_084542.jpg,4,pen2_orb_cam1_20250108_084542.jpg
crop_7378_pen1_orb_cam2_20250108_090406.jpg,4,pen1_orb_cam2_20250108_090406.jpg
crop_7379_pen2_tur_cam1_20250109_074244.jpg,4,pen2_tur_cam1_20250109_074244.jpg
crop_7380_pen2_tur_cam1_20250109_073139.jpg,4,pen2_tur_cam1_20250109_073139.jpg
crop_7381_pen1_tur_cam2_20250125_125054.jpg,4,pen1_tur_cam2_20250125_125054.jpg
crop_7382_pen1_tur_cam2_20250125_145359.jpg,4,pen1_tur_cam2_20250125_145359.jpg
crop_7383_pen2_tur_cam1_20250109_080508.jpg,4,pen2_tur_cam1_20250109_080508.jpg
crop_7384_pen2_orb_cam1_20250108_083240.jpg,4,pen2_orb_cam1_20250108_083240.jpg
crop_7385_pen2_tur_cam1_20250109_075623.jpg,4,pen2_tur_cam1_20250109_075623.jpg
crop_7386_pen2_tur_cam1_20250120_112304.jpg,4,pen2_tur_cam1_20250120_112304.jpg
crop_7387_pen1_tur_cam2_20250127_150844.jpg,4,pen1_tur_cam2_20250127_150844.jpg
crop_7388_pen1_tur_cam2_20250122_103800.jpg,4,pen1_tur_cam2_20250122_103800.jpg
crop_7389_pen1_tur_cam2_20250127_153526.jpg,4,pen1_tur_cam2_20250127_153526.jpg
crop_7390_pen1_orb_cam1_20250108_085627.jpg,4,pen1_orb_cam1_20250108_085627.jpg
crop_7391_pen1_tur_cam2_20250125_084100.jpg,4,pen1_tur_cam2_20250125_084100.jpg
crop_7392_pen2_tur_cam1_20250209_103702.jpg,4,pen2_tur_cam1_20250209_103702.jpg
crop_7393_pen2_orb_cam1_20250108_083421.jpg,4,pen2_orb_cam1_20250108_083421.jpg
crop_7394_pen2_tur_cam1_20250109_071128.jpg,4,pen2_tur_cam1_20250109_071128.jpg
crop_7395_pen1_tur_cam2_20250220_094532.jpg,4,pen1_tur_cam2_20250220_094532.jpg
crop_7396_pen2_tur_cam1_20250109_073804.jpg,4,pen2_tur_cam1_20250109_073804.jpg
crop_7397_pen2_tur_cam1_20250209_144721.jpg,4,pen2_tur_cam1_20250209_144721.jpg
crop_7398_pen2_tur_cam1_20250109_071046.jpg,4,pen2_tur_cam1_20250109_071046.jpg
crop_7399_pen2_tur_cam1_20250209_111206.jpg,4,pen2_tur_cam1_20250209_111206.jpg
crop_7400_pen2_orb_cam1_20250108_081359.jpg,4,pen2_orb_cam1_20250108_081359.jpg
crop_7401_pen2_tur_cam1_20250109_071711.jpg,4,pen2_tur_cam1_20250109_071711.jpg
crop_7402_pen2_tur_cam1_20250109_075850.jpg,4,pen2_tur_cam1_20250109_075850.jpg
crop_7403_pen2_tur_cam1_20250109_080604.jpg,4,pen2_tur_cam1_20250109_080604.jpg
crop_7404_pen1_tur_cam2_20250125_094153.jpg,4,pen1_tur_cam2_20250125_094153.jpg
crop_7405_pen2_tur_cam1_20250109_075150.jpg,4,pen2_tur_cam1_20250109_075150.jpg
crop_7406_pen2_tur_cam1_20250109_073125.jpg,4,pen2_tur_cam1_20250109_073125.jpg
crop_7407_pen1_tur_cam2_20250122_135420.jpg,4,pen1_tur_cam2_20250122_135420.jpg
crop_7408_pen1_tur_cam2_20250127_155848.jpg,4,pen1_tur_cam2_20250127_155848.jpg
crop_7409_pen2_tur_cam1_20250109_070051.jpg,4,pen2_tur_cam1_20250109_070051.jpg
crop_7410_pen1_tur_cam2_20250127_155848.jpg,4,pen1_tur_cam2_20250127_155848.jpg
crop_7411_pen2_tur_cam1_20250109_074258.jpg,4,pen2_tur_cam1_20250109_074258.jpg
crop_7412_pen1_tur_cam2_20250220_083027.jpg,4,pen1_tur_cam2_20250220_083027.jpg
crop_7413_pen2_tur_cam1_20250109_072802.jpg,4,pen2_tur_cam1_20250109_072802.jpg
crop_7414_pen2_orb_cam1_20250108_083411.jpg,4,pen2_orb_cam1_20250108_083411.jpg
crop_7415_pen2_tur_cam1_20250120_082933.jpg,4,pen2_tur_cam1_20250120_082933.jpg
crop_7416_pen1_tur_cam2_20250126_122048.jpg,4,pen1_tur_cam2_20250126_122048.jpg
crop_7417_pen2_tur_cam1_20250109_073914.jpg,4,pen2_tur_cam1_20250109_073914.jpg
crop_7418_pen1_orb_cam2_20250108_085542.jpg,4,pen1_orb_cam2_20250108_085542.jpg
crop_7419_pen2_tur_cam1_20250209_094519.jpg,4,pen2_tur_cam1_20250209_094519.jpg
crop_7420_pen2_tur_cam1_20250120_141228.jpg,4,pen2_tur_cam1_20250120_141228.jpg
crop_7421_pen2_tur_cam1_20250109_075829.jpg,4,pen2_tur_cam1_20250109_075829.jpg
crop_7422_pen1_tur_cam2_20250122_110901.jpg,4,pen1_tur_cam2_20250122_110901.jpg
crop_7423_pen1_tur_cam2_20250220_093351.jpg,4,pen1_tur_cam2_20250220_093351.jpg
crop_7424_pen2_tur_cam1_20250109_074237.jpg,4,pen2_tur_cam1_20250109_074237.jpg
crop_7425_pen1_orb_cam2_20250108_085531.jpg,4,pen1_orb_cam2_20250108_085531.jpg
crop_7426_pen2_tur_cam1_20250209_085015.jpg,4,pen2_tur_cam1_20250209_085015.jpg
crop_7427_pen2_orb_cam1_20250108_090129.jpg,4,pen2_orb_cam1_20250108_090129.jpg
crop_7428_pen2_orb_cam1_20250108_082305.jpg,4,pen2_orb_cam1_20250108_082305.jpg
crop_7429_pen1_tur_cam2_20250127_165532.jpg,4,pen1_tur_cam2_20250127_165532.jpg
crop_7430_pen1_tur_cam2_20250125_094333.jpg,4,pen1_tur_cam2_20250125_094333.jpg
crop_7431_pen2_orb_cam1_20250108_084800.jpg,4,pen2_orb_cam1_20250108_084800.jpg
crop_7432_pen2_orb_cam1_20250108_080545.jpg,4,pen2_orb_cam1_20250108_080545.jpg
crop_7433_pen1_tur_cam2_20250220_075845.jpg,4,pen1_tur_cam2_20250220_075845.jpg
crop_7434_pen1_tur_cam2_20250125_061135.jpg,4,pen1_tur_cam2_20250125_061135.jpg
crop_7435_pen1_tur_cam2_20250126_104845.jpg,4,pen1_tur_cam2_20250126_104845.jpg
crop_7436_pen1_tur_cam2_20250127_134603.jpg,4,pen1_tur_cam2_20250127_134603.jpg
crop_7437_pen2_tur_cam1_20250209_094018.jpg,4,pen2_tur_cam1_20250209_094018.jpg
crop_7438_pen2_tur_cam1_20250109_072933.jpg,4,pen2_tur_cam1_20250109_072933.jpg
crop_7439_pen1_tur_cam2_20250125_075619.jpg,4,pen1_tur_cam2_20250125_075619.jpg
crop_7440_pen1_orb_cam2_20250108_091259.jpg,4,pen1_orb_cam2_20250108_091259.jpg
crop_7441_pen2_tur_cam1_20250120_075930.jpg,4,pen2_tur_cam1_20250120_075930.jpg
crop_7442_pen1_orb_cam2_20250108_085939.jpg,4,pen1_orb_cam2_20250108_085939.jpg
crop_7443_pen2_tur_cam1_20250124_091136.jpg,4,pen2_tur_cam1_20250124_091136.jpg
crop_7444_pen1_orb_cam2_20250108_085959.jpg,4,pen1_orb_cam2_20250108_085959.jpg
crop_7445_pen2_tur_cam1_20250109_070044.jpg,4,pen2_tur_cam1_20250109_070044.jpg
crop_7446_pen2_tur_cam1_20250109_075932.jpg,4,pen2_tur_cam1_20250109_075932.jpg
crop_7447_pen2_tur_cam1_20250123_104504.jpg,4,pen2_tur_cam1_20250123_104504.jpg
crop_7448_pen1_tur_cam2_20250220_091530.jpg,4,pen1_tur_cam2_20250220_091530.jpg
crop_7449_pen2_orb_cam1_20250108_085605.jpg,4,pen2_orb_cam1_20250108_085605.jpg
crop_7450_pen1_tur_cam2_20250125_124904.jpg,4,pen1_tur_cam2_20250125_124904.jpg
crop_7451_pen2_orb_cam1_20250108_083959.jpg,4,pen2_orb_cam1_20250108_083959.jpg
crop_7452_pen1_tur_cam2_20250127_103502.jpg,4,pen1_tur_cam2_20250127_103502.jpg
crop_7453_pen2_orb_cam1_20250108_081409.jpg,4,pen2_orb_cam1_20250108_081409.jpg
crop_7454_pen2_tur_cam1_20250109_075801.jpg,4,pen2_tur_cam1_20250109_075801.jpg
crop_7455_pen1_tur_cam2_20250122_133058.jpg,4,pen1_tur_cam2_20250122_133058.jpg
crop_7456_pen1_tur_cam2_20250125_065928.jpg,4,pen1_tur_cam2_20250125_065928.jpg
crop_7457_pen1_tur_cam2_20250203_112913.jpg,4,pen1_tur_cam2_20250203_112913.jpg
crop_7458_pen2_orb_cam1_20250108_084821.jpg,4,pen2_orb_cam1_20250108_084821.jpg
crop_7459_pen1_tur_cam2_20250125_061315.jpg,4,pen1_tur_cam2_20250125_061315.jpg
crop_7460_pen1_tur_cam2_20250127_115828.jpg,4,pen1_tur_cam2_20250127_115828.jpg
crop_7461_pen2_orb_cam1_20250108_085005.jpg,4,pen2_orb_cam1_20250108_085005.jpg
crop_7462_pen1_tur_cam2_20250127_105323.jpg,4,pen1_tur_cam2_20250127_105323.jpg
crop_7463_pen2_tur_cam1_20250120_130341.jpg,4,pen2_tur_cam1_20250120_130341.jpg
crop_7464_pen1_tur_cam2_20250207_130935.jpg,4,pen1_tur_cam2_20250207_130935.jpg
crop_7465_pen1_tur_cam2_20250125_061135.jpg,4,pen1_tur_cam2_20250125_061135.jpg
crop_7466_pen1_tur_cam2_20250127_101321.jpg,4,pen1_tur_cam2_20250127_101321.jpg
crop_7467_pen2_tur_cam1_20250123_115329.jpg,4,pen2_tur_cam1_20250123_115329.jpg
crop_7468_pen1_tur_cam2_20250125_142856.jpg,4,pen1_tur_cam2_20250125_142856.jpg
crop_7469_pen2_orb_cam1_20250108_082653.jpg,4,pen2_orb_cam1_20250108_082653.jpg
crop_7470_pen1_orb_cam2_20250108_090024.jpg,4,pen1_orb_cam2_20250108_090024.jpg
crop_7471_pen2_tur_cam1_20250120_091255.jpg,4,pen2_tur_cam1_20250120_091255.jpg
crop_7472_pen1_tur_cam2_20250125_133216.jpg,4,pen1_tur_cam2_20250125_133216.jpg
crop_7473_pen1_tur_cam2_20250220_100033.jpg,4,pen1_tur_cam2_20250220_100033.jpg
crop_7474_pen2_tur_cam1_20250109_075705.jpg,4,pen2_tur_cam1_20250109_075705.jpg
crop_7475_pen2_tur_cam1_20250123_141517.jpg,4,pen2_tur_cam1_20250123_141517.jpg
crop_7476_pen1_tur_cam2_20250125_130435.jpg,4,pen1_tur_cam2_20250125_130435.jpg
crop_7477_pen1_tur_cam2_20250127_105003.jpg,4,pen1_tur_cam2_20250127_105003.jpg
crop_7478_pen2_tur_cam1_20250109_070400.jpg,4,pen2_tur_cam1_20250109_070400.jpg
crop_7479_pen1_orb_cam2_20250108_090815.jpg,4,pen1_orb_cam2_20250108_090815.jpg
crop_7480_pen1_tur_cam2_20250126_113516.jpg,4,pen1_tur_cam2_20250126_113516.jpg
crop_7481_pen1_tur_cam2_20250122_130417.jpg,4,pen1_tur_cam2_20250122_130417.jpg
crop_7482_pen2_orb_cam1_20250108_082356.jpg,4,pen2_orb_cam1_20250108_082356.jpg
crop_7483_pen2_orb_cam1_20250108_081029.jpg,4,pen2_orb_cam1_20250108_081029.jpg
crop_7484_pen2_tur_cam1_20250109_075747.jpg,4,pen2_tur_cam1_20250109_075747.jpg
crop_7485_pen2_tur_cam1_20250109_075431.jpg,4,pen2_tur_cam1_20250109_075431.jpg
crop_7486_pen2_tur_cam1_20250109_073558.jpg,4,pen2_tur_cam1_20250109_073558.jpg
crop_7487_pen2_tur_cam1_20250120_080932.jpg,4,pen2_tur_cam1_20250120_080932.jpg
crop_7488_pen2_tur_cam1_20250109_080508.jpg,4,pen2_tur_cam1_20250109_080508.jpg
crop_7489_pen1_tur_cam2_20250125_145719.jpg,4,pen1_tur_cam2_20250125_145719.jpg
crop_7490_pen2_tur_cam1_20250109_073413.jpg,4,pen2_tur_cam1_20250109_073413.jpg
crop_7491_pen1_orb_cam2_20250108_090825.jpg,4,pen1_orb_cam2_20250108_090825.jpg
crop_7492_pen2_orb_cam1_20250108_084851.jpg,4,pen2_orb_cam1_20250108_084851.jpg
crop_7493_pen1_tur_cam2_20250127_133732.jpg,4,pen1_tur_cam2_20250127_133732.jpg
crop_7494_pen2_tur_cam1_20250109_074951.jpg,4,pen2_tur_cam1_20250109_074951.jpg
crop_7495_pen1_tur_cam2_20250122_133058.jpg,4,pen1_tur_cam2_20250122_133058.jpg
crop_7496_pen2_orb_cam1_20250108_081300.jpg,4,pen2_orb_cam1_20250108_081300.jpg
crop_7497_pen2_tur_cam1_20250109_073839.jpg,4,pen2_tur_cam1_20250109_073839.jpg
crop_7498_pen1_orb_cam2_20250108_090209.jpg,4,pen1_orb_cam2_20250108_090209.jpg
crop_7499_pen1_tur_cam2_20250127_102822.jpg,4,pen1_tur_cam2_20250127_102822.jpg
crop_7500_pen1_tur_cam2_20250203_120055.jpg,4,pen1_tur_cam2_20250203_120055.jpg
crop_7501_pen1_tur_cam2_20250122_122053.jpg,4,pen1_tur_cam2_20250122_122053.jpg
crop_7502_pen1_orb_cam2_20250108_091132.jpg,4,pen1_orb_cam2_20250108_091132.jpg
crop_7503_pen2_tur_cam1_20250109_074443.jpg,4,pen2_tur_cam1_20250109_074443.jpg
crop_7504_pen1_tur_cam2_20250126_103315.jpg,4,pen1_tur_cam2_20250126_103315.jpg
crop_7505_pen2_tur_cam1_20250109_075335.jpg,4,pen2_tur_cam1_20250109_075335.jpg
crop_7506_pen2_tur_cam1_20250109_080124.jpg,4,pen2_tur_cam1_20250109_080124.jpg
crop_7507_pen1_orb_cam2_20250108_083301.jpg,4,pen1_orb_cam2_20250108_083301.jpg
crop_7508_pen1_orb_cam1_20250108_090102.jpg,4,pen1_orb_cam1_20250108_090102.jpg
crop_7509_pen1_tur_cam2_20250125_135615.jpg,4,pen1_tur_cam2_20250125_135615.jpg
crop_7510_pen2_orb_cam1_20250108_084210.jpg,4,pen2_orb_cam1_20250108_084210.jpg
crop_7511_pen2_orb_cam1_20250108_080800.jpg,4,pen2_orb_cam1_20250108_080800.jpg
crop_7512_pen1_tur_cam2_20250126_085031.jpg,4,pen1_tur_cam2_20250126_085031.jpg
crop_7513_pen1_orb_cam2_20250108_085219.jpg,4,pen1_orb_cam2_20250108_085219.jpg
crop_7514_pen1_tur_cam2_20250220_090029.jpg,4,pen1_tur_cam2_20250220_090029.jpg
crop_7515_pen1_tur_cam2_20250127_125612.jpg,4,pen1_tur_cam2_20250127_125612.jpg
crop_7516_pen1_tur_cam2_20250203_111412.jpg,4,pen1_tur_cam2_20250203_111412.jpg
crop_7517_pen2_tur_cam1_20250109_074717.jpg,4,pen2_tur_cam1_20250109_074717.jpg
crop_7518_pen1_orb_cam2_20250108_080209.jpg,4,pen1_orb_cam2_20250108_080209.jpg
crop_7519_pen1_tur_cam2_20250125_064908.jpg,4,pen1_tur_cam2_20250125_064908.jpg
crop_7520_pen1_tur_cam2_20250127_102322.jpg,4,pen1_tur_cam2_20250127_102322.jpg
crop_7521_pen1_tur_cam2_20250203_103049.jpg,4,pen1_tur_cam2_20250203_103049.jpg
crop_7522_pen1_tur_cam2_20250122_140101.jpg,4,pen1_tur_cam2_20250122_140101.jpg
crop_7523_pen1_tur_cam2_20250126_094454.jpg,4,pen1_tur_cam2_20250126_094454.jpg
crop_7524_pen1_tur_cam2_20250126_073526.jpg,4,pen1_tur_cam2_20250126_073526.jpg
crop_7525_pen2_tur_cam1_20250120_070747.jpg,4,pen2_tur_cam1_20250120_070747.jpg
crop_7526_pen1_tur_cam2_20250207_132436.jpg,4,pen1_tur_cam2_20250207_132436.jpg
crop_7527_pen2_tur_cam1_20250120_111944.jpg,4,pen2_tur_cam1_20250120_111944.jpg
crop_7528_pen1_tur_cam2_20250203_105411.jpg,4,pen1_tur_cam2_20250203_105411.jpg
crop_7529_pen1_tur_cam2_20250122_104820.jpg,4,pen1_tur_cam2_20250122_104820.jpg
crop_7530_pen2_orb_cam1_20250108_083845.jpg,4,pen2_orb_cam1_20250108_083845.jpg
crop_7531_pen1_tur_cam2_20250127_140133.jpg,4,pen1_tur_cam2_20250127_140133.jpg
crop_7532_pen2_tur_cam1_20250123_121511.jpg,4,pen2_tur_cam1_20250123_121511.jpg
crop_7533_pen1_tur_cam2_20250126_084030.jpg,4,pen1_tur_cam2_20250126_084030.jpg
crop_7534_pen1_tur_cam2_20250220_101354.jpg,4,pen1_tur_cam2_20250220_101354.jpg
crop_7535_pen2_tur_cam1_20250109_073420.jpg,4,pen2_tur_cam1_20250109_073420.jpg
crop_7536_pen1_tur_cam2_20250125_091831.jpg,4,pen1_tur_cam2_20250125_091831.jpg
crop_7537_pen2_orb_cam1_20250108_081835.jpg,4,pen2_orb_cam1_20250108_081835.jpg
crop_7538_pen1_tur_cam2_20250203_103549.jpg,4,pen1_tur_cam2_20250203_103549.jpg
crop_7539_pen1_tur_cam2_20250125_081149.jpg,4,pen1_tur_cam2_20250125_081149.jpg
crop_7540_pen1_orb_cam1_20250108_085657.jpg,4,pen1_orb_cam1_20250108_085657.jpg
crop_7541_pen2_tur_cam1_20250109_074930.jpg,4,pen2_tur_cam1_20250109_074930.jpg
crop_7542_pen2_tur_cam1_20250209_094659.jpg,4,pen2_tur_cam1_20250209_094659.jpg
crop_7543_pen1_tur_cam2_20250126_091544.jpg,4,pen1_tur_cam2_20250126_091544.jpg
crop_7544_pen2_orb_cam1_20250108_081539.jpg,4,pen2_orb_cam1_20250108_081539.jpg
crop_7545_pen1_tur_cam2_20250122_133058.jpg,4,pen1_tur_cam2_20250122_133058.jpg
crop_7546_pen1_tur_cam2_20250126_154320.jpg,4,pen1_tur_cam2_20250126_154320.jpg
crop_7547_pen2_tur_cam1_20250109_072439.jpg,4,pen2_tur_cam1_20250109_072439.jpg
crop_7548_pen1_tur_cam2_20250201_141956.jpg,4,pen1_tur_cam2_20250201_141956.jpg
crop_7549_pen2_tur_cam1_20250109_073050.jpg,4,pen2_tur_cam1_20250109_073050.jpg
crop_7550_pen2_orb_cam1_20250108_085219.jpg,4,pen2_orb_cam1_20250108_085219.jpg
crop_7551_pen2_tur_cam1_20250109_074450.jpg,4,pen2_tur_cam1_20250109_074450.jpg
crop_7552_pen2_orb_cam1_20250108_081826.jpg,4,pen2_orb_cam1_20250108_081826.jpg
crop_7553_pen2_tur_cam1_20250109_074347.jpg,4,pen2_tur_cam1_20250109_074347.jpg
crop_7554_pen2_tur_cam1_20250109_075356.jpg,4,pen2_tur_cam1_20250109_075356.jpg
crop_7555_pen1_orb_cam1_20250108_085702.jpg,4,pen1_orb_cam1_20250108_085702.jpg
crop_7556_pen2_tur_cam1_20250109_075925.jpg,4,pen2_tur_cam1_20250109_075925.jpg
crop_7557_pen1_orb_cam1_20250108_090102.jpg,4,pen1_orb_cam1_20250108_090102.jpg
crop_7558_pen2_tur_cam1_20250209_140038.jpg,4,pen2_tur_cam1_20250209_140038.jpg
crop_7559_pen2_tur_cam1_20250109_074003.jpg,4,pen2_tur_cam1_20250109_074003.jpg
crop_7560_pen2_orb_cam1_20250108_085640.jpg,4,pen2_orb_cam1_20250108_085640.jpg
crop_7561_pen1_tur_cam2_20250127_100500.jpg,4,pen1_tur_cam2_20250127_100500.jpg
crop_7562_pen1_tur_cam2_20250122_125556.jpg,4,pen1_tur_cam2_20250122_125556.jpg
crop_7563_pen2_tur_cam1_20250109_072549.jpg,4,pen2_tur_cam1_20250109_072549.jpg
crop_7564_pen1_orb_cam2_20250108_090054.jpg,4,pen1_orb_cam2_20250108_090054.jpg
crop_7565_pen1_tur_cam2_20250202_154625.jpg,4,pen1_tur_cam2_20250202_154625.jpg
crop_7566_pen1_tur_cam2_20250125_113841.jpg,4,pen1_tur_cam2_20250125_113841.jpg
crop_7567_pen2_tur_cam1_20250209_071509.jpg,4,pen2_tur_cam1_20250209_071509.jpg
crop_7568_pen1_orb_cam2_20250108_090441.jpg,4,pen1_orb_cam2_20250108_090441.jpg
crop_7569_pen2_tur_cam1_20250109_075410.jpg,4,pen2_tur_cam1_20250109_075410.jpg
crop_7570_pen1_tur_cam2_20250126_093434.jpg,4,pen1_tur_cam2_20250126_093434.jpg
crop_7571_pen1_tur_cam2_20250125_083229.jpg,4,pen1_tur_cam2_20250125_083229.jpg
crop_7572_pen2_tur_cam1_20250120_104942.jpg,4,pen2_tur_cam1_20250120_104942.jpg
crop_7573_pen2_tur_cam1_20250120_121948.jpg,4,pen2_tur_cam1_20250120_121948.jpg
crop_7574_pen2_tur_cam1_20250109_075747.jpg,4,pen2_tur_cam1_20250109_075747.jpg
crop_7575_pen1_tur_cam2_20250207_144802.jpg,4,pen1_tur_cam2_20250207_144802.jpg
crop_7576_pen1_tur_cam2_20250122_102040.jpg,4,pen1_tur_cam2_20250122_102040.jpg
crop_7577_pen2_tur_cam1_20250109_075609.jpg,4,pen2_tur_cam1_20250109_075609.jpg
crop_7578_pen2_orb_cam1_20250108_084515.jpg,4,pen2_orb_cam1_20250108_084515.jpg
crop_7579_pen1_tur_cam2_20250125_075109.jpg,4,pen1_tur_cam2_20250125_075109.jpg
crop_7580_pen2_tur_cam1_20250109_073207.jpg,4,pen2_tur_cam1_20250109_073207.jpg
crop_7581_pen2_tur_cam1_20250109_075911.jpg,4,pen2_tur_cam1_20250109_075911.jpg
crop_7582_pen2_tur_cam1_20250209_071148.jpg,4,pen2_tur_cam1_20250209_071148.jpg
crop_7583_pen1_tur_cam2_20250122_140421.jpg,4,pen1_tur_cam2_20250122_140421.jpg
crop_7584_pen2_tur_cam1_20250120_111944.jpg,4,pen2_tur_cam1_20250120_111944.jpg
crop_7585_pen2_orb_cam1_20250108_082407.jpg,4,pen2_orb_cam1_20250108_082407.jpg
crop_7586_pen1_tur_cam2_20250220_093031.jpg,4,pen1_tur_cam2_20250220_093031.jpg
crop_7587_pen1_tur_cam2_20250122_135920.jpg,4,pen1_tur_cam2_20250122_135920.jpg
crop_7588_pen1_tur_cam2_20250127_112005.jpg,4,pen1_tur_cam2_20250127_112005.jpg
crop_7589_pen2_tur_cam1_20250109_072809.jpg,4,pen2_tur_cam1_20250109_072809.jpg
crop_7590_pen1_tur_cam2_20250203_120555.jpg,4,pen1_tur_cam2_20250203_120555.jpg
crop_7591_pen1_tur_cam2_20250220_091851.jpg,4,pen1_tur_cam2_20250220_091851.jpg
crop_7592_pen1_tur_cam2_20250127_111505.jpg,4,pen1_tur_cam2_20250127_111505.jpg
crop_7593_pen1_tur_cam2_20250125_070248.jpg,4,pen1_tur_cam2_20250125_070248.jpg
crop_7594_pen1_tur_cam2_20250127_103822.jpg,4,pen1_tur_cam2_20250127_103822.jpg
crop_7595_pen1_tur_cam2_20250125_094833.jpg,4,pen1_tur_cam2_20250125_094833.jpg
crop_7596_pen1_tur_cam2_20250125_121954.jpg,4,pen1_tur_cam2_20250125_121954.jpg
crop_7597_pen2_tur_cam1_20250109_072603.jpg,4,pen2_tur_cam1_20250109_072603.jpg
crop_7598_pen1_orb_cam1_20250108_090028.jpg,4,pen1_orb_cam1_20250108_090028.jpg
crop_7599_pen1_tur_cam2_20250126_074527.jpg,4,pen1_tur_cam2_20250126_074527.jpg
crop_7600_pen1_tur_cam2_20250220_095353.jpg,4,pen1_tur_cam2_20250220_095353.jpg
crop_7601_pen1_tur_cam2_20250207_140439.jpg,4,pen1_tur_cam2_20250207_140439.jpg
crop_7602_pen1_orb_cam1_20250108_085647.jpg,4,pen1_orb_cam1_20250108_085647.jpg
crop_7603_pen1_orb_cam1_20250108_085818.jpg,4,pen1_orb_cam1_20250108_085818.jpg
crop_7604_pen2_tur_cam1_20250123_153758.jpg,4,pen2_tur_cam1_20250123_153758.jpg
crop_7605_pen2_orb_cam1_20250108_084330.jpg,4,pen2_orb_cam1_20250108_084330.jpg
crop_7606_pen1_tur_cam2_20250126_093944.jpg,4,pen1_tur_cam2_20250126_093944.jpg
crop_7607_pen1_tur_cam2_20250125_093152.jpg,4,pen1_tur_cam2_20250125_093152.jpg
crop_7608_pen2_tur_cam1_20250109_075307.jpg,4,pen2_tur_cam1_20250109_075307.jpg
crop_7609_pen1_orb_cam2_20250108_090846.jpg,4,pen1_orb_cam2_20250108_090846.jpg
crop_7610_pen1_tur_cam2_20250126_095004.jpg,4,pen1_tur_cam2_20250126_095004.jpg
crop_7611_pen1_tur_cam2_20250127_105503.jpg,4,pen1_tur_cam2_20250127_105503.jpg
crop_7612_pen1_tur_cam2_20250125_064207.jpg,4,pen1_tur_cam2_20250125_064207.jpg
crop_7613_pen1_orb_cam1_20250108_085224.jpg,4,pen1_orb_cam1_20250108_085224.jpg
crop_7614_pen2_orb_cam1_20250108_082159.jpg,4,pen2_orb_cam1_20250108_082159.jpg
crop_7615_pen2_orb_cam1_20250108_083548.jpg,4,pen2_orb_cam1_20250108_083548.jpg
crop_7616_pen1_tur_cam2_20250122_125916.jpg,4,pen1_tur_cam2_20250122_125916.jpg
crop_7617_pen1_orb_cam1_20250108_090213.jpg,4,pen1_orb_cam1_20250108_090213.jpg
crop_7618_pen2_tur_cam1_20250120_070747.jpg,4,pen2_tur_cam1_20250120_070747.jpg
crop_7619_pen1_tur_cam2_20250220_092851.jpg,4,pen1_tur_cam2_20250220_092851.jpg
crop_7620_pen1_orb_cam2_20250108_085808.jpg,4,pen1_orb_cam2_20250108_085808.jpg
crop_7621_pen2_tur_cam1_20250109_075459.jpg,4,pen2_tur_cam1_20250109_075459.jpg
crop_7622_pen1_orb_cam2_20250108_134514.jpg,4,pen1_orb_cam2_20250108_134514.jpg
crop_7623_pen2_tur_cam1_20250109_072926.jpg,4,pen2_tur_cam1_20250109_072926.jpg
crop_7624_pen1_tur_cam2_20250127_123021.jpg,4,pen1_tur_cam2_20250127_123021.jpg
crop_7625_pen2_tur_cam1_20250120_114946.jpg,4,pen2_tur_cam1_20250120_114946.jpg
crop_7626_pen2_orb_cam1_20250108_082204.jpg,4,pen2_orb_cam1_20250108_082204.jpg
crop_7627_pen1_orb_cam2_20250108_091548.jpg,4,pen1_orb_cam2_20250108_091548.jpg
crop_7628_pen1_orb_cam2_20250108_090144.jpg,4,pen1_orb_cam2_20250108_090144.jpg
crop_7629_pen2_tur_cam1_20250109_073853.jpg,4,pen2_tur_cam1_20250109_073853.jpg
crop_7630_pen1_tur_cam2_20250127_111005.jpg,4,pen1_tur_cam2_20250127_111005.jpg
crop_7631_pen2_orb_cam1_20250108_081225.jpg,4,pen2_orb_cam1_20250108_081225.jpg
crop_7632_pen2_tur_cam1_20250120_121808.jpg,4,pen2_tur_cam1_20250120_121808.jpg
crop_7633_pen1_tur_cam2_20250125_104157.jpg,4,pen1_tur_cam2_20250125_104157.jpg
crop_7634_pen1_tur_cam2_20250125_135805.jpg,4,pen1_tur_cam2_20250125_135805.jpg
crop_7635_pen2_orb_cam1_20250108_081225.jpg,4,pen2_orb_cam1_20250108_081225.jpg
crop_7636_pen2_tur_cam1_20250209_090156.jpg,4,pen2_tur_cam1_20250209_090156.jpg
crop_7637_pen1_tur_cam2_20250126_075527.jpg,4,pen1_tur_cam2_20250126_075527.jpg
crop_7638_pen2_orb_cam1_20250108_084314.jpg,4,pen2_orb_cam1_20250108_084314.jpg
crop_7639_pen1_tur_cam2_20250127_100820.jpg,4,pen1_tur_cam2_20250127_100820.jpg
crop_7640_pen2_tur_cam1_20250109_072755.jpg,4,pen2_tur_cam1_20250109_072755.jpg
crop_7641_pen1_orb_cam1_20250108_085933.jpg,4,pen1_orb_cam1_20250108_085933.jpg
crop_7642_pen1_tur_cam2_20250125_124544.jpg,4,pen1_tur_cam2_20250125_124544.jpg
crop_7643_pen1_tur_cam2_20250122_111411.jpg,4,pen1_tur_cam2_20250122_111411.jpg
crop_7644_pen1_orb_cam2_20250108_090039.jpg,4,pen1_orb_cam2_20250108_090039.jpg
crop_7645_pen2_orb_cam1_20250108_082159.jpg,4,pen2_orb_cam1_20250108_082159.jpg
crop_7646_pen1_tur_cam2_20250127_101321.jpg,4,pen1_tur_cam2_20250127_101321.jpg
crop_7647_pen1_tur_cam2_20250122_105650.jpg,4,pen1_tur_cam2_20250122_105650.jpg
crop_7648_pen1_tur_cam2_20250126_105905.jpg,4,pen1_tur_cam2_20250126_105905.jpg
crop_7649_pen1_tur_cam2_20250127_112506.jpg,4,pen1_tur_cam2_20250127_112506.jpg
crop_7650_pen1_tur_cam2_20250126_080028.jpg,4,pen1_tur_cam2_20250126_080028.jpg
crop_7651_pen1_tur_cam2_20250203_095907.jpg,4,pen1_tur_cam2_20250203_095907.jpg
crop_7652_pen2_tur_cam1_20250109_080557.jpg,4,pen2_tur_cam1_20250109_080557.jpg
crop_7653_pen1_tur_cam2_20250126_110225.jpg,4,pen1_tur_cam2_20250126_110225.jpg
crop_7654_pen1_orb_cam2_20250108_090522.jpg,4,pen1_orb_cam2_20250108_090522.jpg
crop_7655_pen1_tur_cam2_20250125_111159.jpg,4,pen1_tur_cam2_20250125_111159.jpg
crop_7656_pen2_tur_cam1_20250109_073331.jpg,4,pen2_tur_cam1_20250109_073331.jpg
crop_7657_pen1_tur_cam2_20250126_105355.jpg,4,pen1_tur_cam2_20250126_105355.jpg
crop_7658_pen2_tur_cam1_20250123_123512.jpg,4,pen2_tur_cam1_20250123_123512.jpg
crop_7659_pen2_tur_cam1_20250109_074813.jpg,4,pen2_tur_cam1_20250109_074813.jpg
crop_7660_pen2_orb_cam1_20250108_081255.jpg,4,pen2_orb_cam1_20250108_081255.jpg
crop_7661_pen2_orb_cam1_20250108_082122.jpg,4,pen2_orb_cam1_20250108_082122.jpg
crop_7662_pen2_tur_cam1_20250109_080536.jpg,4,pen2_tur_cam1_20250109_080536.jpg
crop_7663_pen1_tur_cam2_20250125_135615.jpg,4,pen1_tur_cam2_20250125_135615.jpg
crop_7664_pen1_orb_cam2_20250108_090702.jpg,4,pen1_orb_cam2_20250108_090702.jpg
crop_7665_pen1_orb_cam2_20250108_085808.jpg,4,pen1_orb_cam2_20250108_085808.jpg
crop_7666_pen1_tur_cam2_20250125_083039.jpg,4,pen1_tur_cam2_20250125_083039.jpg
crop_7667_pen2_tur_cam1_20250109_080611.jpg,4,pen2_tur_cam1_20250109_080611.jpg
crop_7668_pen2_tur_cam1_20250109_070257.jpg,4,pen2_tur_cam1_20250109_070257.jpg
crop_7669_pen2_tur_cam1_20250109_070133.jpg,4,pen2_tur_cam1_20250109_070133.jpg
crop_7670_pen2_tur_cam1_20250109_075616.jpg,4,pen2_tur_cam1_20250109_075616.jpg
crop_7671_pen1_tur_cam2_20250220_094532.jpg,4,pen1_tur_cam2_20250220_094532.jpg
crop_7672_pen1_tur_cam2_20250122_131417.jpg,4,pen1_tur_cam2_20250122_131417.jpg
crop_7673_pen2_orb_cam1_20250108_085029.jpg,4,pen2_orb_cam1_20250108_085029.jpg
crop_7674_pen1_tur_cam2_20250122_110351.jpg,4,pen1_tur_cam2_20250122_110351.jpg
crop_7675_pen1_tur_cam2_20250122_103100.jpg,4,pen1_tur_cam2_20250122_103100.jpg
crop_7676_pen1_tur_cam2_20250122_094619.jpg,4,pen1_tur_cam2_20250122_094619.jpg
crop_7677_pen2_orb_cam1_20250108_082407.jpg,4,pen2_orb_cam1_20250108_082407.jpg
crop_7678_pen2_tur_cam1_20250109_075911.jpg,4,pen2_tur_cam1_20250109_075911.jpg
crop_7679_pen2_tur_cam2_20250120_082753.jpg,4,pen2_tur_cam2_20250120_082753.jpg
crop_7680_pen1_orb_cam2_20250108_090517.jpg,4,pen1_orb_cam2_20250108_090517.jpg
crop_7681_pen1_orb_cam2_20250108_091533.jpg,4,pen1_orb_cam2_20250108_091533.jpg
crop_7682_pen1_orb_cam1_20250108_085858.jpg,4,pen1_orb_cam1_20250108_085858.jpg
crop_7683_pen2_orb_cam1_20250108_084949.jpg,4,pen2_orb_cam1_20250108_084949.jpg
crop_7684_pen2_tur_cam1_20250109_073413.jpg,4,pen2_tur_cam1_20250109_073413.jpg
crop_7685_pen1_tur_cam2_20250125_061816.jpg,4,pen1_tur_cam2_20250125_061816.jpg
crop_7686_pen2_orb_cam1_20250108_083056.jpg,4,pen2_orb_cam1_20250108_083056.jpg
crop_7687_pen1_tur_cam2_20250125_121253.jpg,4,pen1_tur_cam2_20250125_121253.jpg
crop_7688_pen1_orb_cam2_20250108_133055.jpg,4,pen1_orb_cam2_20250108_133055.jpg
crop_7689_pen1_tur_cam2_20250122_103250.jpg,4,pen1_tur_cam2_20250122_103250.jpg
crop_7690_pen2_orb_cam1_20250108_081009.jpg,4,pen2_orb_cam1_20250108_081009.jpg
crop_7691_pen1_orb_cam2_20250108_085748.jpg,4,pen1_orb_cam2_20250108_085748.jpg
crop_7692_pen1_orb_cam2_20250108_090941.jpg,4,pen1_orb_cam2_20250108_090941.jpg
crop_7693_pen1_orb_cam2_20250108_090134.jpg,4,pen1_orb_cam2_20250108_090134.jpg
crop_7694_pen2_orb_cam1_20250108_082546.jpg,4,pen2_orb_cam1_20250108_082546.jpg
crop_7695_pen1_tur_cam2_20250220_101534.jpg,4,pen1_tur_cam2_20250220_101534.jpg
crop_7696_pen1_tur_cam2_20250122_103610.jpg,4,pen1_tur_cam2_20250122_103610.jpg
crop_7697_pen2_tur_cam1_20250109_080447.jpg,4,pen2_tur_cam1_20250109_080447.jpg
crop_7698_pen2_tur_cam1_20250109_073057.jpg,4,pen2_tur_cam1_20250109_073057.jpg
crop_7699_pen2_tur_cam1_20250124_085955.jpg,4,pen2_tur_cam1_20250124_085955.jpg
crop_7700_pen1_tur_cam2_20250125_140125.jpg,4,pen1_tur_cam2_20250125_140125.jpg
crop_7701_pen2_orb_cam1_20250108_080455.jpg,4,pen2_orb_cam1_20250108_080455.jpg
crop_7702_pen2_orb_cam1_20250108_081840.jpg,4,pen2_orb_cam1_20250108_081840.jpg
crop_7703_pen2_tur_cam1_20250109_075342.jpg,4,pen2_tur_cam1_20250109_075342.jpg
crop_7704_pen1_tur_cam2_20250126_143609.jpg,4,pen1_tur_cam2_20250126_143609.jpg
crop_7705_pen1_tur_cam2_20250126_134554.jpg,4,pen1_tur_cam2_20250126_134554.jpg
crop_7706_pen2_orb_cam1_20250108_085156.jpg,4,pen2_orb_cam1_20250108_085156.jpg
crop_7707_pen1_orb_cam2_20250108_090825.jpg,4,pen1_orb_cam2_20250108_090825.jpg
crop_7708_pen2_tur_cam1_20250109_074436.jpg,4,pen2_tur_cam1_20250109_074436.jpg
crop_7709_pen2_tur_cam1_20250109_072336.jpg,4,pen2_tur_cam1_20250109_072336.jpg
crop_7710_pen1_tur_cam2_20250127_140133.jpg,4,pen1_tur_cam2_20250127_140133.jpg
crop_7711_pen1_tur_cam2_20250126_083530.jpg,4,pen1_tur_cam2_20250126_083530.jpg
crop_7712_pen2_tur_cam1_20250109_080220.jpg,4,pen2_tur_cam1_20250109_080220.jpg
crop_7713_pen1_tur_cam2_20250125_080639.jpg,4,pen1_tur_cam2_20250125_080639.jpg
crop_7714_pen1_tur_cam2_20250125_114343.jpg,4,pen1_tur_cam2_20250125_114343.jpg
crop_7715_pen1_orb_cam2_20250108_085727.jpg,4,pen1_orb_cam2_20250108_085727.jpg
crop_7716_pen1_tur_cam2_20250122_110351.jpg,4,pen1_tur_cam2_20250122_110351.jpg
crop_7717_pen2_tur_cam1_20250109_075534.jpg,4,pen2_tur_cam1_20250109_075534.jpg
crop_7718_pen1_orb_cam1_20250108_085908.jpg,4,pen1_orb_cam1_20250108_085908.jpg
crop_7719_pen2_tur_cam1_20250120_071427.jpg,4,pen2_tur_cam1_20250120_071427.jpg
crop_7720_pen1_orb_cam2_20250108_091458.jpg,4,pen1_orb_cam2_20250108_091458.jpg
crop_7721_pen2_orb_cam1_20250108_085034.jpg,4,pen2_orb_cam1_20250108_085034.jpg
crop_7722_pen1_tur_cam2_20250127_135113.jpg,4,pen1_tur_cam2_20250127_135113.jpg
crop_7723_pen2_tur_cam1_20250123_110506.jpg,4,pen2_tur_cam1_20250123_110506.jpg
crop_7724_pen2_tur_cam1_20250109_070957.jpg,4,pen2_tur_cam1_20250109_070957.jpg
crop_7725_pen1_orb_cam2_20250108_131908.jpg,4,pen1_orb_cam2_20250108_131908.jpg
crop_7726_pen1_tur_cam2_20250122_100509.jpg,4,pen1_tur_cam2_20250122_100509.jpg
crop_7727_pen2_tur_cam1_20250109_071718.jpg,4,pen2_tur_cam1_20250109_071718.jpg
crop_7728_pen2_tur_cam1_20250109_074024.jpg,4,pen2_tur_cam1_20250109_074024.jpg
crop_7729_pen1_orb_cam1_20250108_090143.jpg,4,pen1_orb_cam1_20250108_090143.jpg
crop_7730_pen2_tur_cam1_20250109_072514.jpg,4,pen2_tur_cam1_20250109_072514.jpg
crop_7731_pen2_orb_cam1_20250108_081624.jpg,4,pen2_orb_cam1_20250108_081624.jpg
crop_7732_pen1_tur_cam2_20250127_141703.jpg,4,pen1_tur_cam2_20250127_141703.jpg
crop_7733_pen2_tur_cam1_20250109_073743.jpg,4,pen2_tur_cam1_20250109_073743.jpg
crop_7734_pen2_orb_cam1_20250108_082907.jpg,4,pen2_orb_cam1_20250108_082907.jpg
crop_7735_pen1_tur_cam2_20250122_114511.jpg,4,pen1_tur_cam2_20250122_114511.jpg
crop_7736_pen2_tur_cam1_20250109_074937.jpg,4,pen2_tur_cam1_20250109_074937.jpg
crop_7737_pen2_orb_cam1_20250108_083045.jpg,4,pen2_orb_cam1_20250108_083045.jpg
crop_7738_pen1_tur_cam2_20250122_131057.jpg,4,pen1_tur_cam2_20250122_131057.jpg
crop_7739_pen2_tur_cam1_20250109_072418.jpg,4,pen2_tur_cam1_20250109_072418.jpg
crop_7740_pen2_tur_cam1_20250109_070407.jpg,4,pen2_tur_cam1_20250109_070407.jpg
crop_7741_pen2_tur_cam1_20250120_145848.jpg,4,pen2_tur_cam1_20250120_145848.jpg
crop_7742_pen2_tur_cam1_20250123_122331.jpg,4,pen2_tur_cam1_20250123_122331.jpg
crop_7743_pen1_orb_cam2_20250108_090014.jpg,4,pen1_orb_cam2_20250108_090014.jpg
crop_7744_pen1_orb_cam1_20250108_085612.jpg,4,pen1_orb_cam1_20250108_085612.jpg
crop_7745_pen1_tur_cam2_20250127_140133.jpg,4,pen1_tur_cam2_20250127_140133.jpg
crop_7746_pen1_orb_cam2_20250108_091528.jpg,4,pen1_orb_cam2_20250108_091528.jpg
crop_7747_pen1_orb_cam2_20250108_080209.jpg,4,pen1_orb_cam2_20250108_080209.jpg
crop_7748_pen2_tur_cam2_20250120_073249.jpg,4,pen2_tur_cam2_20250120_073249.jpg
crop_7749_pen1_tur_cam2_20250127_102322.jpg,4,pen1_tur_cam2_20250127_102322.jpg
crop_7750_pen2_orb_cam1_20250108_083918.jpg,4,pen2_orb_cam1_20250108_083918.jpg
crop_7751_pen1_tur_cam2_20250122_093409.jpg,4,pen1_tur_cam2_20250122_093409.jpg
crop_7752_pen1_tur_cam2_20250122_114511.jpg,4,pen1_tur_cam2_20250122_114511.jpg
crop_7753_pen1_tur_cam2_20250127_110004.jpg,4,pen1_tur_cam2_20250127_110004.jpg
crop_7754_pen1_orb_cam1_20250108_085908.jpg,4,pen1_orb_cam1_20250108_085908.jpg
crop_7755_pen1_orb_cam2_20250108_090507.jpg,4,pen1_orb_cam2_20250108_090507.jpg
crop_7756_pen2_tur_cam1_20250209_112526.jpg,4,pen2_tur_cam1_20250209_112526.jpg
crop_7757_pen1_tur_cam2_20250125_080449.jpg,4,pen1_tur_cam2_20250125_080449.jpg
crop_7758_pen2_tur_cam1_20250109_075054.jpg,4,pen2_tur_cam1_20250109_075054.jpg
crop_7759_pen1_tur_cam2_20250126_094134.jpg,4,pen1_tur_cam2_20250126_094134.jpg
crop_7760_pen2_tur_cam1_20250209_134717.jpg,4,pen2_tur_cam1_20250209_134717.jpg
crop_7761_pen2_orb_cam1_20250108_084748.jpg,4,pen2_orb_cam1_20250108_084748.jpg
crop_7762_pen2_tur_cam1_20250109_075918.jpg,4,pen2_tur_cam1_20250109_075918.jpg
crop_7763_pen2_tur_cam1_20250109_073708.jpg,4,pen2_tur_cam1_20250109_073708.jpg
crop_7764_pen1_tur_cam2_20250127_161850.jpg,4,pen1_tur_cam2_20250127_161850.jpg
crop_7765_pen1_tur_cam2_20250207_131754.jpg,4,pen1_tur_cam2_20250207_131754.jpg
crop_7766_pen2_orb_cam1_20250108_080435.jpg,4,pen2_orb_cam1_20250108_080435.jpg
crop_7767_pen2_tur_cam1_20250109_073558.jpg,4,pen2_tur_cam1_20250109_073558.jpg
crop_7768_pen2_orb_cam1_20250108_084319.jpg,4,pen2_orb_cam1_20250108_084319.jpg
crop_7769_pen2_tur_cam1_20250109_071711.jpg,4,pen2_tur_cam1_20250109_071711.jpg
crop_7770_pen2_tur_cam1_20250120_121307.jpg,4,pen2_tur_cam1_20250120_121307.jpg
crop_7771_pen2_tur_cam1_20250120_101800.jpg,4,pen2_tur_cam1_20250120_101800.jpg
crop_7772_pen2_tur_cam1_20250109_073914.jpg,4,pen2_tur_cam1_20250109_073914.jpg
crop_7773_pen2_tur_cam1_20250109_075829.jpg,4,pen2_tur_cam1_20250109_075829.jpg
crop_7774_pen2_tur_cam1_20250109_073427.jpg,4,pen2_tur_cam1_20250109_073427.jpg
crop_7775_pen1_orb_cam2_20250108_085934.jpg,4,pen1_orb_cam2_20250108_085934.jpg
crop_7776_pen2_tur_cam1_20250209_145542.jpg,4,pen2_tur_cam1_20250209_145542.jpg
crop_7777_pen2_tur_cam1_20250120_091436.jpg,4,pen2_tur_cam1_20250120_091436.jpg
crop_7778_pen1_orb_cam2_20250108_134250.jpg,4,pen1_orb_cam2_20250108_134250.jpg
crop_7779_pen2_tur_cam1_20250120_120447.jpg,4,pen2_tur_cam1_20250120_120447.jpg
crop_7780_pen1_tur_cam2_20250127_111505.jpg,4,pen1_tur_cam2_20250127_111505.jpg
crop_7781_pen2_tur_cam1_20250209_110704.jpg,4,pen2_tur_cam1_20250209_110704.jpg
crop_7782_pen2_tur_cam1_20250109_073448.jpg,4,pen2_tur_cam1_20250109_073448.jpg
crop_7783_pen1_tur_cam2_20250207_130254.jpg,4,pen1_tur_cam2_20250207_130254.jpg
crop_7784_pen2_tur_cam1_20250209_111024.jpg,4,pen2_tur_cam1_20250209_111024.jpg
crop_7785_pen1_tur_cam2_20250220_080526.jpg,4,pen1_tur_cam2_20250220_080526.jpg
crop_7786_pen1_tur_cam2_20250220_091030.jpg,4,pen1_tur_cam2_20250220_091030.jpg
crop_7787_pen2_tur_cam1_20250209_075511.jpg,4,pen2_tur_cam1_20250209_075511.jpg
crop_7788_pen1_tur_cam2_20250126_122908.jpg,4,pen1_tur_cam2_20250126_122908.jpg
crop_7789_pen2_tur_cam1_20250109_074237.jpg,4,pen2_tur_cam1_20250109_074237.jpg
crop_7790_pen1_tur_cam2_20250126_103635.jpg,4,pen1_tur_cam2_20250126_103635.jpg
crop_7791_pen2_tur_cam1_20250109_080653.jpg,4,pen2_tur_cam1_20250109_080653.jpg
crop_7792_pen2_tur_cam1_20250109_073729.jpg,4,pen2_tur_cam1_20250109_073729.jpg
crop_7793_pen1_tur_cam2_20250125_093332.jpg,4,pen1_tur_cam2_20250125_093332.jpg
crop_7794_pen1_tur_cam2_20250125_121954.jpg,4,pen1_tur_cam2_20250125_121954.jpg
crop_7795_pen2_orb_cam1_20250108_082111.jpg,4,pen2_orb_cam1_20250108_082111.jpg
crop_7796_pen2_tur_cam1_20250109_080302.jpg,4,pen2_tur_cam1_20250109_080302.jpg
crop_7797_pen1_orb_cam2_20250108_090732.jpg,4,pen1_orb_cam2_20250108_090732.jpg
crop_7798_pen2_orb_cam1_20250108_084600.jpg,4,pen2_orb_cam1_20250108_084600.jpg
crop_7799_pen1_tur_cam2_20250127_123531.jpg,4,pen1_tur_cam2_20250127_123531.jpg
crop_7800_pen2_orb_cam1_20250108_085646.jpg,4,pen2_orb_cam1_20250108_085646.jpg
crop_7801_pen2_tur_cam1_20250109_073214.jpg,4,pen2_tur_cam1_20250109_073214.jpg
crop_7802_pen2_orb_cam1_20250108_084314.jpg,4,pen2_orb_cam1_20250108_084314.jpg
crop_7803_pen1_tur_cam2_20250126_083030.jpg,4,pen1_tur_cam2_20250126_083030.jpg
crop_7804_pen1_tur_cam2_20250126_105905.jpg,4,pen1_tur_cam2_20250126_105905.jpg
crop_7805_pen2_tur_cam1_20250109_080351.jpg,4,pen2_tur_cam1_20250109_080351.jpg
crop_7806_pen2_tur_cam1_20250109_080138.jpg,4,pen2_tur_cam1_20250109_080138.jpg
crop_7807_pen2_tur_cam1_20250109_075822.jpg,4,pen2_tur_cam1_20250109_075822.jpg
crop_7808_pen2_tur_cam1_20250120_115306.jpg,4,pen2_tur_cam1_20250120_115306.jpg
crop_7809_pen1_tur_cam2_20250122_095639.jpg,4,pen1_tur_cam2_20250122_095639.jpg
crop_7810_pen2_tur_cam1_20250109_080227.jpg,4,pen2_tur_cam1_20250109_080227.jpg
crop_7811_pen2_tur_cam1_20250209_071008.jpg,4,pen2_tur_cam1_20250209_071008.jpg
crop_7812_pen2_tur_cam1_20250120_073749.jpg,4,pen2_tur_cam1_20250120_073749.jpg
crop_7813_pen1_tur_cam2_20250126_113836.jpg,4,pen1_tur_cam2_20250126_113836.jpg
crop_7814_pen1_orb_cam2_20250108_091208.jpg,4,pen1_orb_cam2_20250108_091208.jpg
crop_7815_pen2_orb_cam1_20250108_081354.jpg,4,pen2_orb_cam1_20250108_081354.jpg
crop_7816_pen1_orb_cam2_20250108_085954.jpg,4,pen1_orb_cam2_20250108_085954.jpg
crop_7817_pen2_orb_cam1_20250108_080415.jpg,4,pen2_orb_cam1_20250108_080415.jpg
crop_7818_pen2_orb_cam1_20250108_090142.jpg,4,pen2_orb_cam1_20250108_090142.jpg
crop_7819_pen2_tur_cam1_20250120_094938.jpg,4,pen2_tur_cam1_20250120_094938.jpg
crop_7820_pen1_tur_cam2_20250125_064207.jpg,4,pen1_tur_cam2_20250125_064207.jpg
crop_7821_pen1_tur_cam2_20250122_125415.jpg,4,pen1_tur_cam2_20250122_125415.jpg
crop_7822_pen1_tur_cam2_20250122_114001.jpg,4,pen1_tur_cam2_20250122_114001.jpg
crop_7823_pen1_orb_cam2_20250108_083331.jpg,4,pen1_orb_cam2_20250108_083331.jpg
crop_7824_pen1_tur_cam2_20250126_085351.jpg,4,pen1_tur_cam2_20250126_085351.jpg
crop_7825_pen2_tur_cam1_20250120_072428.jpg,4,pen2_tur_cam1_20250120_072428.jpg
crop_7826_pen1_tur_cam2_20250126_091034.jpg,4,pen1_tur_cam2_20250126_091034.jpg
crop_7827_pen1_orb_cam2_20250108_090224.jpg,4,pen1_orb_cam2_20250108_090224.jpg
crop_7828_pen2_orb_cam1_20250108_084043.jpg,4,pen2_orb_cam1_20250108_084043.jpg
crop_7829_pen2_orb_cam1_20250108_084228.jpg,4,pen2_orb_cam1_20250108_084228.jpg
crop_7830_pen1_tur_cam2_20250127_101321.jpg,4,pen1_tur_cam2_20250127_101321.jpg
crop_7831_pen1_orb_cam2_20250108_085854.jpg,4,pen1_orb_cam2_20250108_085854.jpg
crop_7832_pen1_tur_cam2_20250220_102535.jpg,4,pen1_tur_cam2_20250220_102535.jpg
crop_7833_pen2_tur_cam1_20250120_142347.jpg,4,pen2_tur_cam1_20250120_142347.jpg
crop_7834_pen2_orb_cam1_20250108_081604.jpg,4,pen2_orb_cam1_20250108_081604.jpg
crop_7835_pen1_tur_cam2_20250125_093152.jpg,4,pen1_tur_cam2_20250125_093152.jpg
crop_7836_pen1_orb_cam1_20250108_085612.jpg,4,pen1_orb_cam1_20250108_085612.jpg
crop_7837_pen1_tur_cam2_20250126_091034.jpg,4,pen1_tur_cam2_20250126_091034.jpg
crop_7838_pen2_tur_cam1_20250109_075342.jpg,4,pen2_tur_cam1_20250109_075342.jpg
crop_7839_pen1_tur_cam2_20250127_110004.jpg,4,pen1_tur_cam2_20250127_110004.jpg
crop_7840_pen2_tur_cam1_20250209_100020.jpg,4,pen2_tur_cam1_20250209_100020.jpg
crop_7841_pen1_tur_cam2_20250127_122831.jpg,4,pen1_tur_cam2_20250127_122831.jpg
crop_7842_pen2_tur_cam1_20250120_081752.jpg,4,pen2_tur_cam1_20250120_081752.jpg
crop_7843_pen1_tur_cam2_20250220_104036.jpg,4,pen1_tur_cam2_20250220_104036.jpg
crop_7844_pen1_tur_cam2_20250125_132515.jpg,4,pen1_tur_cam2_20250125_132515.jpg
crop_7845_pen1_tur_cam2_20250207_124433.jpg,4,pen1_tur_cam2_20250207_124433.jpg
crop_7846_pen1_tur_cam2_20250207_125754.jpg,4,pen1_tur_cam2_20250207_125754.jpg
crop_7847_pen1_orb_cam2_20250108_090916.jpg,4,pen1_orb_cam2_20250108_090916.jpg
crop_7848_pen1_orb_cam1_20250108_085742.jpg,4,pen1_orb_cam1_20250108_085742.jpg
crop_7849_pen2_tur_cam1_20250109_071526.jpg,4,pen2_tur_cam1_20250109_071526.jpg
crop_7850_pen1_tur_cam2_20250126_084350.jpg,4,pen1_tur_cam2_20250126_084350.jpg
crop_7851_pen2_tur_cam1_20250109_075054.jpg,4,pen2_tur_cam1_20250109_075054.jpg
crop_7852_pen2_orb_cam1_20250108_082132.jpg,4,pen2_orb_cam1_20250108_082132.jpg
crop_7853_pen2_tur_cam1_20250209_085155.jpg,4,pen2_tur_cam1_20250209_085155.jpg
crop_7854_pen1_tur_cam2_20250127_115828.jpg,4,pen1_tur_cam2_20250127_115828.jpg
crop_7855_pen1_tur_cam2_20250122_145945.jpg,4,pen1_tur_cam2_20250122_145945.jpg
crop_7856_pen1_tur_cam2_20250125_070248.jpg,4,pen1_tur_cam2_20250125_070248.jpg
crop_7857_pen2_orb_cam1_20250108_081220.jpg,4,pen2_orb_cam1_20250108_081220.jpg
crop_7858_pen1_tur_cam2_20250122_120402.jpg,4,pen1_tur_cam2_20250122_120402.jpg
crop_7859_pen2_orb_cam1_20250108_082417.jpg,4,pen2_orb_cam1_20250108_082417.jpg
crop_7860_pen2_orb_cam1_20250108_083851.jpg,4,pen2_orb_cam1_20250108_083851.jpg
crop_7861_pen2_tur_cam1_20250109_075239.jpg,4,pen2_tur_cam1_20250109_075239.jpg
crop_7862_pen1_tur_cam2_20250125_143357.jpg,4,pen1_tur_cam2_20250125_143357.jpg
crop_7863_pen2_orb_cam1_20250108_081832.jpg,4,pen2_orb_cam1_20250108_081832.jpg
crop_7864_pen2_orb_cam1_20250108_082440.jpg,4,pen2_orb_cam1_20250108_082440.jpg
crop_7865_pen1_orb_cam2_20250108_091213.jpg,4,pen1_orb_cam2_20250108_091213.jpg
crop_7866_pen2_tur_cam1_20250123_152228.jpg,4,pen2_tur_cam1_20250123_152228.jpg
crop_7867_pen2_tur_cam1_20250109_080117.jpg,4,pen2_tur_cam1_20250109_080117.jpg
crop_7868_pen1_tur_cam2_20250207_123252.jpg,4,pen1_tur_cam2_20250207_123252.jpg
crop_7869_pen2_orb_cam1_20250108_084233.jpg,4,pen2_orb_cam1_20250108_084233.jpg
crop_7870_pen2_orb_cam1_20250108_080830.jpg,4,pen2_orb_cam1_20250108_080830.jpg
crop_7871_pen1_tur_cam2_20250122_140921.jpg,4,pen1_tur_cam2_20250122_140921.jpg
crop_7872_pen2_tur_cam1_20250109_073729.jpg,4,pen2_tur_cam1_20250109_073729.jpg
crop_7873_pen2_tur_cam1_20250124_092137.jpg,4,pen2_tur_cam1_20250124_092137.jpg
crop_7874_pen1_tur_cam2_20250125_111659.jpg,4,pen1_tur_cam2_20250125_111659.jpg
crop_7875_pen1_tur_cam2_20250220_091350.jpg,4,pen1_tur_cam2_20250220_091350.jpg
crop_7876_pen2_tur_cam1_20250109_080358.jpg,4,pen2_tur_cam1_20250109_080358.jpg
crop_7877_pen1_orb_cam1_20250108_085903.jpg,4,pen1_orb_cam1_20250108_085903.jpg
crop_7878_pen1_tur_cam2_20250201_091651.jpg,4,pen1_tur_cam2_20250201_091651.jpg
crop_7879_pen2_tur_cam1_20250123_152738.jpg,4,pen2_tur_cam1_20250123_152738.jpg
crop_7880_pen1_tur_cam2_20250125_070248.jpg,4,pen1_tur_cam2_20250125_070248.jpg
crop_7881_pen1_tur_cam2_20250122_132558.jpg,4,pen1_tur_cam2_20250122_132558.jpg
crop_7882_pen2_tur_cam1_20250109_075850.jpg,4,pen2_tur_cam1_20250109_075850.jpg
crop_7883_pen2_tur_cam1_20250209_120529.jpg,4,pen2_tur_cam1_20250209_120529.jpg
crop_7884_pen2_tur_cam1_20250120_132843.jpg,4,pen2_tur_cam1_20250120_132843.jpg
crop_7885_pen2_orb_cam1_20250108_082116.jpg,4,pen2_orb_cam1_20250108_082116.jpg
crop_7886_pen1_orb_cam2_20250108_090109.jpg,4,pen1_orb_cam2_20250108_090109.jpg
crop_7887_pen2_orb_cam1_20250108_080650.jpg,4,pen2_orb_cam1_20250108_080650.jpg
crop_7888_pen1_tur_cam2_20250127_104002.jpg,4,pen1_tur_cam2_20250127_104002.jpg
crop_7889_pen1_tur_cam2_20250126_122548.jpg,4,pen1_tur_cam2_20250126_122548.jpg
crop_7890_pen2_tur_cam1_20250123_141837.jpg,4,pen2_tur_cam1_20250123_141837.jpg
crop_7891_pen1_tur_cam1_20250203_093547.jpg,4,pen1_tur_cam1_20250203_093547.jpg
crop_7892_pen2_orb_cam1_20250108_085529.jpg,4,pen2_orb_cam1_20250108_085529.jpg
crop_7893_pen2_orb_cam1_20250108_084624.jpg,4,pen2_orb_cam1_20250108_084624.jpg
crop_7894_pen2_tur_cam1_20250109_070243.jpg,4,pen2_tur_cam1_20250109_070243.jpg
crop_7895_pen1_orb_cam2_20250108_090431.jpg,4,pen1_orb_cam2_20250108_090431.jpg
crop_7896_pen2_tur_cam1_20250109_075005.jpg,4,pen2_tur_cam1_20250109_075005.jpg
crop_7897_pen2_tur_cam1_20250109_073839.jpg,4,pen2_tur_cam1_20250109_073839.jpg
crop_7898_pen1_orb_cam1_20250108_090028.jpg,4,pen1_orb_cam1_20250108_090028.jpg
crop_7899_pen1_orb_cam2_20250108_085748.jpg,4,pen1_orb_cam2_20250108_085748.jpg
crop_7900_pen2_tur_cam1_20250123_142537.jpg,4,pen2_tur_cam1_20250123_142537.jpg
crop_7901_pen2_tur_cam1_20250109_080227.jpg,4,pen2_tur_cam1_20250109_080227.jpg
crop_7902_pen1_tur_cam2_20250122_130917.jpg,4,pen1_tur_cam2_20250122_130917.jpg
crop_7903_pen2_tur_cam1_20250109_075822.jpg,4,pen2_tur_cam1_20250109_075822.jpg
crop_7904_pen1_orb_cam1_20250108_085536.jpg,4,pen1_orb_cam1_20250108_085536.jpg
crop_7905_pen2_tur_cam1_20250109_073715.jpg,4,pen2_tur_cam1_20250109_073715.jpg
crop_7906_pen1_tur_cam2_20250127_154527.jpg,4,pen1_tur_cam2_20250127_154527.jpg
crop_7907_pen1_tur_cam2_20250127_105323.jpg,4,pen1_tur_cam2_20250127_105323.jpg
crop_7908_pen2_tur_cam1_20250109_080241.jpg,4,pen2_tur_cam1_20250109_080241.jpg
crop_7909_pen2_orb_cam1_20250108_083730.jpg,4,pen2_orb_cam1_20250108_083730.jpg
crop_7910_pen1_tur_cam2_20250127_114007.jpg,4,pen1_tur_cam2_20250127_114007.jpg
crop_7911_pen1_tur_cam2_20250127_140833.jpg,4,pen1_tur_cam2_20250127_140833.jpg
crop_7912_pen1_tur_cam2_20250122_101530.jpg,4,pen1_tur_cam2_20250122_101530.jpg
crop_7913_pen1_tur_cam2_20250127_104322.jpg,4,pen1_tur_cam2_20250127_104322.jpg
crop_7914_pen2_tur_cam1_20250109_070051.jpg,4,pen2_tur_cam1_20250109_070051.jpg
crop_7915_pen1_orb_cam2_20250108_085834.jpg,4,pen1_orb_cam2_20250108_085834.jpg
crop_7916_pen1_orb_cam2_20250108_091202.jpg,4,pen1_orb_cam2_20250108_091202.jpg
crop_7917_pen1_tur_cam2_20250220_093351.jpg,4,pen1_tur_cam2_20250220_093351.jpg
crop_7918_pen1_tur_cam2_20250125_135615.jpg,4,pen1_tur_cam2_20250125_135615.jpg
crop_7919_pen1_tur_cam2_20250122_100000.jpg,4,pen1_tur_cam2_20250122_100000.jpg
crop_7920_pen1_orb_cam2_20250108_091548.jpg,4,pen1_orb_cam2_20250108_091548.jpg
crop_7921_pen2_tur_cam1_20250124_085955.jpg,4,pen2_tur_cam1_20250124_085955.jpg
crop_7922_pen1_tur_cam2_20250122_125556.jpg,4,pen1_tur_cam2_20250122_125556.jpg
crop_7923_pen1_tur_cam2_20250126_083350.jpg,4,pen1_tur_cam2_20250126_083350.jpg
crop_7924_pen2_tur_cam1_20250109_073207.jpg,4,pen2_tur_cam1_20250109_073207.jpg
crop_7925_pen2_tur_cam1_20250120_134703.jpg,4,pen2_tur_cam1_20250120_134703.jpg
crop_7926_pen2_tur_cam2_20250120_082433.jpg,4,pen2_tur_cam2_20250120_082433.jpg
crop_7927_pen1_orb_cam2_20250108_085219.jpg,4,pen1_orb_cam2_20250108_085219.jpg
crop_7928_pen2_orb_cam1_20250108_080720.jpg,4,pen2_orb_cam1_20250108_080720.jpg
crop_7929_pen1_orb_cam2_20250108_085612.jpg,4,pen1_orb_cam2_20250108_085612.jpg
crop_7930_pen2_tur_cam1_20250109_071519.jpg,4,pen2_tur_cam1_20250109_071519.jpg
crop_7931_pen2_tur_cam1_20250209_131715.jpg,4,pen2_tur_cam1_20250209_131715.jpg
crop_7932_pen1_tur_cam2_20250126_122908.jpg,4,pen1_tur_cam2_20250126_122908.jpg
crop_7933_pen2_tur_cam2_20250120_080932.jpg,4,pen2_tur_cam2_20250120_080932.jpg
crop_7934_pen2_tur_cam1_20250120_143347.jpg,4,pen2_tur_cam1_20250120_143347.jpg
crop_7935_pen2_tur_cam1_20250109_072830.jpg,4,pen2_tur_cam1_20250109_072830.jpg
crop_7936_pen1_orb_cam2_20250108_090248.jpg,4,pen1_orb_cam2_20250108_090248.jpg
crop_7937_pen1_tur_cam2_20250203_100908.jpg,4,pen1_tur_cam2_20250203_100908.jpg
crop_7938_pen2_tur_cam1_20250109_073701.jpg,4,pen2_tur_cam1_20250109_073701.jpg
crop_7939_pen2_tur_cam1_20250109_070126.jpg,4,pen2_tur_cam1_20250109_070126.jpg
crop_7940_pen1_tur_cam2_20250126_103315.jpg,4,pen1_tur_cam2_20250126_103315.jpg
crop_7941_pen1_tur_cam2_20250127_135623.jpg,4,pen1_tur_cam2_20250127_135623.jpg
crop_7942_pen2_tur_cam1_20250120_140205.jpg,4,pen2_tur_cam1_20250120_140205.jpg
crop_7943_pen2_tur_cam1_20250209_101521.jpg,4,pen2_tur_cam1_20250209_101521.jpg
crop_7944_pen2_tur_cam1_20250109_073558.jpg,4,pen2_tur_cam1_20250109_073558.jpg
crop_7945_pen2_tur_cam1_20250123_100000.jpg,4,pen2_tur_cam1_20250123_100000.jpg
crop_7946_pen2_orb_cam1_20250108_082929.jpg,4,pen2_orb_cam1_20250108_082929.jpg
crop_7947_pen1_tur_cam2_20250122_100000.jpg,4,pen1_tur_cam2_20250122_100000.jpg
crop_7948_pen1_tur_cam2_20250125_065928.jpg,4,pen1_tur_cam2_20250125_065928.jpg
crop_7949_pen2_orb_cam1_20250108_083707.jpg,4,pen2_orb_cam1_20250108_083707.jpg
crop_7950_pen1_tur_cam2_20250125_085630.jpg,4,pen1_tur_cam2_20250125_085630.jpg
crop_7951_pen1_orb_cam1_20250108_085204.jpg,4,pen1_orb_cam1_20250108_085204.jpg
crop_7952_pen1_tur_cam2_20250125_103156.jpg,4,pen1_tur_cam2_20250125_103156.jpg
crop_7953_pen2_orb_cam1_20250108_082137.jpg,4,pen2_orb_cam1_20250108_082137.jpg
crop_7954_pen2_tur_cam1_20250109_073715.jpg,4,pen2_tur_cam1_20250109_073715.jpg
crop_7955_pen2_tur_cam1_20250109_080007.jpg,4,pen2_tur_cam1_20250109_080007.jpg
crop_7956_pen1_tur_cam2_20250127_170033.jpg,4,pen1_tur_cam2_20250127_170033.jpg
crop_7957_pen1_tur_cam2_20250203_095547.jpg,4,pen1_tur_cam2_20250203_095547.jpg
crop_7958_pen2_orb_cam1_20250108_083650.jpg,4,pen2_orb_cam1_20250108_083650.jpg
crop_7959_pen2_orb_cam1_20250108_084447.jpg,4,pen2_orb_cam1_20250108_084447.jpg
crop_7960_pen1_tur_cam2_20250207_134938.jpg,4,pen1_tur_cam2_20250207_134938.jpg
crop_7961_pen1_tur_cam2_20250122_142603.jpg,4,pen1_tur_cam2_20250122_142603.jpg
crop_7962_pen2_tur_cam1_20250109_073242.jpg,4,pen2_tur_cam1_20250109_073242.jpg
crop_7963_pen2_tur_cam1_20250120_083253.jpg,4,pen2_tur_cam1_20250120_083253.jpg
crop_7964_pen2_orb_cam1_20250108_080345.jpg,4,pen2_orb_cam1_20250108_080345.jpg
crop_7965_pen2_tur_cam1_20250123_135247.jpg,4,pen2_tur_cam1_20250123_135247.jpg
crop_7966_pen2_tur_cam1_20250109_074340.jpg,4,pen2_tur_cam1_20250109_074340.jpg
crop_7967_pen2_tur_cam1_20250109_075932.jpg,4,pen2_tur_cam1_20250109_075932.jpg
crop_7968_pen1_tur_cam2_20250126_120407.jpg,4,pen1_tur_cam2_20250126_120407.jpg
crop_7969_pen1_tur_cam2_20250125_090140.jpg,4,pen1_tur_cam2_20250125_090140.jpg
crop_7970_pen2_orb_cam1_20250108_082730.jpg,4,pen2_orb_cam1_20250108_082730.jpg
crop_7971_pen2_orb_cam1_20250108_081209.jpg,4,pen2_orb_cam1_20250108_081209.jpg
crop_7972_pen1_tur_cam2_20250122_123414.jpg,4,pen1_tur_cam2_20250122_123414.jpg
crop_7973_pen2_tur_cam1_20250109_073352.jpg,4,pen2_tur_cam1_20250109_073352.jpg
crop_7974_pen2_orb_cam1_20250108_080705.jpg,4,pen2_orb_cam1_20250108_080705.jpg
crop_7975_pen2_tur_cam1_20250123_123332.jpg,4,pen2_tur_cam1_20250123_123332.jpg
crop_7976_pen2_tur_cam1_20250209_132216.jpg,4,pen2_tur_cam1_20250209_132216.jpg
crop_7977_pen2_tur_cam1_20250215_094928.jpg,4,pen2_tur_cam1_20250215_094928.jpg
crop_7978_pen1_tur_cam2_20250126_071344.jpg,4,pen1_tur_cam2_20250126_071344.jpg
crop_7979_pen1_tur_cam2_20250220_073843.jpg,4,pen1_tur_cam2_20250220_073843.jpg
crop_7980_pen1_tur_cam2_20250126_081349.jpg,4,pen1_tur_cam2_20250126_081349.jpg
crop_7981_pen1_orb_cam1_20250108_085848.jpg,4,pen1_orb_cam1_20250108_085848.jpg
crop_7982_pen2_tur_cam1_20250120_085254.jpg,4,pen2_tur_cam1_20250120_085254.jpg
crop_7983_pen2_orb_cam1_20250108_081609.jpg,4,pen2_orb_cam1_20250108_081609.jpg
crop_7984_pen1_tur_cam2_20250127_102502.jpg,4,pen1_tur_cam2_20250127_102502.jpg
crop_7985_pen1_tur_cam2_20250122_124915.jpg,4,pen1_tur_cam2_20250122_124915.jpg
crop_7986_pen1_orb_cam2_20250108_090029.jpg,4,pen1_orb_cam2_20250108_090029.jpg
crop_7987_pen2_orb_cam1_20250108_084452.jpg,4,pen2_orb_cam1_20250108_084452.jpg
crop_7988_pen1_tur_cam2_20250126_094134.jpg,4,pen1_tur_cam2_20250126_094134.jpg
crop_7989_pen1_orb_cam1_20250108_085716.jpg,4,pen1_orb_cam1_20250108_085716.jpg
crop_7990_pen2_tur_cam1_20250109_074703.jpg,4,pen2_tur_cam1_20250109_074703.jpg
crop_7991_pen2_tur_cam1_20250109_070030.jpg,4,pen2_tur_cam1_20250109_070030.jpg
crop_7992_pen1_tur_cam2_20250127_101001.jpg,4,pen1_tur_cam2_20250127_101001.jpg
crop_7993_pen2_orb_cam1_20250108_082535.jpg,4,pen2_orb_cam1_20250108_082535.jpg
crop_7994_pen1_tur_cam2_20250220_101034.jpg,4,pen1_tur_cam2_20250220_101034.jpg
crop_7995_pen1_orb_cam1_20250108_085752.jpg,4,pen1_orb_cam1_20250108_085752.jpg
crop_7996_pen1_orb_cam1_20250108_085209.jpg,4,pen1_orb_cam1_20250108_085209.jpg
crop_7997_pen1_orb_cam2_20250108_090248.jpg,4,pen1_orb_cam2_20250108_090248.jpg
crop_7998_pen2_orb_cam1_20250108_080730.jpg,4,pen2_orb_cam1_20250108_080730.jpg
crop_7999_pen2_tur_cam1_20250109_075026.jpg,4,pen2_tur_cam1_20250109_075026.jpg
crop_8000_pen2_orb_cam1_20250108_081953.jpg,4,pen2_orb_cam1_20250108_081953.jpg
crop_8001_pen2_orb_cam1_20250108_080610.jpg,4,pen2_orb_cam1_20250108_080610.jpg
crop_8002_pen1_tur_cam2_20250127_161850.jpg,4,pen1_tur_cam2_20250127_161850.jpg
crop_8003_pen2_tur_cam1_20250123_143047.jpg,4,pen2_tur_cam1_20250123_143047.jpg
crop_8004_pen1_tur_cam2_20250125_095834.jpg,4,pen1_tur_cam2_20250125_095834.jpg
crop_8005_pen1_orb_cam2_20250108_091448.jpg,4,pen1_orb_cam2_20250108_091448.jpg
crop_8006_pen2_tur_cam1_20250109_073949.jpg,4,pen2_tur_cam1_20250109_073949.jpg
crop_8007_pen1_orb_cam2_20250108_091157.jpg,4,pen1_orb_cam2_20250108_091157.jpg
crop_8008_pen1_tur_cam2_20250127_100820.jpg,4,pen1_tur_cam2_20250127_100820.jpg
crop_8009_pen1_tur_cam2_20250125_135615.jpg,4,pen1_tur_cam2_20250125_135615.jpg
crop_8010_pen2_tur_cam1_20250109_074106.jpg,4,pen2_tur_cam1_20250109_074106.jpg
crop_8011_pen1_tur_cam2_20250122_110711.jpg,4,pen1_tur_cam2_20250122_110711.jpg
crop_8012_pen1_tur_cam2_20250125_062827.jpg,4,pen1_tur_cam2_20250125_062827.jpg
crop_8013_pen1_tur_cam2_20250126_120547.jpg,4,pen1_tur_cam2_20250126_120547.jpg
crop_8014_pen1_tur_cam2_20250127_104823.jpg,4,pen1_tur_cam2_20250127_104823.jpg
crop_8015_pen1_tur_cam2_20250126_103315.jpg,4,pen1_tur_cam2_20250126_103315.jpg
crop_8016_pen1_tur_cam2_20250125_112659.jpg,4,pen1_tur_cam2_20250125_112659.jpg
crop_8017_pen2_tur_cam1_20250109_080508.jpg,4,pen2_tur_cam1_20250109_080508.jpg
crop_8018_pen2_tur_cam1_20250109_075335.jpg,4,pen2_tur_cam1_20250109_075335.jpg
crop_8019_pen1_tur_cam2_20250126_113836.jpg,4,pen1_tur_cam2_20250126_113836.jpg
crop_8020_pen2_tur_cam1_20250123_105325.jpg,4,pen2_tur_cam1_20250123_105325.jpg
crop_8021_pen1_tur_cam2_20250126_111946.jpg,4,pen1_tur_cam2_20250126_111946.jpg
crop_8022_pen1_tur_cam1_20250201_091651.jpg,4,pen1_tur_cam1_20250201_091651.jpg
crop_8023_pen2_tur_cam1_20250109_080646.jpg,4,pen2_tur_cam1_20250109_080646.jpg
crop_8024_pen1_orb_cam2_20250108_090004.jpg,4,pen1_orb_cam2_20250108_090004.jpg
crop_8025_pen1_tur_cam2_20250125_111339.jpg,4,pen1_tur_cam2_20250125_111339.jpg
crop_8026_pen1_tur_cam2_20250122_121412.jpg,4,pen1_tur_cam2_20250122_121412.jpg
crop_8027_pen2_tur_cam1_20250109_075232.jpg,4,pen2_tur_cam1_20250109_075232.jpg
crop_8028_pen2_tur_cam1_20250123_110325.jpg,4,pen2_tur_cam1_20250123_110325.jpg
crop_8029_pen1_tur_cam2_20250207_130754.jpg,4,pen1_tur_cam2_20250207_130754.jpg
crop_8030_pen2_tur_cam1_20250209_085155.jpg,4,pen2_tur_cam1_20250209_085155.jpg
crop_8031_pen1_tur_cam2_20250126_151220.jpg,4,pen1_tur_cam2_20250126_151220.jpg
crop_8032_pen2_tur_cam1_20250120_080251.jpg,4,pen2_tur_cam1_20250120_080251.jpg
crop_8033_pen1_orb_cam2_20250108_090647.jpg,4,pen1_orb_cam2_20250108_090647.jpg
crop_8034_pen1_tur_cam2_20250220_102035.jpg,4,pen1_tur_cam2_20250220_102035.jpg
crop_8035_pen1_tur_cam2_20250127_105003.jpg,4,pen1_tur_cam2_20250127_105003.jpg
crop_8036_pen2_tur_cam1_20250209_111525.jpg,4,pen2_tur_cam1_20250209_111525.jpg
crop_8037_pen1_orb_cam1_20250108_090132.jpg,4,pen1_orb_cam1_20250108_090132.jpg
crop_8038_pen1_tur_cam2_20250127_115508.jpg,4,pen1_tur_cam2_20250127_115508.jpg
crop_8039_pen1_tur_cam2_20250203_104550.jpg,4,pen1_tur_cam2_20250203_104550.jpg
crop_8040_pen2_orb_cam1_20250108_082122.jpg,4,pen2_orb_cam1_20250108_082122.jpg
crop_8041_pen1_tur_cam2_20250125_071308.jpg,4,pen1_tur_cam2_20250125_071308.jpg
crop_8042_pen2_tur_cam1_20250109_072446.jpg,4,pen2_tur_cam1_20250109_072446.jpg
crop_8043_pen1_tur_cam2_20250126_114536.jpg,4,pen1_tur_cam2_20250126_114536.jpg
crop_8044_pen1_tur_cam2_20250126_134915.jpg,4,pen1_tur_cam2_20250126_134915.jpg
crop_8045_pen2_tur_cam1_20250109_075808.jpg,4,pen2_tur_cam1_20250109_075808.jpg
crop_8046_pen2_tur_cam1_20250209_083654.jpg,4,pen2_tur_cam1_20250209_083654.jpg
crop_8047_pen2_tur_cam1_20250109_075953.jpg,4,pen2_tur_cam1_20250109_075953.jpg
crop_8048_pen1_orb_cam2_20250108_090642.jpg,4,pen1_orb_cam2_20250108_090642.jpg
crop_8049_pen1_tur_cam2_20250207_141300.jpg,4,pen1_tur_cam2_20250207_141300.jpg
crop_8050_pen2_tur_cam1_20250209_111024.jpg,4,pen2_tur_cam1_20250209_111024.jpg
crop_8051_pen1_tur_cam2_20250127_113006.jpg,4,pen1_tur_cam2_20250127_113006.jpg
crop_8052_pen1_tur_cam2_20250220_102035.jpg,4,pen1_tur_cam2_20250220_102035.jpg
crop_8053_pen2_tur_cam1_20250109_071657.jpg,4,pen2_tur_cam1_20250109_071657.jpg
crop_8054_pen2_tur_cam1_20250109_080131.jpg,4,pen2_tur_cam1_20250109_080131.jpg
crop_8055_pen2_tur_cam1_20250109_080145.jpg,4,pen2_tur_cam1_20250109_080145.jpg
crop_8056_pen1_tur_cam2_20250127_101001.jpg,4,pen1_tur_cam2_20250127_101001.jpg
crop_8057_pen1_tur_cam2_20250125_115403.jpg,4,pen1_tur_cam2_20250125_115403.jpg
crop_8058_pen1_tur_cam2_20250127_123021.jpg,4,pen1_tur_cam2_20250127_123021.jpg
crop_8059_pen1_tur_cam2_20250125_081149.jpg,4,pen1_tur_cam2_20250125_081149.jpg
crop_8060_pen2_tur_cam1_20250109_080021.jpg,4,pen2_tur_cam1_20250109_080021.jpg
crop_8061_pen2_tur_cam1_20250109_075658.jpg,4,pen2_tur_cam1_20250109_075658.jpg
crop_8062_pen2_tur_cam1_20250109_071210.jpg,4,pen2_tur_cam1_20250109_071210.jpg
crop_8063_pen2_tur_cam1_20250120_112944.jpg,4,pen2_tur_cam1_20250120_112944.jpg
crop_8064_pen1_tur_cam2_20250127_140833.jpg,4,pen1_tur_cam2_20250127_140833.jpg
crop_8065_pen1_tur_cam2_20250125_140825.jpg,4,pen1_tur_cam2_20250125_140825.jpg
crop_8066_pen1_orb_cam2_20250108_091254.jpg,4,pen1_orb_cam2_20250108_091254.jpg
crop_8067_pen2_tur_cam1_20250109_075602.jpg,4,pen2_tur_cam1_20250109_075602.jpg
crop_8068_pen2_tur_cam1_20250109_074902.jpg,4,pen2_tur_cam1_20250109_074902.jpg
crop_8069_pen1_tur_cam2_20250126_093434.jpg,4,pen1_tur_cam2_20250126_093434.jpg
crop_8070_pen2_tur_cam1_20250120_085434.jpg,4,pen2_tur_cam1_20250120_085434.jpg
crop_8071_pen1_tur_cam2_20250126_151220.jpg,4,pen1_tur_cam2_20250126_151220.jpg
crop_8072_pen1_tur_cam2_20250126_131052.jpg,4,pen1_tur_cam2_20250126_131052.jpg
crop_8073_pen1_orb_cam2_20250108_090356.jpg,4,pen1_orb_cam2_20250108_090356.jpg
crop_8074_pen2_orb_cam2_20250217_125259.jpg,4,pen2_orb_cam2_20250217_125259.jpg
crop_8075_pen1_tur_cam2_20250125_123844.jpg,4,pen1_tur_cam2_20250125_123844.jpg
crop_8076_pen1_tur_cam2_20250220_082026.jpg,4,pen1_tur_cam2_20250220_082026.jpg
crop_8077_pen1_orb_cam1_20250108_085948.jpg,4,pen1_orb_cam1_20250108_085948.jpg
crop_8078_pen2_tur_cam1_20250109_074834.jpg,4,pen2_tur_cam1_20250109_074834.jpg
crop_8079_pen2_tur_cam1_20250123_111326.jpg,4,pen2_tur_cam1_20250123_111326.jpg
crop_8080_pen1_tur_cam2_20250122_142603.jpg,4,pen1_tur_cam2_20250122_142603.jpg
crop_8081_pen2_tur_cam1_20250109_075349.jpg,4,pen2_tur_cam1_20250109_075349.jpg
crop_8082_pen1_tur_cam2_20250126_095004.jpg,4,pen1_tur_cam2_20250126_095004.jpg
crop_8083_pen2_orb_cam1_20250108_085439.jpg,4,pen2_orb_cam1_20250108_085439.jpg
crop_8084_pen2_tur_cam1_20250209_084154.jpg,4,pen2_tur_cam1_20250209_084154.jpg
crop_8085_pen2_tur_cam1_20250109_075808.jpg,4,pen2_tur_cam1_20250109_075808.jpg
crop_8086_pen2_tur_cam1_20250123_135947.jpg,4,pen2_tur_cam1_20250123_135947.jpg
crop_8087_pen1_orb_cam2_20250108_090044.jpg,4,pen1_orb_cam2_20250108_090044.jpg
crop_8088_pen1_orb_cam2_20250108_090436.jpg,4,pen1_orb_cam2_20250108_090436.jpg
crop_8089_pen1_tur_cam2_20250122_134419.jpg,4,pen1_tur_cam2_20250122_134419.jpg
crop_8090_pen1_orb_cam2_20250108_091603.jpg,4,pen1_orb_cam2_20250108_091603.jpg
crop_8091_pen2_tur_cam1_20250120_101800.jpg,4,pen2_tur_cam1_20250120_101800.jpg
crop_8092_pen1_tur_cam2_20250122_141922.jpg,4,pen1_tur_cam2_20250122_141922.jpg
crop_8093_pen1_orb_cam2_20250108_090451.jpg,4,pen1_orb_cam2_20250108_090451.jpg
crop_8094_pen1_tur_cam2_20250126_112306.jpg,4,pen1_tur_cam2_20250126_112306.jpg
crop_8095_pen2_tur_cam1_20250109_075733.jpg,4,pen2_tur_cam1_20250109_075733.jpg
crop_8096_pen2_orb_cam1_20250108_080450.jpg,4,pen2_orb_cam1_20250108_080450.jpg
crop_8097_pen1_tur_cam2_20250126_101234.jpg,4,pen1_tur_cam2_20250126_101234.jpg
crop_8098_pen2_tur_cam1_20250109_075719.jpg,4,pen2_tur_cam1_20250109_075719.jpg
crop_8099_pen2_orb_cam1_20250108_082106.jpg,4,pen2_orb_cam1_20250108_082106.jpg
crop_8100_pen1_tur_cam2_20250220_103356.jpg,4,pen1_tur_cam2_20250220_103356.jpg
crop_8101_pen1_tur_cam2_20250220_092030.jpg,4,pen1_tur_cam2_20250220_092030.jpg
crop_8102_pen2_orb_cam1_20250108_080939.jpg,4,pen2_orb_cam1_20250108_080939.jpg
crop_8103_pen2_tur_cam1_20250120_134844.jpg,4,pen2_tur_cam1_20250120_134844.jpg
crop_8104_pen2_tur_cam1_20250209_103022.jpg,4,pen2_tur_cam1_20250209_103022.jpg
crop_8105_pen2_tur_cam1_20250109_073317.jpg,4,pen2_tur_cam1_20250109_073317.jpg
crop_8106_pen2_tur_cam1_20250123_100821.jpg,4,pen2_tur_cam1_20250123_100821.jpg
crop_8107_pen1_tur_cam2_20250126_131552.jpg,4,pen1_tur_cam2_20250126_131552.jpg
crop_8108_pen2_tur_cam1_20250109_075747.jpg,4,pen2_tur_cam1_20250109_075747.jpg
crop_8109_pen1_tur_cam2_20250125_135615.jpg,4,pen1_tur_cam2_20250125_135615.jpg
crop_8110_pen1_tur_cam2_20250125_080449.jpg,4,pen1_tur_cam2_20250125_080449.jpg
crop_8111_pen1_tur_cam2_20250126_105905.jpg,4,pen1_tur_cam2_20250126_105905.jpg
crop_8112_pen1_tur_cam2_20250122_100509.jpg,4,pen1_tur_cam2_20250122_100509.jpg
crop_8113_pen2_tur_cam1_20250209_122710.jpg,4,pen2_tur_cam1_20250209_122710.jpg
crop_8114_pen1_tur_cam2_20250127_123531.jpg,4,pen1_tur_cam2_20250127_123531.jpg
crop_8115_pen2_tur_cam1_20250123_134227.jpg,4,pen2_tur_cam1_20250123_134227.jpg
crop_8116_pen1_tur_cam2_20250122_124055.jpg,4,pen1_tur_cam2_20250122_124055.jpg
crop_8117_pen2_tur_cam1_20250109_075246.jpg,4,pen2_tur_cam1_20250109_075246.jpg
crop_8118_pen1_tur_cam2_20250126_105205.jpg,4,pen1_tur_cam2_20250126_105205.jpg
crop_8119_pen1_tur_cam2_20250127_153346.jpg,4,pen1_tur_cam2_20250127_153346.jpg
crop_8120_pen2_tur_cam1_20250109_080330.jpg,4,pen2_tur_cam1_20250109_080330.jpg
crop_8121_pen2_tur_cam1_20250120_092256.jpg,4,pen2_tur_cam1_20250120_092256.jpg
crop_8122_pen2_orb_cam1_20250108_081524.jpg,4,pen2_orb_cam1_20250108_081524.jpg
crop_8123_pen2_orb_cam1_20250108_083144.jpg,4,pen2_orb_cam1_20250108_083144.jpg
crop_8124_pen1_tur_cam2_20250126_100724.jpg,4,pen1_tur_cam2_20250126_100724.jpg
crop_8125_pen1_orb_cam2_20250108_091518.jpg,4,pen1_orb_cam2_20250108_091518.jpg
crop_8126_pen1_tur_cam2_20250125_131455.jpg,4,pen1_tur_cam2_20250125_131455.jpg
crop_8127_pen1_orb_cam2_20250108_090129.jpg,4,pen1_orb_cam2_20250108_090129.jpg
crop_8128_pen1_orb_cam2_20250108_090507.jpg,4,pen1_orb_cam2_20250108_090507.jpg
crop_8129_pen1_orb_cam2_20250108_134443.jpg,4,pen1_orb_cam2_20250108_134443.jpg
crop_8130_pen1_orb_cam2_20250108_090303.jpg,4,pen1_orb_cam2_20250108_090303.jpg
crop_8131_pen1_tur_cam2_20250126_094454.jpg,4,pen1_tur_cam2_20250126_094454.jpg
crop_8132_pen1_orb_cam2_20250108_090313.jpg,4,pen1_orb_cam2_20250108_090313.jpg
crop_8133_pen1_tur_cam2_20250125_080959.jpg,4,pen1_tur_cam2_20250125_080959.jpg
crop_8134_pen1_tur_cam2_20250125_093152.jpg,4,pen1_tur_cam2_20250125_093152.jpg
crop_8135_pen1_tur_cam2_20250127_155348.jpg,4,pen1_tur_cam2_20250127_155348.jpg
crop_8136_pen2_tur_cam1_20250120_095758.jpg,4,pen2_tur_cam1_20250120_095758.jpg
crop_8137_pen1_orb_cam2_20250108_091218.jpg,4,pen1_orb_cam2_20250108_091218.jpg
crop_8138_pen2_tur_cam1_20250209_105704.jpg,4,pen2_tur_cam1_20250209_105704.jpg
crop_8139_pen1_tur_cam2_20250122_104310.jpg,4,pen1_tur_cam2_20250122_104310.jpg
crop_8140_pen2_tur_cam1_20250120_132843.jpg,4,pen2_tur_cam1_20250120_132843.jpg
crop_8141_pen2_tur_cam1_20250109_075747.jpg,4,pen2_tur_cam1_20250109_075747.jpg
crop_8142_pen1_orb_cam2_20250108_090239.jpg,4,pen1_orb_cam2_20250108_090239.jpg
crop_8143_pen2_tur_cam1_20250120_094938.jpg,4,pen2_tur_cam1_20250120_094938.jpg
crop_8144_pen2_orb_cam1_20250108_082546.jpg,4,pen2_orb_cam1_20250108_082546.jpg
crop_8145_pen2_tur_cam1_20250109_070112.jpg,4,pen2_tur_cam1_20250109_070112.jpg
crop_8146_pen1_tur_cam2_20250125_124354.jpg,4,pen1_tur_cam2_20250125_124354.jpg
crop_8147_pen2_tur_cam1_20250123_145127.jpg,4,pen2_tur_cam1_20250123_145127.jpg
crop_8148_pen2_tur_cam1_20250209_121210.jpg,4,pen2_tur_cam1_20250209_121210.jpg
crop_8149_pen2_tur_cam1_20250109_070016.jpg,4,pen2_tur_cam1_20250109_070016.jpg
crop_8150_pen1_tur_cam2_20250201_092521.jpg,4,pen1_tur_cam2_20250201_092521.jpg
crop_8151_pen2_tur_cam1_20250120_143347.jpg,4,pen2_tur_cam1_20250120_143347.jpg
crop_8152_pen1_tur_cam2_20250127_154026.jpg,4,pen1_tur_cam2_20250127_154026.jpg
crop_8153_pen2_tur_cam1_20250109_080035.jpg,4,pen2_tur_cam1_20250109_080035.jpg
crop_8154_pen2_tur_cam1_20250109_075637.jpg,4,pen2_tur_cam1_20250109_075637.jpg
crop_8155_pen2_tur_cam1_20250123_113008.jpg,4,pen2_tur_cam1_20250123_113008.jpg
crop_8156_pen1_tur_cam2_20250122_111921.jpg,4,pen1_tur_cam2_20250122_111921.jpg
crop_8157_pen1_orb_cam1_20250108_085737.jpg,4,pen1_orb_cam1_20250108_085737.jpg
crop_8158_pen1_tur_cam2_20250220_095033.jpg,4,pen1_tur_cam2_20250220_095033.jpg
crop_8159_pen1_tur_cam2_20250122_125055.jpg,4,pen1_tur_cam2_20250122_125055.jpg
crop_8160_pen1_tur_cam2_20250127_153026.jpg,4,pen1_tur_cam2_20250127_153026.jpg
crop_8161_pen1_tur_cam2_20250203_105411.jpg,4,pen1_tur_cam2_20250203_105411.jpg
crop_8162_pen1_orb_cam1_20250108_090213.jpg,4,pen1_orb_cam1_20250108_090213.jpg
crop_8163_pen2_orb_cam1_20250108_080929.jpg,4,pen2_orb_cam1_20250108_080929.jpg
crop_8164_pen2_orb_cam1_20250108_080904.jpg,4,pen2_orb_cam1_20250108_080904.jpg
crop_8165_pen1_tur_cam2_20250125_113841.jpg,4,pen1_tur_cam2_20250125_113841.jpg
crop_8166_pen2_tur_cam1_20250109_073132.jpg,4,pen2_tur_cam1_20250109_073132.jpg
crop_8167_pen1_tur_cam2_20250126_124910.jpg,4,pen1_tur_cam2_20250126_124910.jpg
crop_8168_pen1_tur_cam2_20250125_121804.jpg,4,pen1_tur_cam2_20250125_121804.jpg
crop_8169_pen1_orb_cam1_20250108_085531.jpg,4,pen1_orb_cam1_20250108_085531.jpg
crop_8170_pen2_tur_cam1_20250109_074429.jpg,4,pen2_tur_cam1_20250109_074429.jpg
crop_8171_pen2_orb_cam1_20250108_081634.jpg,4,pen2_orb_cam1_20250108_081634.jpg
crop_8172_pen2_tur_cam1_20250123_142347.jpg,4,pen2_tur_cam1_20250123_142347.jpg
crop_8173_pen1_tur_cam2_20250125_085820.jpg,4,pen1_tur_cam2_20250125_085820.jpg
crop_8174_pen1_tur_cam2_20250126_091353.jpg,4,pen1_tur_cam2_20250126_091353.jpg
crop_8175_pen1_tur_cam2_20250125_094153.jpg,4,pen1_tur_cam2_20250125_094153.jpg
crop_8176_pen1_orb_cam2_20250108_085526.jpg,4,pen1_orb_cam2_20250108_085526.jpg
crop_8177_pen2_tur_cam1_20250109_071451.jpg,4,pen2_tur_cam1_20250109_071451.jpg
crop_8178_pen1_tur_cam2_20250127_110504.jpg,4,pen1_tur_cam2_20250127_110504.jpg
crop_8179_pen2_tur_cam1_20250109_073537.jpg,4,pen2_tur_cam1_20250109_073537.jpg
crop_8180_pen1_tur_cam2_20250125_064908.jpg,4,pen1_tur_cam2_20250125_064908.jpg
crop_8181_pen2_orb_cam1_20250108_083800.jpg,4,pen2_orb_cam1_20250108_083800.jpg
crop_8182_pen2_tur_cam1_20250109_074642.jpg,4,pen2_tur_cam1_20250109_074642.jpg
crop_8183_pen1_orb_cam2_20250108_090647.jpg,4,pen1_orb_cam2_20250108_090647.jpg
crop_8184_pen2_tur_cam1_20250109_072542.jpg,4,pen2_tur_cam1_20250109_072542.jpg
crop_8185_pen2_orb_cam1_20250108_080854.jpg,4,pen2_orb_cam1_20250108_080854.jpg
crop_8186_pen1_tur_cam2_20250207_123753.jpg,4,pen1_tur_cam2_20250207_123753.jpg
crop_8187_pen2_tur_cam1_20250120_145217.jpg,4,pen2_tur_cam1_20250120_145217.jpg
crop_8188_pen1_orb_cam2_20250108_090830.jpg,4,pen1_orb_cam2_20250108_090830.jpg
crop_8189_pen1_tur_cam2_20250122_111731.jpg,4,pen1_tur_cam2_20250122_111731.jpg
crop_8190_pen2_orb_cam1_20250108_084520.jpg,4,pen2_orb_cam1_20250108_084520.jpg
crop_8191_pen1_tur_cam2_20250122_092539.jpg,4,pen1_tur_cam2_20250122_092539.jpg
crop_8192_pen2_tur_cam1_20250109_074855.jpg,4,pen2_tur_cam1_20250109_074855.jpg
crop_8193_pen2_orb_cam1_20250108_083346.jpg,4,pen2_orb_cam1_20250108_083346.jpg
crop_8194_pen1_tur_cam2_20250122_130557.jpg,4,pen1_tur_cam2_20250122_130557.jpg
crop_8195_pen1_tur_cam2_20250125_093833.jpg,4,pen1_tur_cam2_20250125_093833.jpg
crop_8196_pen2_orb_cam1_20250108_083045.jpg,4,pen2_orb_cam1_20250108_083045.jpg
crop_8197_pen2_tur_cam1_20250109_072603.jpg,4,pen2_tur_cam1_20250109_072603.jpg
crop_8198_pen1_orb_cam2_20250108_090707.jpg,4,pen1_orb_cam2_20250108_090707.jpg
crop_8199_pen2_tur_cam1_20250109_080454.jpg,4,pen2_tur_cam1_20250109_080454.jpg
crop_8200_pen2_tur_cam1_20250209_071649.jpg,4,pen2_tur_cam1_20250209_071649.jpg
crop_8201_pen1_orb_cam2_20250108_090229.jpg,4,pen1_orb_cam2_20250108_090229.jpg
crop_8202_pen2_tur_cam1_20250120_113445.jpg,4,pen2_tur_cam1_20250120_113445.jpg
crop_8203_pen1_tur_cam2_20250127_153846.jpg,4,pen1_tur_cam2_20250127_153846.jpg
crop_8204_pen2_orb_cam1_20250108_084726.jpg,4,pen2_orb_cam1_20250108_084726.jpg
crop_8205_pen1_tur_cam2_20250127_151344.jpg,4,pen1_tur_cam2_20250127_151344.jpg
crop_8206_pen2_tur_cam1_20250109_080152.jpg,4,pen2_tur_cam1_20250109_080152.jpg
crop_8207_pen1_tur_cam2_20250125_093833.jpg,4,pen1_tur_cam2_20250125_093833.jpg
crop_8208_pen1_tur_cam2_20250122_134059.jpg,4,pen1_tur_cam2_20250122_134059.jpg
crop_8209_pen2_tur_cam1_20250109_075136.jpg,4,pen2_tur_cam1_20250109_075136.jpg
crop_8210_pen1_tur_cam2_20250122_131417.jpg,4,pen1_tur_cam2_20250122_131417.jpg
crop_8211_pen1_orb_cam1_20250108_085526.jpg,4,pen1_orb_cam1_20250108_085526.jpg
crop_8212_pen2_orb_cam1_20250108_084458.jpg,4,pen2_orb_cam1_20250108_084458.jpg
crop_8213_pen1_tur_cam2_20250126_095154.jpg,4,pen1_tur_cam2_20250126_095154.jpg
crop_8214_pen1_tur_cam2_20250220_091530.jpg,4,pen1_tur_cam2_20250220_091530.jpg
crop_8215_pen1_tur_cam2_20250126_081529.jpg,4,pen1_tur_cam2_20250126_081529.jpg
crop_8216_pen1_tur_cam2_20250126_085031.jpg,4,pen1_tur_cam2_20250126_085031.jpg
crop_8217_pen1_tur_cam2_20250126_082531.jpg,4,pen1_tur_cam2_20250126_082531.jpg
crop_8218_pen1_tur_cam2_20250127_152345.jpg,4,pen1_tur_cam2_20250127_152345.jpg
crop_8219_pen1_tur_cam2_20250207_140759.jpg,4,pen1_tur_cam2_20250207_140759.jpg
crop_8220_pen1_tur_cam2_20250125_074049.jpg,4,pen1_tur_cam2_20250125_074049.jpg
crop_8221_pen1_tur_cam2_20250207_140439.jpg,4,pen1_tur_cam2_20250207_140439.jpg
crop_8222_pen1_tur_cam2_20250127_145824.jpg,4,pen1_tur_cam2_20250127_145824.jpg
crop_8223_pen2_tur_cam1_20250120_110803.jpg,4,pen2_tur_cam1_20250120_110803.jpg
crop_8224_pen2_tur_cam1_20250109_073804.jpg,4,pen2_tur_cam1_20250109_073804.jpg
crop_8225_pen1_orb_cam2_20250108_091503.jpg,4,pen1_orb_cam2_20250108_091503.jpg
crop_8226_pen2_tur_cam1_20250123_141837.jpg,4,pen2_tur_cam1_20250123_141837.jpg
crop_8227_pen1_tur_cam2_20250125_092652.jpg,4,pen1_tur_cam2_20250125_092652.jpg
crop_8228_pen2_tur_cam1_20250209_122531.jpg,4,pen2_tur_cam1_20250209_122531.jpg
crop_8229_pen1_tur_cam2_20250126_122548.jpg,4,pen1_tur_cam2_20250126_122548.jpg
crop_8230_pen2_tur_cam1_20250120_082752.jpg,4,pen2_tur_cam1_20250120_082752.jpg
crop_8231_pen2_orb_cam1_20250108_082807.jpg,4,pen2_orb_cam1_20250108_082807.jpg
crop_8232_pen2_tur_cam1_20250109_072425.jpg,4,pen2_tur_cam1_20250109_072425.jpg
crop_8233_pen2_tur_cam1_20250209_071509.jpg,4,pen2_tur_cam1_20250209_071509.jpg
crop_8234_pen1_tur_cam2_20250127_123341.jpg,4,pen1_tur_cam2_20250127_123341.jpg
crop_8235_pen1_tur_cam2_20250125_061816.jpg,4,pen1_tur_cam2_20250125_061816.jpg
crop_8236_pen1_tur_cam2_20250125_124904.jpg,4,pen1_tur_cam2_20250125_124904.jpg
crop_8237_pen1_tur_cam2_20250122_095639.jpg,4,pen1_tur_cam2_20250122_095639.jpg
crop_8238_pen1_tur_cam2_20250122_091538.jpg,4,pen1_tur_cam2_20250122_091538.jpg
crop_8239_pen2_tur_cam1_20250109_072336.jpg,4,pen2_tur_cam1_20250109_072336.jpg
crop_8240_pen1_tur_cam2_20250125_113700.jpg,4,pen1_tur_cam2_20250125_113700.jpg
crop_8241_pen1_tur_cam2_20250220_085029.jpg,4,pen1_tur_cam2_20250220_085029.jpg
crop_8242_pen1_orb_cam2_20250108_083301.jpg,4,pen1_orb_cam2_20250108_083301.jpg
crop_8243_pen2_tur_cam1_20250209_103202.jpg,4,pen2_tur_cam1_20250209_103202.jpg
crop_8244_pen2_orb_cam1_20250108_080435.jpg,4,pen2_orb_cam1_20250108_080435.jpg
crop_8245_pen1_tur_cam2_20250122_105330.jpg,4,pen1_tur_cam2_20250122_105330.jpg
crop_8246_pen2_tur_cam1_20250109_074848.jpg,4,pen2_tur_cam1_20250109_074848.jpg
crop_8247_pen2_tur_cam1_20250209_122531.jpg,4,pen2_tur_cam1_20250209_122531.jpg
crop_8248_pen2_tur_cam1_20250120_093937.jpg,4,pen2_tur_cam1_20250120_093937.jpg
crop_8249_pen2_tur_cam1_20250209_120029.jpg,4,pen2_tur_cam1_20250209_120029.jpg
crop_8250_pen1_orb_cam2_20250108_082916.jpg,4,pen1_orb_cam2_20250108_082916.jpg
crop_8251_pen2_tur_cam1_20250123_145958.jpg,4,pen2_tur_cam1_20250123_145958.jpg
crop_8252_pen2_tur_cam1_20250209_125032.jpg,4,pen2_tur_cam1_20250209_125032.jpg
crop_8253_pen2_tur_cam1_20250120_082432.jpg,4,pen2_tur_cam1_20250120_082432.jpg
crop_8254_pen1_tur_cam2_20250126_134554.jpg,4,pen1_tur_cam2_20250126_134554.jpg
crop_8255_pen2_tur_cam1_20250109_074635.jpg,4,pen2_tur_cam1_20250109_074635.jpg
crop_8256_pen2_tur_cam1_20250109_080049.jpg,4,pen2_tur_cam1_20250109_080049.jpg
crop_8257_pen2_orb_cam1_20250108_084152.jpg,4,pen2_orb_cam1_20250108_084152.jpg
crop_8258_pen2_tur_cam1_20250109_075726.jpg,4,pen2_tur_cam1_20250109_075726.jpg
crop_8259_pen1_tur_cam2_20250127_104002.jpg,4,pen1_tur_cam2_20250127_104002.jpg
crop_8260_pen2_tur_cam1_20250109_070154.jpg,4,pen2_tur_cam1_20250109_070154.jpg
crop_8261_pen2_tur_cam1_20250123_120510.jpg,4,pen2_tur_cam1_20250123_120510.jpg
crop_8262_pen1_tur_cam2_20250122_141922.jpg,4,pen1_tur_cam2_20250122_141922.jpg
crop_8263_pen2_tur_cam1_20250209_103702.jpg,4,pen2_tur_cam1_20250209_103702.jpg
crop_8264_pen1_tur_cam2_20250126_095154.jpg,4,pen1_tur_cam2_20250126_095154.jpg
crop_8265_pen2_tur_cam1_20250123_103823.jpg,4,pen2_tur_cam1_20250123_103823.jpg
crop_8266_pen1_tur_cam2_20250127_113006.jpg,4,pen1_tur_cam2_20250127_113006.jpg
crop_8267_pen2_orb_cam1_20250108_081754.jpg,4,pen2_orb_cam1_20250108_081754.jpg
crop_8268_pen1_tur_cam2_20250125_064358.jpg,4,pen1_tur_cam2_20250125_064358.jpg
crop_8269_pen2_tur_cam1_20250109_074930.jpg,4,pen2_tur_cam1_20250109_074930.jpg
crop_8270_pen2_orb_cam1_20250108_083449.jpg,4,pen2_orb_cam1_20250108_083449.jpg
crop_8271_pen1_tur_cam2_20250127_103002.jpg,4,pen1_tur_cam2_20250127_103002.jpg
crop_8272_pen2_tur_cam1_20250109_075520.jpg,4,pen2_tur_cam1_20250109_075520.jpg
crop_8273_pen2_orb_cam1_20250108_084618.jpg,4,pen2_orb_cam1_20250108_084618.jpg
crop_8274_pen1_orb_cam2_20250108_090753.jpg,4,pen1_orb_cam2_20250108_090753.jpg
crop_8275_pen1_tur_cam2_20250122_133559.jpg,4,pen1_tur_cam2_20250122_133559.jpg
crop_8276_pen1_orb_cam2_20250108_090742.jpg,4,pen1_orb_cam2_20250108_090742.jpg
crop_8277_pen2_orb_cam1_20250108_082551.jpg,4,pen2_orb_cam1_20250108_082551.jpg
crop_8278_pen1_tur_cam2_20250220_074024.jpg,4,pen1_tur_cam2_20250220_074024.jpg
crop_8279_pen1_orb_cam2_20250108_091152.jpg,4,pen1_orb_cam2_20250108_091152.jpg
crop_8280_pen1_tur_cam2_20250126_095514.jpg,4,pen1_tur_cam2_20250126_095514.jpg
crop_8281_pen2_tur_cam1_20250109_070414.jpg,4,pen2_tur_cam1_20250109_070414.jpg
crop_8282_pen1_tur_cam2_20250126_070844.jpg,4,pen1_tur_cam2_20250126_070844.jpg
crop_8283_pen2_tur_cam1_20250109_074230.jpg,4,pen2_tur_cam1_20250109_074230.jpg
crop_8284_pen2_tur_cam1_20250109_073228.jpg,4,pen2_tur_cam1_20250109_073228.jpg
crop_8285_pen2_tur_cam1_20250109_075246.jpg,4,pen2_tur_cam1_20250109_075246.jpg
crop_8286_pen2_tur_cam1_20250109_070112.jpg,4,pen2_tur_cam1_20250109_070112.jpg
crop_8287_pen1_tur_cam2_20250126_101554.jpg,4,pen1_tur_cam2_20250126_101554.jpg
crop_8288_pen2_tur_cam1_20250109_075328.jpg,4,pen2_tur_cam1_20250109_075328.jpg
crop_8289_pen1_tur_cam2_20250125_064358.jpg,4,pen1_tur_cam2_20250125_064358.jpg
crop_8290_pen2_tur_cam1_20250123_132856.jpg,4,pen2_tur_cam1_20250123_132856.jpg
crop_8291_pen1_tur_cam2_20250125_140635.jpg,4,pen1_tur_cam2_20250125_140635.jpg
crop_8292_pen2_tur_cam1_20250209_150543.jpg,4,pen2_tur_cam1_20250209_150543.jpg
crop_8293_pen2_tur_cam1_20250209_122030.jpg,4,pen2_tur_cam1_20250209_122030.jpg
crop_8294_pen2_tur_cam1_20250109_070037.jpg,4,pen2_tur_cam1_20250109_070037.jpg
crop_8295_pen2_orb_cam1_20250108_081943.jpg,4,pen2_orb_cam1_20250108_081943.jpg
crop_8296_pen1_tur_cam2_20250126_091544.jpg,4,pen1_tur_cam2_20250126_091544.jpg
crop_8297_pen2_tur_cam1_20250109_075857.jpg,4,pen2_tur_cam1_20250109_075857.jpg
crop_8298_pen2_tur_cam1_20250109_074141.jpg,4,pen2_tur_cam1_20250109_074141.jpg
crop_8299_pen2_orb_cam1_20250108_080859.jpg,4,pen2_orb_cam1_20250108_080859.jpg
crop_8300_pen1_tur_cam2_20250127_105323.jpg,4,pen1_tur_cam2_20250127_105323.jpg
crop_8301_pen1_orb_cam1_20250108_085606.jpg,4,pen1_orb_cam1_20250108_085606.jpg
crop_8302_pen1_tur_cam2_20250126_134554.jpg,4,pen1_tur_cam2_20250126_134554.jpg
crop_8303_pen2_orb_cam1_20250108_083438.jpg,4,pen2_orb_cam1_20250108_083438.jpg
crop_8304_pen1_tur_cam2_20250125_104837.jpg,4,pen1_tur_cam2_20250125_104837.jpg
crop_8305_pen2_tur_cam1_20250120_112304.jpg,4,pen2_tur_cam1_20250120_112304.jpg
crop_8306_pen1_orb_cam2_20250108_090748.jpg,4,pen1_orb_cam2_20250108_090748.jpg
crop_8307_pen1_tur_cam2_20250125_145719.jpg,4,pen1_tur_cam2_20250125_145719.jpg
crop_8308_pen1_orb_cam1_20250108_090038.jpg,4,pen1_orb_cam1_20250108_090038.jpg
crop_8309_pen2_tur_cam1_20250109_074656.jpg,4,pen2_tur_cam1_20250109_074656.jpg
crop_8310_pen2_tur_cam1_20250123_143918.jpg,4,pen2_tur_cam1_20250123_143918.jpg
crop_8311_pen1_tur_cam2_20250127_150334.jpg,4,pen1_tur_cam2_20250127_150334.jpg
crop_8312_pen2_tur_cam1_20250109_070208.jpg,4,pen2_tur_cam1_20250109_070208.jpg
crop_8313_pen1_tur_cam2_20250127_141343.jpg,4,pen1_tur_cam2_20250127_141343.jpg
crop_8314_pen1_orb_cam2_20250108_091157.jpg,4,pen1_orb_cam2_20250108_091157.jpg
crop_8315_pen1_tur_cam2_20250122_142923.jpg,4,pen1_tur_cam2_20250122_142923.jpg
crop_8316_pen1_orb_cam1_20250108_085657.jpg,4,pen1_orb_cam1_20250108_085657.jpg
crop_8317_pen2_tur_cam1_20250120_132701.jpg,4,pen2_tur_cam1_20250120_132701.jpg
crop_8318_pen1_orb_cam2_20250108_090303.jpg,4,pen1_orb_cam2_20250108_090303.jpg
crop_8319_pen2_tur_cam1_20250109_075356.jpg,4,pen2_tur_cam1_20250109_075356.jpg
crop_8320_pen2_tur_cam1_20250109_075040.jpg,4,pen2_tur_cam1_20250109_075040.jpg
crop_8321_pen2_orb_cam1_20250108_084352.jpg,4,pen2_orb_cam1_20250108_084352.jpg
crop_8322_pen2_orb_cam1_20250108_080835.jpg,4,pen2_orb_cam1_20250108_080835.jpg
crop_8323_pen1_tur_cam2_20250127_105003.jpg,4,pen1_tur_cam2_20250127_105003.jpg
crop_8324_pen2_tur_cam1_20250109_080618.jpg,4,pen2_tur_cam1_20250109_080618.jpg
crop_8325_pen2_tur_cam1_20250120_143347.jpg,4,pen2_tur_cam1_20250120_143347.jpg
crop_8326_pen2_tur_cam1_20250123_153058.jpg,4,pen2_tur_cam1_20250123_153058.jpg
crop_8327_pen2_orb_cam1_20250108_082407.jpg,4,pen2_orb_cam1_20250108_082407.jpg
crop_8328_pen1_tur_cam2_20250127_150524.jpg,4,pen1_tur_cam2_20250127_150524.jpg
crop_8329_pen2_tur_cam1_20250123_151018.jpg,4,pen2_tur_cam1_20250123_151018.jpg
crop_8330_pen1_orb_cam2_20250108_090542.jpg,4,pen1_orb_cam2_20250108_090542.jpg
crop_8331_pen2_tur_cam1_20250120_102800.jpg,4,pen2_tur_cam1_20250120_102800.jpg
crop_8332_pen2_tur_cam1_20250109_074944.jpg,4,pen2_tur_cam1_20250109_074944.jpg
crop_8333_pen1_tur_cam2_20250127_124041.jpg,4,pen1_tur_cam2_20250127_124041.jpg
crop_8334_pen2_tur_cam1_20250109_075822.jpg,4,pen2_tur_cam1_20250109_075822.jpg
crop_8335_pen1_orb_cam2_20250108_085738.jpg,4,pen1_orb_cam2_20250108_085738.jpg
crop_8336_pen2_orb_cam1_20250108_083002.jpg,4,pen2_orb_cam1_20250108_083002.jpg
crop_8337_pen2_tur_cam1_20250209_080512.jpg,4,pen2_tur_cam1_20250209_080512.jpg
crop_8338_pen2_tur_cam1_20250109_080653.jpg,4,pen2_tur_cam1_20250109_080653.jpg
crop_8339_pen1_tur_cam2_20250127_170033.jpg,4,pen1_tur_cam2_20250127_170033.jpg
crop_8340_pen2_orb_cam1_20250108_082602.jpg,4,pen2_orb_cam1_20250108_082602.jpg
crop_8341_pen1_orb_cam2_20250108_090820.jpg,4,pen1_orb_cam2_20250108_090820.jpg
crop_8342_pen2_tur_cam1_20250109_073001.jpg,4,pen2_tur_cam1_20250109_073001.jpg
crop_8343_pen2_tur_cam1_20250123_102002.jpg,4,pen2_tur_cam1_20250123_102002.jpg
crop_8344_pen2_tur_cam1_20250109_073708.jpg,4,pen2_tur_cam1_20250109_073708.jpg
crop_8345_pen1_orb_cam2_20250108_085904.jpg,4,pen1_orb_cam2_20250108_085904.jpg
crop_8346_pen1_tur_cam2_20250126_082349.jpg,4,pen1_tur_cam2_20250126_082349.jpg
crop_8347_pen2_tur_cam1_20250209_074150.jpg,4,pen2_tur_cam1_20250209_074150.jpg
crop_8348_pen1_orb_cam2_20250108_085748.jpg,4,pen1_orb_cam2_20250108_085748.jpg
crop_8349_pen2_tur_cam1_20250120_140846.jpg,4,pen2_tur_cam1_20250120_140846.jpg
crop_8350_pen1_tur_cam2_20250125_121954.jpg,4,pen1_tur_cam2_20250125_121954.jpg
crop_8351_pen2_orb_cam1_20250108_085107.jpg,4,pen2_orb_cam1_20250108_085107.jpg
crop_8352_pen1_tur_cam2_20250125_125924.jpg,4,pen1_tur_cam2_20250125_125924.jpg
crop_8353_pen2_tur_cam1_20250120_091936.jpg,4,pen2_tur_cam1_20250120_091936.jpg
crop_8354_pen2_tur_cam1_20250109_075904.jpg,4,pen2_tur_cam1_20250109_075904.jpg
crop_8355_pen2_tur_cam1_20250120_122308.jpg,4,pen2_tur_cam1_20250120_122308.jpg
crop_8356_pen2_orb_cam1_20250108_080715.jpg,4,pen2_orb_cam1_20250108_080715.jpg
crop_8357_pen2_orb_cam1_20250108_080934.jpg,4,pen2_orb_cam1_20250108_080934.jpg
crop_8358_pen2_tur_cam1_20250109_080302.jpg,4,pen2_tur_cam1_20250109_080302.jpg
crop_8359_pen2_tur_cam1_20250109_074518.jpg,4,pen2_tur_cam1_20250109_074518.jpg
crop_8360_pen2_orb_cam1_20250108_082631.jpg,4,pen2_orb_cam1_20250108_082631.jpg
crop_8361_pen1_tur_cam2_20250202_153944.jpg,4,pen1_tur_cam2_20250202_153944.jpg
crop_8362_pen1_tur_cam2_20250126_082531.jpg,4,pen1_tur_cam2_20250126_082531.jpg
crop_8363_pen1_tur_cam2_20250122_134559.jpg,4,pen1_tur_cam2_20250122_134559.jpg
crop_8364_pen1_orb_cam2_20250108_134508.jpg,4,pen1_orb_cam2_20250108_134508.jpg
crop_8365_pen2_tur_cam1_20250109_070353.jpg,4,pen2_tur_cam1_20250109_070353.jpg
crop_8366_pen2_tur_cam1_20250109_073907.jpg,4,pen2_tur_cam1_20250109_073907.jpg
crop_8367_pen1_tur_cam2_20250126_095704.jpg,4,pen1_tur_cam2_20250126_095704.jpg
crop_8368_pen1_tur_cam2_20250122_112941.jpg,4,pen1_tur_cam2_20250122_112941.jpg
crop_8369_pen2_tur_cam1_20250109_080611.jpg,4,pen2_tur_cam1_20250109_080611.jpg
crop_8370_pen2_orb_cam1_20250108_081709.jpg,4,pen2_orb_cam1_20250108_081709.jpg
crop_8371_pen1_tur_cam2_20250122_124415.jpg,4,pen1_tur_cam2_20250122_124415.jpg
crop_8372_pen1_orb_cam2_20250108_133045.jpg,4,pen1_orb_cam2_20250108_133045.jpg
crop_8373_pen1_tur_cam2_20250127_111005.jpg,4,pen1_tur_cam2_20250127_111005.jpg
crop_8374_pen2_orb_cam1_20250108_084629.jpg,4,pen2_orb_cam1_20250108_084629.jpg
crop_8375_pen2_tur_cam1_20250209_113207.jpg,4,pen2_tur_cam1_20250209_113207.jpg
crop_8376_pen1_orb_cam2_20250108_091137.jpg,4,pen1_orb_cam2_20250108_091137.jpg
crop_8377_pen2_tur_cam1_20250109_073057.jpg,4,pen2_tur_cam1_20250109_073057.jpg
crop_8378_pen2_orb_cam1_20250108_084754.jpg,4,pen2_orb_cam1_20250108_084754.jpg
crop_8379_pen2_tur_cam1_20250109_073242.jpg,4,pen2_tur_cam1_20250109_073242.jpg
crop_8380_pen2_orb_cam1_20250108_084204.jpg,4,pen2_orb_cam1_20250108_084204.jpg
crop_8381_pen1_tur_cam2_20250126_084851.jpg,4,pen1_tur_cam2_20250126_084851.jpg
crop_8382_pen2_orb_cam1_20250108_082412.jpg,4,pen2_orb_cam1_20250108_082412.jpg
crop_8383_pen1_tur_cam2_20250125_093833.jpg,4,pen1_tur_cam2_20250125_093833.jpg
crop_8384_pen2_orb_cam2_20250217_130631.jpg,4,pen2_orb_cam2_20250217_130631.jpg
crop_8385_pen1_orb_cam2_20250108_090622.jpg,4,pen1_orb_cam2_20250108_090622.jpg
crop_8386_pen2_orb_cam1_20250108_084704.jpg,4,pen2_orb_cam1_20250108_084704.jpg
crop_8387_pen1_tur_cam2_20250207_134257.jpg,4,pen1_tur_cam2_20250207_134257.jpg
crop_8388_pen2_tur_cam1_20250109_080344.jpg,4,pen2_tur_cam1_20250109_080344.jpg
crop_8389_pen2_tur_cam1_20250109_074237.jpg,4,pen2_tur_cam1_20250109_074237.jpg
crop_8390_pen2_tur_cam1_20250109_073214.jpg,4,pen2_tur_cam1_20250109_073214.jpg
crop_8391_pen2_tur_cam1_20250109_074841.jpg,4,pen2_tur_cam1_20250109_074841.jpg
crop_8392_pen2_tur_cam1_20250109_080358.jpg,4,pen2_tur_cam1_20250109_080358.jpg
crop_8393_pen2_tur_cam1_20250109_075705.jpg,4,pen2_tur_cam1_20250109_075705.jpg
crop_8394_pen1_tur_cam2_20250125_141337.jpg,4,pen1_tur_cam2_20250125_141337.jpg
crop_8395_pen1_tur_cam2_20250122_093559.jpg,4,pen1_tur_cam2_20250122_093559.jpg
crop_8396_pen2_orb_cam1_20250108_084743.jpg,4,pen2_orb_cam1_20250108_084743.jpg
crop_8397_pen1_tur_cam2_20250126_151540.jpg,4,pen1_tur_cam2_20250126_151540.jpg
crop_8398_pen1_tur_cam2_20250220_092851.jpg,4,pen1_tur_cam2_20250220_092851.jpg
crop_8399_pen1_tur_cam2_20250122_111221.jpg,4,pen1_tur_cam2_20250122_111221.jpg
crop_8400_pen1_orb_cam2_20250108_131848.jpg,4,pen1_orb_cam2_20250108_131848.jpg
crop_8401_pen1_tur_cam2_20250126_084350.jpg,4,pen1_tur_cam2_20250126_084350.jpg
crop_8402_pen2_tur_cam2_20250120_082433.jpg,4,pen2_tur_cam2_20250120_082433.jpg
crop_8403_pen2_tur_cam1_20250109_070009.jpg,4,pen2_tur_cam1_20250109_070009.jpg
crop_8404_pen2_orb_cam1_20250108_080625.jpg,4,pen2_orb_cam1_20250108_080625.jpg
crop_8405_pen1_tur_cam2_20250125_135805.jpg,4,pen1_tur_cam2_20250125_135805.jpg
crop_8406_pen2_tur_cam1_20250109_074628.jpg,4,pen2_tur_cam1_20250109_074628.jpg
crop_8407_pen2_tur_cam1_20250109_080028.jpg,4,pen2_tur_cam1_20250109_080028.jpg
crop_8408_pen2_tur_cam1_20250109_073949.jpg,4,pen2_tur_cam1_20250109_073949.jpg
crop_8409_pen2_tur_cam1_20250120_084253.jpg,4,pen2_tur_cam1_20250120_084253.jpg
crop_8410_pen1_tur_cam2_20250125_135805.jpg,4,pen1_tur_cam2_20250125_135805.jpg
crop_8411_pen2_orb_cam1_20250108_080730.jpg,4,pen2_orb_cam1_20250108_080730.jpg
crop_8412_pen2_tur_cam1_20250109_075623.jpg,4,pen2_tur_cam1_20250109_075623.jpg
crop_8413_pen1_tur_cam2_20250125_082209.jpg,4,pen1_tur_cam2_20250125_082209.jpg
crop_8414_pen1_tur_cam2_20250125_131134.jpg,4,pen1_tur_cam2_20250125_131134.jpg
crop_8415_pen2_tur_cam1_20250109_073825.jpg,4,pen2_tur_cam1_20250109_073825.jpg
crop_8416_pen1_orb_cam1_20250108_085918.jpg,4,pen1_orb_cam1_20250108_085918.jpg
crop_8417_pen1_orb_cam2_20250108_090248.jpg,4,pen1_orb_cam2_20250108_090248.jpg
crop_8418_pen2_tur_cam1_20250109_074237.jpg,4,pen2_tur_cam1_20250109_074237.jpg
crop_8419_pen2_tur_cam1_20250120_090755.jpg,4,pen2_tur_cam1_20250120_090755.jpg
crop_8420_pen1_tur_cam2_20250122_115341.jpg,4,pen1_tur_cam2_20250122_115341.jpg
crop_8421_pen1_tur_cam2_20250126_141557.jpg,4,pen1_tur_cam2_20250126_141557.jpg
crop_8422_pen1_orb_cam1_20250108_085943.jpg,4,pen1_orb_cam1_20250108_085943.jpg
crop_8423_pen2_orb_cam1_20250108_085107.jpg,4,pen2_orb_cam1_20250108_085107.jpg
crop_8424_pen2_tur_cam1_20250109_074113.jpg,4,pen2_tur_cam1_20250109_074113.jpg
crop_8425_pen2_tur_cam1_20250120_112444.jpg,4,pen2_tur_cam1_20250120_112444.jpg
crop_8426_pen2_tur_cam1_20250109_080234.jpg,4,pen2_tur_cam1_20250109_080234.jpg
crop_8427_pen2_tur_cam1_20250123_113508.jpg,4,pen2_tur_cam1_20250123_113508.jpg
crop_8428_pen1_orb_cam2_20250108_083301.jpg,4,pen1_orb_cam2_20250108_083301.jpg
crop_8429_pen2_orb_cam1_20250108_082238.jpg,4,pen2_orb_cam1_20250108_082238.jpg
crop_8430_pen2_tur_cam1_20250209_114708.jpg,4,pen2_tur_cam1_20250209_114708.jpg
crop_8431_pen1_tur_cam2_20250126_071024.jpg,4,pen1_tur_cam2_20250126_071024.jpg
crop_8432_pen1_tur_cam2_20250127_111005.jpg,4,pen1_tur_cam2_20250127_111005.jpg
crop_8433_pen2_orb_cam1_20250108_082445.jpg,4,pen2_orb_cam1_20250108_082445.jpg
crop_8434_pen1_orb_cam2_20250108_085914.jpg,4,pen1_orb_cam2_20250108_085914.jpg
crop_8435_pen1_orb_cam2_20250108_090351.jpg,4,pen1_orb_cam2_20250108_090351.jpg
crop_8436_pen1_orb_cam2_20250108_090916.jpg,4,pen1_orb_cam2_20250108_090916.jpg
crop_8437_pen1_tur_cam2_20250125_093332.jpg,4,pen1_tur_cam2_20250125_093332.jpg
crop_8438_pen1_orb_cam2_20250108_090657.jpg,4,pen1_orb_cam2_20250108_090657.jpg
crop_8439_pen1_tur_cam2_20250127_143423.jpg,4,pen1_tur_cam2_20250127_143423.jpg
crop_8440_pen1_orb_cam2_20250108_090537.jpg,4,pen1_orb_cam2_20250108_090537.jpg
crop_8441_pen1_orb_cam1_20250108_085627.jpg,4,pen1_orb_cam1_20250108_085627.jpg
crop_8442_pen1_tur_cam2_20250203_105911.jpg,4,pen1_tur_cam2_20250203_105911.jpg
crop_8443_pen2_tur_cam1_20250109_074752.jpg,4,pen2_tur_cam1_20250109_074752.jpg
crop_8444_pen2_tur_cam1_20250123_113508.jpg,4,pen2_tur_cam1_20250123_113508.jpg
crop_8445_pen1_tur_cam2_20250122_092038.jpg,4,pen1_tur_cam2_20250122_092038.jpg
crop_8446_pen1_orb_cam2_20250108_091249.jpg,4,pen1_orb_cam2_20250108_091249.jpg
crop_8447_pen1_tur_cam2_20250127_110824.jpg,4,pen1_tur_cam2_20250127_110824.jpg
crop_8448_pen2_tur_cam1_20250123_105825.jpg,4,pen2_tur_cam1_20250123_105825.jpg
crop_8449_pen2_tur_cam1_20250109_070147.jpg,4,pen2_tur_cam1_20250109_070147.jpg
crop_8450_pen1_orb_cam2_20250108_085919.jpg,4,pen1_orb_cam2_20250108_085919.jpg
crop_8451_pen2_tur_cam1_20250109_073900.jpg,4,pen2_tur_cam1_20250109_073900.jpg
crop_8452_pen1_tur_cam2_20250126_084851.jpg,4,pen1_tur_cam2_20250126_084851.jpg
crop_8453_pen2_tur_cam1_20250109_080653.jpg,4,pen2_tur_cam1_20250109_080653.jpg
crop_8454_pen1_tur_cam2_20250127_100500.jpg,4,pen1_tur_cam2_20250127_100500.jpg
crop_8455_pen2_tur_cam1_20250209_104203.jpg,4,pen2_tur_cam1_20250209_104203.jpg
crop_8456_pen2_tur_cam1_20250109_074642.jpg,4,pen2_tur_cam1_20250109_074642.jpg
crop_8457_pen2_orb_cam1_20250108_083901.jpg,4,pen2_orb_cam1_20250108_083901.jpg
crop_8458_pen2_tur_cam1_20250109_075801.jpg,4,pen2_tur_cam1_20250109_075801.jpg
crop_8459_pen1_tur_cam2_20250207_130935.jpg,4,pen1_tur_cam2_20250207_130935.jpg
crop_8460_pen2_orb_cam1_20250108_084408.jpg,4,pen2_orb_cam1_20250108_084408.jpg
crop_8461_pen2_orb_cam1_20250108_080844.jpg,4,pen2_orb_cam1_20250108_080844.jpg
crop_8462_pen1_tur_cam2_20250126_142417.jpg,4,pen1_tur_cam2_20250126_142417.jpg
crop_8463_pen2_tur_cam1_20250120_114946.jpg,4,pen2_tur_cam1_20250120_114946.jpg
crop_8464_pen1_tur_cam2_20250127_104503.jpg,4,pen1_tur_cam2_20250127_104503.jpg
crop_8465_pen1_tur_cam2_20250122_092038.jpg,4,pen1_tur_cam2_20250122_092038.jpg
crop_8466_pen1_tur_cam2_20250122_100000.jpg,4,pen1_tur_cam2_20250122_100000.jpg
crop_8467_pen1_tur_cam2_20250125_080449.jpg,4,pen1_tur_cam2_20250125_080449.jpg
crop_8468_pen2_orb_cam1_20250108_082440.jpg,4,pen2_orb_cam1_20250108_082440.jpg
crop_8469_pen1_tur_cam2_20250122_122553.jpg,4,pen1_tur_cam2_20250122_122553.jpg
crop_8470_pen2_tur_cam1_20250109_074752.jpg,4,pen2_tur_cam1_20250109_074752.jpg
crop_8471_pen2_tur_cam1_20250109_070126.jpg,4,pen2_tur_cam1_20250109_070126.jpg
crop_8472_pen1_orb_cam2_20250108_091202.jpg,4,pen1_orb_cam2_20250108_091202.jpg
crop_8473_pen1_tur_cam2_20250201_093542.jpg,4,pen1_tur_cam2_20250201_093542.jpg
crop_8474_pen2_tur_cam1_20250120_081932.jpg,4,pen2_tur_cam1_20250120_081932.jpg
crop_8475_pen1_tur_cam2_20250220_095033.jpg,4,pen1_tur_cam2_20250220_095033.jpg
crop_8476_pen2_tur_cam1_20250109_074223.jpg,4,pen2_tur_cam1_20250109_074223.jpg
crop_8477_pen1_orb_cam2_20250108_134449.jpg,4,pen1_orb_cam2_20250108_134449.jpg
crop_8478_pen2_tur_cam1_20250109_073633.jpg,4,pen2_tur_cam1_20250109_073633.jpg
crop_8479_pen2_tur_cam2_20250120_074429.jpg,4,pen2_tur_cam2_20250120_074429.jpg
crop_8480_pen2_tur_cam1_20250109_074354.jpg,4,pen2_tur_cam1_20250109_074354.jpg
crop_8481_pen2_tur_cam1_20250109_080454.jpg,4,pen2_tur_cam1_20250109_080454.jpg
crop_8482_pen1_tur_cam2_20250203_113553.jpg,4,pen1_tur_cam2_20250203_113553.jpg
crop_8483_pen1_tur_cam2_20250207_150943.jpg,4,pen1_tur_cam2_20250207_150943.jpg
crop_8484_pen2_tur_cam1_20250120_132701.jpg,4,pen2_tur_cam1_20250120_132701.jpg
crop_8485_pen2_orb_cam1_20250108_082407.jpg,4,pen2_orb_cam1_20250108_082407.jpg
crop_8486_pen2_tur_cam1_20250209_110704.jpg,4,pen2_tur_cam1_20250209_110704.jpg
crop_8487_pen2_tur_cam1_20250109_073605.jpg,4,pen2_tur_cam1_20250109_073605.jpg
crop_8488_pen1_tur_cam2_20250127_150334.jpg,4,pen1_tur_cam2_20250127_150334.jpg
crop_8489_pen2_orb_cam1_20250108_084330.jpg,4,pen2_orb_cam1_20250108_084330.jpg
crop_8490_pen2_tur_cam1_20250109_072514.jpg,4,pen2_tur_cam1_20250109_072514.jpg
crop_8491_pen2_tur_cam1_20250209_111206.jpg,4,pen2_tur_cam1_20250209_111206.jpg
crop_8492_pen2_orb_cam1_20250108_082512.jpg,4,pen2_orb_cam1_20250108_082512.jpg
crop_8493_pen2_tur_cam1_20250109_073750.jpg,4,pen2_tur_cam1_20250109_073750.jpg
crop_8494_pen2_orb_cam1_20250108_084525.jpg,4,pen2_orb_cam1_20250108_084525.jpg
crop_8495_pen2_tur_cam1_20250109_080419.jpg,4,pen2_tur_cam1_20250109_080419.jpg
crop_8496_pen2_tur_cam1_20250109_080159.jpg,4,pen2_tur_cam1_20250109_080159.jpg
crop_8497_pen2_tur_cam1_20250109_075314.jpg,4,pen2_tur_cam1_20250109_075314.jpg
crop_8498_pen2_tur_cam1_20250209_094159.jpg,4,pen2_tur_cam1_20250209_094159.jpg
crop_8499_pen1_tur_cam2_20250122_134059.jpg,4,pen1_tur_cam2_20250122_134059.jpg
crop_8500_pen1_tur_cam2_20250122_142923.jpg,4,pen1_tur_cam2_20250122_142923.jpg
crop_8501_pen2_orb_cam1_20250108_081414.jpg,4,pen2_orb_cam1_20250108_081414.jpg
crop_8502_pen1_tur_cam2_20250122_100659.jpg,4,pen1_tur_cam2_20250122_100659.jpg
crop_8503_pen2_tur_cam1_20250123_112507.jpg,4,pen2_tur_cam1_20250123_112507.jpg
crop_8504_pen2_tur_cam1_20250109_073434.jpg,4,pen2_tur_cam1_20250109_073434.jpg
crop_8505_pen1_orb_cam2_20250108_082628.jpg,4,pen1_orb_cam2_20250108_082628.jpg
crop_8506_pen1_tur_cam2_20250127_161529.jpg,4,pen1_tur_cam2_20250127_161529.jpg
crop_8507_pen2_tur_cam1_20250109_074717.jpg,4,pen2_tur_cam1_20250109_074717.jpg
crop_8508_pen1_orb_cam2_20250108_090748.jpg,4,pen1_orb_cam2_20250108_090748.jpg
crop_8509_pen2_tur_cam1_20250109_073221.jpg,4,pen2_tur_cam1_20250109_073221.jpg
crop_8510_pen2_tur_cam1_20250109_071636.jpg,4,pen2_tur_cam1_20250109_071636.jpg
crop_8511_pen1_tur_cam2_20250127_140643.jpg,4,pen1_tur_cam2_20250127_140643.jpg
crop_8512_pen2_tur_cam1_20250209_110524.jpg,4,pen2_tur_cam1_20250209_110524.jpg
crop_8513_pen2_orb_cam1_20250108_082445.jpg,4,pen2_orb_cam1_20250108_082445.jpg
crop_8514_pen1_orb_cam2_20250108_090144.jpg,4,pen1_orb_cam2_20250108_090144.jpg
crop_8515_pen2_tur_cam1_20250109_073612.jpg,4,pen2_tur_cam1_20250109_073612.jpg
crop_8516_pen2_orb_cam1_20250108_081931.jpg,4,pen2_orb_cam1_20250108_081931.jpg
crop_8517_pen2_tur_cam1_20250109_073647.jpg,4,pen2_tur_cam1_20250109_073647.jpg
crop_8518_pen1_tur_cam2_20250125_132705.jpg,4,pen1_tur_cam2_20250125_132705.jpg
crop_8519_pen1_tur_cam2_20250126_142557.jpg,4,pen1_tur_cam2_20250126_142557.jpg
crop_8520_pen2_orb_cam1_20250108_083827.jpg,4,pen2_orb_cam1_20250108_083827.jpg
crop_8521_pen1_orb_cam2_20250108_090308.jpg,4,pen1_orb_cam2_20250108_090308.jpg
crop_8522_pen2_orb_cam1_20250108_083644.jpg,4,pen2_orb_cam1_20250108_083644.jpg
crop_8523_pen1_tur_cam2_20250125_092832.jpg,4,pen1_tur_cam2_20250125_092832.jpg
crop_8524_pen1_orb_cam2_20250108_090044.jpg,4,pen1_orb_cam2_20250108_090044.jpg
crop_8525_pen2_orb_cam1_20250108_084358.jpg,4,pen2_orb_cam1_20250108_084358.jpg
crop_8526_pen1_orb_cam2_20250108_134526.jpg,4,pen1_orb_cam2_20250108_134526.jpg
crop_8527_pen1_tur_cam2_20250127_123341.jpg,4,pen1_tur_cam2_20250127_123341.jpg
crop_8528_pen1_orb_cam2_20250108_090612.jpg,4,pen1_orb_cam2_20250108_090612.jpg
crop_8529_pen1_tur_cam2_20250220_095853.jpg,4,pen1_tur_cam2_20250220_095853.jpg
crop_8530_pen2_tur_cam1_20250109_073750.jpg,4,pen2_tur_cam1_20250109_073750.jpg
crop_8531_pen2_tur_cam1_20250209_122211.jpg,4,pen2_tur_cam1_20250209_122211.jpg
crop_8532_pen2_orb_cam2_20250217_125700.jpg,4,pen2_orb_cam2_20250217_125700.jpg
crop_8533_pen2_tur_cam1_20250209_132035.jpg,4,pen2_tur_cam1_20250209_132035.jpg
crop_8534_pen1_tur_cam2_20250125_085310.jpg,4,pen1_tur_cam2_20250125_085310.jpg
crop_8535_pen2_tur_cam1_20250123_110325.jpg,4,pen2_tur_cam1_20250123_110325.jpg
crop_8536_pen2_tur_cam1_20250209_112707.jpg,4,pen2_tur_cam1_20250209_112707.jpg
crop_8537_pen2_tur_cam1_20250109_073544.jpg,4,pen2_tur_cam1_20250109_073544.jpg
crop_8538_pen1_tur_cam2_20250125_094833.jpg,4,pen1_tur_cam2_20250125_094833.jpg
crop_8539_pen2_orb_cam1_20250108_082719.jpg,4,pen2_orb_cam1_20250108_082719.jpg
crop_8540_pen1_orb_cam2_20250108_091238.jpg,4,pen1_orb_cam2_20250108_091238.jpg
crop_8541_pen1_orb_cam2_20250108_090034.jpg,4,pen1_orb_cam2_20250108_090034.jpg
crop_8542_pen1_orb_cam2_20250108_090552.jpg,4,pen1_orb_cam2_20250108_090552.jpg
crop_8543_pen1_tur_cam2_20250203_102909.jpg,4,pen1_tur_cam2_20250203_102909.jpg
crop_8544_pen2_tur_cam1_20250109_075019.jpg,4,pen2_tur_cam1_20250109_075019.jpg
crop_8545_pen1_tur_cam2_20250220_073523.jpg,4,pen1_tur_cam2_20250220_073523.jpg
crop_8546_pen1_tur_cam2_20250125_065928.jpg,4,pen1_tur_cam2_20250125_065928.jpg
crop_8547_pen1_tur_cam2_20250127_112826.jpg,4,pen1_tur_cam2_20250127_112826.jpg
crop_8548_pen2_orb_cam1_20250108_082327.jpg,4,pen2_orb_cam1_20250108_082327.jpg
crop_8549_pen2_tur_cam1_20250109_074244.jpg,4,pen2_tur_cam1_20250109_074244.jpg
crop_8550_pen1_tur_cam2_20250125_071308.jpg,4,pen1_tur_cam2_20250125_071308.jpg
crop_8551_pen2_tur_cam1_20250109_073221.jpg,4,pen2_tur_cam1_20250109_073221.jpg
crop_8552_pen2_tur_cam1_20250109_075946.jpg,4,pen2_tur_cam1_20250109_075946.jpg
crop_8553_pen1_tur_cam2_20250126_111436.jpg,4,pen1_tur_cam2_20250126_111436.jpg
crop_8554_pen2_tur_cam1_20250109_080056.jpg,4,pen2_tur_cam1_20250109_080056.jpg
crop_8555_pen2_tur_cam1_20250109_075644.jpg,4,pen2_tur_cam1_20250109_075644.jpg
crop_8556_pen1_tur_cam2_20250127_113326.jpg,4,pen1_tur_cam2_20250127_113326.jpg
crop_8557_pen1_tur_cam2_20250125_073859.jpg,4,pen1_tur_cam2_20250125_073859.jpg
crop_8558_pen1_tur_cam2_20250122_114831.jpg,4,pen1_tur_cam2_20250122_114831.jpg
crop_8559_pen2_tur_cam1_20250120_073929.jpg,4,pen2_tur_cam1_20250120_073929.jpg
crop_8560_pen2_tur_cam1_20250120_084253.jpg,4,pen2_tur_cam1_20250120_084253.jpg
crop_8561_pen1_tur_cam2_20250126_111436.jpg,4,pen1_tur_cam2_20250126_111436.jpg
crop_8562_pen2_tur_cam1_20250120_121448.jpg,4,pen2_tur_cam1_20250120_121448.jpg
crop_8563_pen2_tur_cam1_20250109_080110.jpg,4,pen2_tur_cam1_20250109_080110.jpg
crop_8564_pen2_tur_cam1_20250120_144213.jpg,4,pen2_tur_cam1_20250120_144213.jpg
crop_8565_pen2_tur_cam1_20250109_075644.jpg,4,pen2_tur_cam1_20250109_075644.jpg
crop_8566_pen2_orb_cam1_20250108_082918.jpg,4,pen2_orb_cam1_20250108_082918.jpg
crop_8567_pen1_tur_cam2_20250220_080025.jpg,4,pen1_tur_cam2_20250220_080025.jpg
crop_8568_pen2_tur_cam1_20250123_135247.jpg,4,pen2_tur_cam1_20250123_135247.jpg
crop_8569_pen1_tur_cam2_20250125_123334.jpg,4,pen1_tur_cam2_20250125_123334.jpg
crop_8570_pen2_tur_cam1_20250109_073352.jpg,4,pen2_tur_cam1_20250109_073352.jpg
crop_8571_pen2_orb_cam1_20250108_084319.jpg,4,pen2_orb_cam1_20250108_084319.jpg
crop_8572_pen1_tur_cam2_20250127_130122.jpg,4,pen1_tur_cam2_20250127_130122.jpg
crop_8573_pen2_tur_cam1_20250120_071248.jpg,4,pen2_tur_cam1_20250120_071248.jpg
crop_8574_pen1_tur_cam2_20250126_090532.jpg,4,pen1_tur_cam2_20250126_090532.jpg
crop_8575_pen2_orb_cam1_20250108_081903.jpg,4,pen2_orb_cam1_20250108_081903.jpg
crop_8576_pen2_tur_cam1_20250209_140718.jpg,4,pen2_tur_cam1_20250209_140718.jpg
crop_8577_pen1_tur_cam2_20250122_123554.jpg,4,pen1_tur_cam2_20250122_123554.jpg
crop_8578_pen1_tur_cam2_20250125_134555.jpg,4,pen1_tur_cam2_20250125_134555.jpg
crop_8579_pen1_tur_cam2_20250122_132058.jpg,4,pen1_tur_cam2_20250122_132058.jpg
crop_8580_pen2_orb_cam1_20250108_082327.jpg,4,pen2_orb_cam1_20250108_082327.jpg
crop_8581_pen2_tur_cam1_20250109_073153.jpg,4,pen2_tur_cam1_20250109_073153.jpg
crop_8582_pen1_tur_cam2_20250125_101155.jpg,4,pen1_tur_cam2_20250125_101155.jpg
crop_8583_pen2_orb_cam1_20250108_080725.jpg,4,pen2_orb_cam1_20250108_080725.jpg
crop_8584_pen1_tur_cam2_20250126_143609.jpg,4,pen1_tur_cam2_20250126_143609.jpg
crop_8585_pen2_tur_cam1_20250109_072446.jpg,4,pen2_tur_cam1_20250109_072446.jpg
crop_8586_pen1_tur_cam2_20250125_140825.jpg,4,pen1_tur_cam2_20250125_140825.jpg
crop_8587_pen1_tur_cam2_20250127_150524.jpg,4,pen1_tur_cam2_20250127_150524.jpg
crop_8588_pen2_orb_cam1_20250108_085113.jpg,4,pen2_orb_cam1_20250108_085113.jpg
crop_8589_pen1_tur_cam2_20250127_100500.jpg,4,pen1_tur_cam2_20250127_100500.jpg
crop_8590_pen2_tur_cam1_20250109_075307.jpg,4,pen2_tur_cam1_20250109_075307.jpg
crop_8591_pen2_tur_cam1_20250109_073853.jpg,4,pen2_tur_cam1_20250109_073853.jpg
crop_8592_pen1_tur_cam2_20250201_091651.jpg,4,pen1_tur_cam2_20250201_091651.jpg
crop_8593_pen1_tur_cam2_20250125_121444.jpg,4,pen1_tur_cam2_20250125_121444.jpg
crop_8594_pen2_tur_cam1_20250109_080028.jpg,4,pen2_tur_cam1_20250109_080028.jpg
crop_8595_pen2_tur_cam1_20250109_073537.jpg,4,pen2_tur_cam1_20250109_073537.jpg
crop_8596_pen1_tur_cam2_20250127_163350.jpg,4,pen1_tur_cam2_20250127_163350.jpg
crop_8597_pen1_tur_cam2_20250125_121444.jpg,4,pen1_tur_cam2_20250125_121444.jpg
crop_8598_pen1_orb_cam2_20250108_091548.jpg,4,pen1_orb_cam2_20250108_091548.jpg
crop_8599_pen2_orb_cam1_20250108_082456.jpg,4,pen2_orb_cam1_20250108_082456.jpg
crop_8600_pen1_tur_cam2_20250220_082527.jpg,4,pen1_tur_cam2_20250220_082527.jpg
crop_8601_pen2_orb_cam1_20250108_085417.jpg,4,pen2_orb_cam1_20250108_085417.jpg
crop_8602_pen2_orb_cam2_20250217_130537.jpg,4,pen2_orb_cam2_20250217_130537.jpg
crop_8603_pen1_tur_cam2_20250220_092851.jpg,4,pen1_tur_cam2_20250220_092851.jpg
crop_8604_pen2_tur_cam1_20250123_140817.jpg,4,pen2_tur_cam1_20250123_140817.jpg
crop_8605_pen1_orb_cam2_20250108_085531.jpg,4,pen1_orb_cam2_20250108_085531.jpg
crop_8606_pen1_tur_cam2_20250220_104036.jpg,4,pen1_tur_cam2_20250220_104036.jpg
crop_8607_pen1_orb_cam2_20250108_090239.jpg,4,pen1_orb_cam2_20250108_090239.jpg
crop_8608_pen2_orb_cam1_20250108_082524.jpg,4,pen2_orb_cam1_20250108_082524.jpg
crop_8609_pen1_orb_cam2_20250108_090522.jpg,4,pen1_orb_cam2_20250108_090522.jpg
crop_8610_pen1_orb_cam2_20250108_090346.jpg,4,pen1_orb_cam2_20250108_090346.jpg
crop_8611_pen1_tur_cam2_20250125_121804.jpg,4,pen1_tur_cam2_20250125_121804.jpg
crop_8612_pen1_orb_cam2_20250108_091208.jpg,4,pen1_orb_cam2_20250108_091208.jpg
crop_8613_pen2_tur_cam1_20250109_073633.jpg,4,pen2_tur_cam1_20250109_073633.jpg
crop_8614_pen2_tur_cam1_20250109_075321.jpg,4,pen2_tur_cam1_20250109_075321.jpg
crop_8615_pen1_orb_cam2_20250108_134543.jpg,4,pen1_orb_cam2_20250108_134543.jpg
crop_8616_pen1_tur_cam2_20250122_145625.jpg,4,pen1_tur_cam2_20250122_145625.jpg
crop_8617_pen2_tur_cam1_20250109_072535.jpg,4,pen2_tur_cam1_20250109_072535.jpg
crop_8618_pen1_orb_cam1_20250108_090117.jpg,4,pen1_orb_cam1_20250108_090117.jpg
crop_8619_pen2_tur_cam1_20250209_103522.jpg,4,pen2_tur_cam1_20250209_103522.jpg
crop_8620_pen2_tur_cam1_20250120_115446.jpg,4,pen2_tur_cam1_20250120_115446.jpg
crop_8621_pen2_orb_cam1_20250108_085424.jpg,4,pen2_orb_cam1_20250108_085424.jpg
crop_8622_pen1_orb_cam2_20250108_131903.jpg,4,pen1_orb_cam2_20250108_131903.jpg
crop_8623_pen1_tur_cam2_20250207_143442.jpg,4,pen1_tur_cam2_20250207_143442.jpg
crop_8624_pen1_tur_cam2_20250126_102255.jpg,4,pen1_tur_cam2_20250126_102255.jpg
crop_8625_pen1_tur_cam2_20250220_102035.jpg,4,pen1_tur_cam2_20250220_102035.jpg
crop_8626_pen2_tur_cam1_20250109_073509.jpg,4,pen2_tur_cam1_20250109_073509.jpg
crop_8627_pen1_tur_cam2_20250125_061135.jpg,4,pen1_tur_cam2_20250125_061135.jpg
crop_8628_pen2_orb_cam1_20250108_084624.jpg,4,pen2_orb_cam1_20250108_084624.jpg
crop_8629_pen1_tur_cam2_20250125_070758.jpg,4,pen1_tur_cam2_20250125_070758.jpg
crop_8630_pen1_tur_cam2_20250127_151024.jpg,4,pen1_tur_cam2_20250127_151024.jpg
crop_8631_pen2_orb_cam1_20250108_084754.jpg,4,pen2_orb_cam1_20250108_084754.jpg
crop_8632_pen1_orb_cam1_20250108_090223.jpg,4,pen1_orb_cam1_20250108_090223.jpg
crop_8633_pen2_orb_cam1_20250108_080535.jpg,4,pen2_orb_cam1_20250108_080535.jpg
crop_8634_pen1_orb_cam2_20250108_090835.jpg,4,pen1_orb_cam2_20250108_090835.jpg
crop_8635_pen2_orb_cam1_20250108_082244.jpg,4,pen2_orb_cam1_20250108_082244.jpg
crop_8636_pen2_orb_cam1_20250108_084732.jpg,4,pen2_orb_cam1_20250108_084732.jpg
crop_8637_pen1_tur_cam2_20250126_094134.jpg,4,pen1_tur_cam2_20250126_094134.jpg
crop_8638_pen2_tur_cam1_20250120_145349.jpg,4,pen2_tur_cam1_20250120_145349.jpg
crop_8639_pen1_tur_cam2_20250220_094853.jpg,4,pen1_tur_cam2_20250220_094853.jpg
crop_8640_pen1_tur_cam2_20250126_131412.jpg,4,pen1_tur_cam2_20250126_131412.jpg
crop_8641_pen1_tur_cam2_20250207_133937.jpg,4,pen1_tur_cam2_20250207_133937.jpg
crop_8642_pen2_tur_cam1_20250109_071107.jpg,4,pen2_tur_cam1_20250109_071107.jpg
crop_8643_pen2_tur_cam1_20250109_073708.jpg,4,pen2_tur_cam1_20250109_073708.jpg
crop_8644_pen1_tur_cam2_20250126_083850.jpg,4,pen1_tur_cam2_20250126_083850.jpg
crop_8645_pen2_orb_cam1_20250108_081948.jpg,4,pen2_orb_cam1_20250108_081948.jpg
crop_8646_pen1_tur_cam2_20250127_142213.jpg,4,pen1_tur_cam2_20250127_142213.jpg
crop_8647_pen2_orb_cam1_20250108_084251.jpg,4,pen2_orb_cam1_20250108_084251.jpg
crop_8648_pen2_orb_cam1_20250108_082940.jpg,4,pen2_orb_cam1_20250108_082940.jpg
crop_8649_pen1_tur_cam2_20250122_133919.jpg,4,pen1_tur_cam2_20250122_133919.jpg
crop_8650_pen1_tur_cam2_20250125_113200.jpg,4,pen1_tur_cam2_20250125_113200.jpg
crop_8651_pen2_tur_cam1_20250123_114328.jpg,4,pen2_tur_cam1_20250123_114328.jpg
crop_8652_pen1_orb_cam2_20250108_134502.jpg,4,pen1_orb_cam2_20250108_134502.jpg
crop_8653_pen1_tur_cam2_20250126_141557.jpg,4,pen1_tur_cam2_20250126_141557.jpg
crop_8654_pen2_tur_cam1_20250209_143040.jpg,4,pen2_tur_cam1_20250209_143040.jpg
crop_8655_pen2_tur_cam1_20250109_073715.jpg,4,pen2_tur_cam1_20250109_073715.jpg
crop_8656_pen1_tur_cam2_20250125_115723.jpg,4,pen1_tur_cam2_20250125_115723.jpg
crop_8657_pen2_tur_cam1_20250209_090015.jpg,4,pen2_tur_cam1_20250209_090015.jpg
crop_8658_pen2_orb_cam1_20250108_081914.jpg,4,pen2_orb_cam1_20250108_081914.jpg
crop_8659_pen2_orb_cam1_20250108_081639.jpg,4,pen2_orb_cam1_20250108_081639.jpg
crop_8660_pen2_tur_cam1_20250209_074010.jpg,4,pen2_tur_cam1_20250209_074010.jpg
crop_8661_pen1_orb_cam1_20250108_085843.jpg,4,pen1_orb_cam1_20250108_085843.jpg
crop_8662_pen2_tur_cam1_20250209_090656.jpg,4,pen2_tur_cam1_20250209_090656.jpg
crop_8663_pen1_tur_cam2_20250220_092851.jpg,4,pen1_tur_cam2_20250220_092851.jpg
crop_8664_pen2_orb_cam1_20250108_084532.jpg,4,pen2_orb_cam1_20250108_084532.jpg
crop_8665_pen1_tur_cam2_20250127_123852.jpg,4,pen1_tur_cam2_20250127_123852.jpg
crop_8666_pen2_tur_cam1_20250109_075040.jpg,4,pen2_tur_cam1_20250109_075040.jpg
crop_8667_pen2_tur_cam1_20250109_073413.jpg,4,pen2_tur_cam1_20250109_073413.jpg
crop_8668_pen1_orb_cam2_20250108_090602.jpg,4,pen1_orb_cam2_20250108_090602.jpg
crop_8669_pen1_tur_cam2_20250125_092832.jpg,4,pen1_tur_cam2_20250125_092832.jpg
crop_8670_pen1_tur_cam2_20250126_111246.jpg,4,pen1_tur_cam2_20250126_111246.jpg
crop_8671_pen2_tur_cam1_20250209_081012.jpg,4,pen2_tur_cam1_20250209_081012.jpg
crop_8672_pen2_tur_cam1_20250109_075808.jpg,4,pen2_tur_cam1_20250109_075808.jpg
crop_8673_pen2_tur_cam1_20250109_073633.jpg,4,pen2_tur_cam1_20250109_073633.jpg
crop_8674_pen1_tur_cam2_20250201_090121.jpg,4,pen1_tur_cam2_20250201_090121.jpg
crop_8675_pen1_tur_cam2_20250122_114511.jpg,4,pen1_tur_cam2_20250122_114511.jpg
crop_8676_pen2_tur_cam1_20250209_093658.jpg,4,pen2_tur_cam1_20250209_093658.jpg
crop_8677_pen2_tur_cam1_20250209_122211.jpg,4,pen2_tur_cam1_20250209_122211.jpg
crop_8678_pen1_tur_cam2_20250203_111412.jpg,4,pen1_tur_cam2_20250203_111412.jpg
crop_8679_pen2_orb_cam1_20250108_083543.jpg,4,pen2_orb_cam1_20250108_083543.jpg
crop_8680_pen2_tur_cam1_20250109_071039.jpg,4,pen2_tur_cam1_20250109_071039.jpg
crop_8681_pen1_tur_cam2_20250203_113553.jpg,4,pen1_tur_cam2_20250203_113553.jpg
crop_8682_pen2_orb_cam1_20250108_081149.jpg,4,pen2_orb_cam1_20250108_081149.jpg
crop_8683_pen2_tur_cam1_20250109_073406.jpg,4,pen2_tur_cam1_20250109_073406.jpg
crop_8684_pen1_tur_cam2_20250126_091034.jpg,4,pen1_tur_cam2_20250126_091034.jpg
crop_8685_pen1_orb_cam2_20250108_085712.jpg,4,pen1_orb_cam2_20250108_085712.jpg
crop_8686_pen1_tur_cam2_20250220_103856.jpg,4,pen1_tur_cam2_20250220_103856.jpg
crop_8687_pen1_tur_cam2_20250127_113326.jpg,4,pen1_tur_cam2_20250127_113326.jpg
crop_8688_pen1_orb_cam2_20250108_090059.jpg,4,pen1_orb_cam2_20250108_090059.jpg
crop_8689_pen1_tur_cam2_20250126_092924.jpg,4,pen1_tur_cam2_20250126_092924.jpg
crop_8690_pen1_tur_cam2_20250125_064908.jpg,4,pen1_tur_cam2_20250125_064908.jpg
crop_8691_pen1_tur_cam2_20250126_123909.jpg,4,pen1_tur_cam2_20250126_123909.jpg
crop_8692_pen2_tur_cam1_20250209_114027.jpg,4,pen2_tur_cam1_20250209_114027.jpg
crop_8693_pen2_tur_cam1_20250123_120830.jpg,4,pen2_tur_cam1_20250123_120830.jpg
crop_8694_pen2_orb_cam1_20250108_084810.jpg,4,pen2_orb_cam1_20250108_084810.jpg
crop_8695_pen2_orb_cam1_20250108_085709.jpg,4,pen2_orb_cam1_20250108_085709.jpg
crop_8696_pen1_tur_cam2_20250122_095639.jpg,4,pen1_tur_cam2_20250122_095639.jpg
crop_8697_pen1_tur_cam2_20250220_103536.jpg,4,pen1_tur_cam2_20250220_103536.jpg
crop_8698_pen1_tur_cam1_20250203_100048.jpg,4,pen1_tur_cam1_20250203_100048.jpg
crop_8699_pen2_orb_cam1_20250108_083223.jpg,4,pen2_orb_cam1_20250108_083223.jpg
crop_8700_pen2_orb_cam1_20250108_083106.jpg,4,pen2_orb_cam1_20250108_083106.jpg
crop_8701_pen1_tur_cam2_20250125_075939.jpg,4,pen1_tur_cam2_20250125_075939.jpg
crop_8702_pen1_orb_cam2_20250108_131838.jpg,4,pen1_orb_cam2_20250108_131838.jpg
crop_8703_pen2_orb_cam1_20250108_085040.jpg,4,pen2_orb_cam1_20250108_085040.jpg
crop_8704_pen2_tur_cam1_20250209_081512.jpg,4,pen2_tur_cam1_20250209_081512.jpg
crop_8705_pen1_orb_cam2_20250108_091538.jpg,4,pen1_orb_cam2_20250108_091538.jpg
crop_8706_pen1_tur_cam2_20250125_111339.jpg,4,pen1_tur_cam2_20250125_111339.jpg
crop_8707_pen2_tur_cam1_20250109_075403.jpg,4,pen2_tur_cam1_20250109_075403.jpg
crop_8708_pen1_tur_cam2_20250126_151030.jpg,4,pen1_tur_cam2_20250126_151030.jpg
crop_8709_pen1_tur_cam2_20250126_100724.jpg,4,pen1_tur_cam2_20250126_100724.jpg
crop_8710_pen1_tur_cam2_20250220_094352.jpg,4,pen1_tur_cam2_20250220_094352.jpg
crop_8711_pen1_tur_cam2_20250125_112840.jpg,4,pen1_tur_cam2_20250125_112840.jpg
crop_8712_pen2_tur_cam1_20250109_074354.jpg,4,pen2_tur_cam1_20250109_074354.jpg
crop_8713_pen1_tur_cam2_20250125_065928.jpg,4,pen1_tur_cam2_20250125_065928.jpg
crop_8714_pen2_tur_cam1_20250109_073502.jpg,4,pen2_tur_cam1_20250109_073502.jpg
crop_8715_pen2_tur_cam1_20250109_075836.jpg,4,pen2_tur_cam1_20250109_075836.jpg
crop_8716_pen1_orb_cam2_20250108_091513.jpg,4,pen1_orb_cam2_20250108_091513.jpg
crop_8717_pen1_tur_cam2_20250203_105551.jpg,4,pen1_tur_cam2_20250203_105551.jpg
crop_8718_pen1_tur_cam2_20250127_115828.jpg,4,pen1_tur_cam2_20250127_115828.jpg
crop_8719_pen1_tur_cam2_20250125_081149.jpg,4,pen1_tur_cam2_20250125_081149.jpg
crop_8720_pen2_orb_cam1_20250108_080615.jpg,4,pen2_orb_cam1_20250108_080615.jpg
crop_8721_pen2_tur_cam1_20250109_073146.jpg,4,pen2_tur_cam1_20250109_073146.jpg
crop_8722_pen2_tur_cam1_20250109_070243.jpg,4,pen2_tur_cam1_20250109_070243.jpg
crop_8723_pen1_orb_cam2_20250108_085849.jpg,4,pen1_orb_cam2_20250108_085849.jpg
crop_8724_pen1_tur_cam2_20250125_112339.jpg,4,pen1_tur_cam2_20250125_112339.jpg
crop_8725_pen1_tur_cam2_20250122_143103.jpg,4,pen1_tur_cam2_20250122_143103.jpg
crop_8726_pen1_orb_cam2_20250108_134532.jpg,4,pen1_orb_cam2_20250108_134532.jpg
crop_8727_pen1_tur_cam2_20250125_113841.jpg,4,pen1_tur_cam2_20250125_113841.jpg
crop_8728_pen1_tur_cam2_20250126_105205.jpg,4,pen1_tur_cam2_20250126_105205.jpg
crop_8729_pen2_tur_cam1_20250109_080255.jpg,4,pen2_tur_cam1_20250109_080255.jpg
crop_8730_pen1_tur_cam2_20250122_115021.jpg,4,pen1_tur_cam2_20250122_115021.jpg
crop_8731_pen2_tur_cam1_20250109_074546.jpg,4,pen2_tur_cam1_20250109_074546.jpg
crop_8732_pen1_orb_cam1_20250108_085752.jpg,4,pen1_orb_cam1_20250108_085752.jpg
crop_8733_pen1_orb_cam2_20250108_090926.jpg,4,pen1_orb_cam2_20250108_090926.jpg
crop_8734_pen1_orb_cam2_20250108_090308.jpg,4,pen1_orb_cam2_20250108_090308.jpg
crop_8735_pen1_tur_cam2_20250126_120547.jpg,4,pen1_tur_cam2_20250126_120547.jpg
crop_8736_pen1_orb_cam2_20250108_090029.jpg,4,pen1_orb_cam2_20250108_090029.jpg
crop_8737_pen1_orb_cam2_20250108_085722.jpg,4,pen1_orb_cam2_20250108_085722.jpg
crop_8738_pen2_tur_cam1_20250120_114946.jpg,4,pen2_tur_cam1_20250120_114946.jpg
crop_8739_pen2_tur_cam1_20250109_080337.jpg,4,pen2_tur_cam1_20250109_080337.jpg
crop_8740_pen1_tur_cam2_20250126_133053.jpg,4,pen1_tur_cam2_20250126_133053.jpg
crop_8741_pen1_orb_cam1_20250108_085632.jpg,4,pen1_orb_cam1_20250108_085632.jpg
crop_8742_pen1_tur_cam2_20250201_092201.jpg,4,pen1_tur_cam2_20250201_092201.jpg
crop_8743_pen2_tur_cam1_20250109_080213.jpg,4,pen2_tur_cam1_20250109_080213.jpg
crop_8744_pen1_tur_cam2_20250220_084848.jpg,4,pen1_tur_cam2_20250220_084848.jpg
crop_8745_pen1_tur_cam2_20250126_135916.jpg,4,pen1_tur_cam2_20250126_135916.jpg
crop_8746_pen1_orb_cam2_20250108_085824.jpg,4,pen1_orb_cam2_20250108_085824.jpg
crop_8747_pen1_tur_cam2_20250201_093031.jpg,4,pen1_tur_cam2_20250201_093031.jpg
crop_8748_pen1_tur_cam2_20250126_124550.jpg,4,pen1_tur_cam2_20250126_124550.jpg
crop_8749_pen1_tur_cam2_20250220_110038.jpg,4,pen1_tur_cam2_20250220_110038.jpg
crop_8750_pen2_orb_cam1_20250108_080455.jpg,4,pen2_orb_cam1_20250108_080455.jpg
crop_8751_pen1_tur_cam2_20250127_104503.jpg,4,pen1_tur_cam2_20250127_104503.jpg
crop_8752_pen1_tur_cam2_20250125_112339.jpg,4,pen1_tur_cam2_20250125_112339.jpg
crop_8753_pen2_orb_cam1_20250108_080355.jpg,4,pen2_orb_cam1_20250108_080355.jpg
crop_8754_pen1_tur_cam2_20250126_131412.jpg,4,pen1_tur_cam2_20250126_131412.jpg
crop_8755_pen1_tur_cam2_20250201_090121.jpg,4,pen1_tur_cam2_20250201_090121.jpg
crop_8756_pen2_tur_cam1_20250109_070009.jpg,4,pen2_tur_cam1_20250109_070009.jpg
crop_8757_pen1_tur_cam2_20250125_135255.jpg,4,pen1_tur_cam2_20250125_135255.jpg
crop_8758_pen2_tur_cam1_20250123_134737.jpg,4,pen2_tur_cam1_20250123_134737.jpg
crop_8759_pen1_tur_cam2_20250127_105824.jpg,4,pen1_tur_cam2_20250127_105824.jpg
crop_8760_pen2_orb_cam1_20250108_082703.jpg,4,pen2_orb_cam1_20250108_082703.jpg
crop_8761_pen1_tur_cam2_20250127_122330.jpg,4,pen1_tur_cam2_20250127_122330.jpg
crop_8762_pen2_tur_cam1_20250123_134417.jpg,4,pen2_tur_cam1_20250123_134417.jpg
crop_8763_pen1_tur_cam2_20250125_083549.jpg,4,pen1_tur_cam2_20250125_083549.jpg
crop_8764_pen1_tur_cam2_20250125_063847.jpg,4,pen1_tur_cam2_20250125_063847.jpg
crop_8765_pen1_orb_cam1_20250108_085823.jpg,4,pen1_orb_cam1_20250108_085823.jpg
crop_8766_pen2_orb_cam1_20250108_084810.jpg,4,pen2_orb_cam1_20250108_084810.jpg
crop_8767_pen2_tur_cam1_20250109_074923.jpg,4,pen2_tur_cam1_20250109_074923.jpg
crop_8768_pen1_orb_cam1_20250108_085616.jpg,4,pen1_orb_cam1_20250108_085616.jpg
crop_8769_pen1_tur_cam2_20250127_111325.jpg,4,pen1_tur_cam2_20250127_111325.jpg
crop_8770_pen2_tur_cam1_20250209_131715.jpg,4,pen2_tur_cam1_20250209_131715.jpg
crop_8771_pen1_orb_cam2_20250108_085657.jpg,4,pen1_orb_cam2_20250108_085657.jpg
crop_8772_pen1_tur_cam2_20250122_110201.jpg,4,pen1_tur_cam2_20250122_110201.jpg
crop_8773_pen2_tur_cam1_20250120_104942.jpg,4,pen2_tur_cam1_20250120_104942.jpg
crop_8774_pen1_tur_cam2_20250122_105841.jpg,4,pen1_tur_cam2_20250122_105841.jpg
crop_8775_pen2_tur_cam1_20250120_083753.jpg,4,pen2_tur_cam1_20250120_083753.jpg
crop_8776_pen1_tur_cam2_20250126_131052.jpg,4,pen1_tur_cam2_20250126_131052.jpg
crop_8777_pen2_orb_cam1_20250108_084800.jpg,4,pen2_orb_cam1_20250108_084800.jpg
crop_8778_pen1_tur_cam2_20250207_141439.jpg,4,pen1_tur_cam2_20250207_141439.jpg
crop_8779_pen2_orb_cam1_20250108_081109.jpg,4,pen2_orb_cam1_20250108_081109.jpg
crop_8780_pen2_tur_cam1_20250120_115306.jpg,4,pen2_tur_cam1_20250120_115306.jpg
crop_8781_pen2_tur_cam1_20250123_145958.jpg,4,pen2_tur_cam1_20250123_145958.jpg
crop_8782_pen2_orb_cam1_20250108_084738.jpg,4,pen2_orb_cam1_20250108_084738.jpg
crop_8783_pen2_tur_cam1_20250109_074923.jpg,4,pen2_tur_cam1_20250109_074923.jpg
crop_8784_pen1_tur_cam2_20250201_093731.jpg,4,pen1_tur_cam2_20250201_093731.jpg
crop_8785_pen2_tur_cam1_20250109_080440.jpg,4,pen2_tur_cam1_20250109_080440.jpg
crop_8786_pen2_tur_cam1_20250109_074642.jpg,4,pen2_tur_cam1_20250109_074642.jpg
crop_8787_pen1_orb_cam2_20250108_091417.jpg,4,pen1_orb_cam2_20250108_091417.jpg
crop_8788_pen2_tur_cam1_20250209_110704.jpg,4,pen2_tur_cam1_20250209_110704.jpg
crop_8789_pen2_tur_cam1_20250109_070119.jpg,4,pen2_tur_cam1_20250109_070119.jpg
crop_8790_pen1_tur_cam2_20250203_113413.jpg,4,pen1_tur_cam2_20250203_113413.jpg
crop_8791_pen2_orb_cam1_20250108_081549.jpg,4,pen2_orb_cam1_20250108_081549.jpg
crop_8792_pen2_orb_cam1_20250108_085230.jpg,4,pen2_orb_cam1_20250108_085230.jpg
crop_8793_pen2_tur_cam1_20250109_073832.jpg,4,pen2_tur_cam1_20250109_073832.jpg
crop_8794_pen1_tur_cam2_20250125_143216.jpg,4,pen1_tur_cam2_20250125_143216.jpg
crop_8795_pen1_orb_cam2_20250108_134455.jpg,4,pen1_orb_cam2_20250108_134455.jpg
crop_8796_pen1_tur_cam2_20250125_114853.jpg,4,pen1_tur_cam2_20250125_114853.jpg
crop_8797_pen1_orb_cam1_20250108_085556.jpg,4,pen1_orb_cam1_20250108_085556.jpg
crop_8798_pen1_tur_cam2_20250122_094940.jpg,4,pen1_tur_cam2_20250122_094940.jpg
crop_8799_pen2_tur_cam1_20250109_080042.jpg,4,pen2_tur_cam1_20250109_080042.jpg
crop_8800_pen1_tur_cam2_20250125_131455.jpg,4,pen1_tur_cam2_20250125_131455.jpg
crop_8801_pen1_tur_cam2_20250126_122048.jpg,4,pen1_tur_cam2_20250126_122048.jpg
crop_8802_pen1_orb_cam2_20250108_090234.jpg,4,pen1_orb_cam2_20250108_090234.jpg
crop_8803_pen1_tur_cam2_20250122_115341.jpg,4,pen1_tur_cam2_20250122_115341.jpg
crop_8804_pen2_tur_cam1_20250109_072343.jpg,4,pen2_tur_cam1_20250109_072343.jpg
crop_8805_pen2_tur_cam1_20250209_075151.jpg,4,pen2_tur_cam1_20250209_075151.jpg
crop_8806_pen2_tur_cam1_20250123_142347.jpg,4,pen2_tur_cam1_20250123_142347.jpg
crop_8807_pen2_orb_cam1_20250108_085129.jpg,4,pen2_orb_cam1_20250108_085129.jpg
crop_8808_pen1_tur_cam2_20250127_162030.jpg,4,pen1_tur_cam2_20250127_162030.jpg
crop_8809_pen1_orb_cam2_20250108_131918.jpg,4,pen1_orb_cam2_20250108_131918.jpg
crop_8810_pen2_tur_cam1_20250120_092436.jpg,4,pen2_tur_cam1_20250120_092436.jpg
crop_8811_pen2_orb_cam1_20250108_081424.jpg,4,pen2_orb_cam1_20250108_081424.jpg
crop_8812_pen1_orb_cam2_20250108_091528.jpg,4,pen1_orb_cam2_20250108_091528.jpg
crop_8813_pen1_tur_cam2_20250125_120233.jpg,4,pen1_tur_cam2_20250125_120233.jpg
crop_8814_pen1_tur_cam2_20250122_113301.jpg,4,pen1_tur_cam2_20250122_113301.jpg
crop_8815_pen2_tur_cam1_20250123_111506.jpg,4,pen2_tur_cam1_20250123_111506.jpg
crop_8816_pen2_tur_cam1_20250109_074944.jpg,4,pen2_tur_cam1_20250109_074944.jpg
crop_8817_pen1_orb_cam1_20250108_085531.jpg,4,pen1_orb_cam1_20250108_085531.jpg
crop_8818_pen2_tur_cam1_20250109_071601.jpg,4,pen2_tur_cam1_20250109_071601.jpg
crop_8819_pen2_orb_cam1_20250108_081815.jpg,4,pen2_orb_cam1_20250108_081815.jpg
crop_8820_pen2_tur_cam1_20250109_074539.jpg,4,pen2_tur_cam1_20250109_074539.jpg
crop_8821_pen1_tur_cam2_20250126_091544.jpg,4,pen1_tur_cam2_20250126_091544.jpg
crop_8822_pen2_tur_cam1_20250120_080932.jpg,4,pen2_tur_cam1_20250120_080932.jpg
crop_8823_pen2_tur_cam1_20250109_074916.jpg,4,pen2_tur_cam1_20250109_074916.jpg
crop_8824_pen2_tur_cam1_20250120_120306.jpg,4,pen2_tur_cam1_20250120_120306.jpg
crop_8825_pen1_tur_cam2_20250125_124544.jpg,4,pen1_tur_cam2_20250125_124544.jpg
crop_8826_pen1_tur_cam2_20250220_102035.jpg,4,pen1_tur_cam2_20250220_102035.jpg
crop_8827_pen1_tur_cam2_20250125_081509.jpg,4,pen1_tur_cam2_20250125_081509.jpg
crop_8828_pen1_orb_cam2_20250108_090009.jpg,4,pen1_orb_cam2_20250108_090009.jpg
crop_8829_pen2_tur_cam1_20250109_073249.jpg,4,pen2_tur_cam1_20250109_073249.jpg
crop_8830_pen2_tur_cam1_20250120_145349.jpg,4,pen2_tur_cam1_20250120_145349.jpg
crop_8831_pen1_tur_cam2_20250125_130624.jpg,4,pen1_tur_cam2_20250125_130624.jpg
crop_8832_pen2_tur_cam1_20250109_080632.jpg,4,pen2_tur_cam1_20250109_080632.jpg
crop_8833_pen1_tur_cam2_20250122_140921.jpg,4,pen1_tur_cam2_20250122_140921.jpg
crop_8834_pen1_tur_cam2_20250126_110735.jpg,4,pen1_tur_cam2_20250126_110735.jpg
crop_8835_pen2_tur_cam1_20250120_124659.jpg,4,pen2_tur_cam1_20250120_124659.jpg
crop_8836_pen2_tur_cam1_20250109_075438.jpg,4,pen2_tur_cam1_20250109_075438.jpg
crop_8837_pen1_tur_cam2_20250122_121913.jpg,4,pen1_tur_cam2_20250122_121913.jpg
crop_8838_pen2_tur_cam1_20250124_093638.jpg,4,pen2_tur_cam1_20250124_093638.jpg
crop_8839_pen1_tur_cam2_20250125_144357.jpg,4,pen1_tur_cam2_20250125_144357.jpg
crop_8840_pen1_tur_cam2_20250125_113841.jpg,4,pen1_tur_cam2_20250125_113841.jpg
crop_8841_pen1_tur_cam2_20250220_091350.jpg,4,pen1_tur_cam2_20250220_091350.jpg
crop_8842_pen1_orb_cam1_20250108_085526.jpg,4,pen1_orb_cam1_20250108_085526.jpg
crop_8843_pen1_tur_cam2_20250127_140643.jpg,4,pen1_tur_cam2_20250127_140643.jpg
crop_8844_pen2_tur_cam1_20250109_073338.jpg,4,pen2_tur_cam1_20250109_073338.jpg
crop_8845_pen2_tur_cam1_20250109_080000.jpg,4,pen2_tur_cam1_20250109_080000.jpg
crop_8846_pen2_tur_cam1_20250109_074312.jpg,4,pen2_tur_cam1_20250109_074312.jpg
crop_8847_pen1_orb_cam2_20250108_090737.jpg,4,pen1_orb_cam2_20250108_090737.jpg
crop_8848_pen1_tur_cam2_20250125_092332.jpg,4,pen1_tur_cam2_20250125_092332.jpg
crop_8849_pen2_tur_cam1_20250109_072521.jpg,4,pen2_tur_cam1_20250109_072521.jpg
crop_8850_pen2_tur_cam1_20250109_080529.jpg,4,pen2_tur_cam1_20250109_080529.jpg
crop_8851_pen2_tur_cam1_20250109_073509.jpg,4,pen2_tur_cam1_20250109_073509.jpg
crop_8852_pen1_tur_cam2_20250127_135303.jpg,4,pen1_tur_cam2_20250127_135303.jpg
crop_8853_pen2_orb_cam1_20250108_082038.jpg,4,pen2_orb_cam1_20250108_082038.jpg
crop_8854_pen2_tur_cam1_20250209_091016.jpg,4,pen2_tur_cam1_20250209_091016.jpg
crop_8855_pen1_tur_cam2_20250122_134920.jpg,4,pen1_tur_cam2_20250122_134920.jpg
crop_8856_pen1_tur_cam2_20250126_094134.jpg,4,pen1_tur_cam2_20250126_094134.jpg
crop_8857_pen1_orb_cam2_20250108_091422.jpg,4,pen1_orb_cam2_20250108_091422.jpg
crop_8858_pen1_tur_cam2_20250126_081029.jpg,4,pen1_tur_cam2_20250126_081029.jpg
crop_8859_pen2_tur_cam1_20250120_101259.jpg,4,pen2_tur_cam1_20250120_101259.jpg
crop_8860_pen1_orb_cam2_20250108_090054.jpg,4,pen1_orb_cam2_20250108_090054.jpg
crop_8861_pen1_tur_cam2_20250122_113812.jpg,4,pen1_tur_cam2_20250122_113812.jpg
crop_8862_pen1_tur_cam2_20250126_104655.jpg,4,pen1_tur_cam2_20250126_104655.jpg
crop_8863_pen1_tur_cam2_20250127_145314.jpg,4,pen1_tur_cam2_20250127_145314.jpg
crop_8864_pen1_tur_cam2_20250125_092652.jpg,4,pen1_tur_cam2_20250125_092652.jpg
crop_8865_pen1_tur_cam2_20250122_094429.jpg,4,pen1_tur_cam2_20250122_094429.jpg
crop_8866_pen1_tur_cam2_20250126_105715.jpg,4,pen1_tur_cam2_20250126_105715.jpg
crop_8867_pen1_tur_cam2_20250122_122414.jpg,4,pen1_tur_cam2_20250122_122414.jpg
crop_8868_pen2_orb_cam1_20250108_081959.jpg,4,pen2_orb_cam1_20250108_081959.jpg
crop_8869_pen2_orb_cam1_20250108_084101.jpg,4,pen2_orb_cam1_20250108_084101.jpg
crop_8870_pen1_tur_cam2_20250125_105658.jpg,4,pen1_tur_cam2_20250125_105658.jpg
crop_8871_pen1_tur_cam2_20250126_095704.jpg,4,pen1_tur_cam2_20250126_095704.jpg
crop_8872_pen2_orb_cam1_20250108_084221.jpg,4,pen2_orb_cam1_20250108_084221.jpg
crop_8873_pen2_tur_cam1_20250120_095758.jpg,4,pen2_tur_cam1_20250120_095758.jpg
crop_8874_pen1_tur_cam2_20250126_074346.jpg,4,pen1_tur_cam2_20250126_074346.jpg
crop_8875_pen1_orb_cam2_20250108_085702.jpg,4,pen1_orb_cam2_20250108_085702.jpg
crop_8876_pen2_tur_cam1_20250120_101940.jpg,4,pen2_tur_cam1_20250120_101940.jpg
crop_8877_pen1_orb_cam2_20250108_090446.jpg,4,pen1_orb_cam2_20250108_090446.jpg
crop_8878_pen2_tur_cam1_20250109_080323.jpg,4,pen2_tur_cam1_20250109_080323.jpg
crop_8879_pen1_orb_cam2_20250108_090104.jpg,4,pen1_orb_cam2_20250108_090104.jpg
crop_8880_pen2_tur_cam1_20250109_070002.jpg,4,pen2_tur_cam1_20250109_070002.jpg
crop_8881_pen2_tur_cam1_20250123_135437.jpg,4,pen2_tur_cam1_20250123_135437.jpg
crop_8882_pen2_tur_cam1_20250120_070747.jpg,4,pen2_tur_cam1_20250120_070747.jpg
crop_8883_pen2_tur_cam1_20250120_075930.jpg,4,pen2_tur_cam1_20250120_075930.jpg
crop_8884_pen1_orb_cam2_20250108_090552.jpg,4,pen1_orb_cam2_20250108_090552.jpg
crop_8885_pen1_tur_cam2_20250122_142423.jpg,4,pen1_tur_cam2_20250122_142423.jpg
crop_8886_pen1_tur_cam2_20250125_114201.jpg,4,pen1_tur_cam2_20250125_114201.jpg
crop_8887_pen1_tur_cam2_20250127_153346.jpg,4,pen1_tur_cam2_20250127_153346.jpg
crop_8888_pen2_tur_cam1_20250109_075129.jpg,4,pen2_tur_cam1_20250109_075129.jpg
crop_8889_pen1_tur_cam2_20250122_132418.jpg,4,pen1_tur_cam2_20250122_132418.jpg
crop_8890_pen1_tur_cam2_20250207_123252.jpg,4,pen1_tur_cam2_20250207_123252.jpg
crop_8891_pen1_tur_cam2_20250201_085421.jpg,4,pen1_tur_cam2_20250201_085421.jpg
crop_8892_pen2_orb_cam1_20250108_080859.jpg,4,pen2_orb_cam1_20250108_080859.jpg
crop_8893_pen2_orb_cam1_20250108_081409.jpg,4,pen2_orb_cam1_20250108_081409.jpg
crop_8894_pen1_tur_cam2_20250220_101354.jpg,4,pen1_tur_cam2_20250220_101354.jpg
crop_8895_pen2_tur_cam1_20250109_075108.jpg,4,pen2_tur_cam1_20250109_075108.jpg
crop_8896_pen2_orb_cam1_20250108_080440.jpg,4,pen2_orb_cam1_20250108_080440.jpg
crop_8897_pen1_orb_cam2_20250108_091147.jpg,4,pen1_orb_cam2_20250108_091147.jpg
crop_8898_pen2_tur_cam1_20250109_080131.jpg,4,pen2_tur_cam1_20250109_080131.jpg
crop_8899_pen2_tur_cam1_20250123_121331.jpg,4,pen2_tur_cam1_20250123_121331.jpg
crop_8900_pen2_tur_cam1_20250109_073715.jpg,4,pen2_tur_cam1_20250109_073715.jpg
crop_8901_pen2_tur_cam1_20250109_080323.jpg,4,pen2_tur_cam1_20250109_080323.jpg
crop_8902_pen1_tur_cam2_20250122_131557.jpg,4,pen1_tur_cam2_20250122_131557.jpg
crop_8903_pen2_tur_cam1_20250120_121448.jpg,4,pen2_tur_cam1_20250120_121448.jpg
crop_8904_pen1_tur_cam2_20250220_091851.jpg,4,pen1_tur_cam2_20250220_091851.jpg
crop_8905_pen2_tur_cam1_20250109_073420.jpg,4,pen2_tur_cam1_20250109_073420.jpg
crop_8906_pen1_tur_cam2_20250126_104335.jpg,4,pen1_tur_cam2_20250126_104335.jpg
crop_8907_pen1_tur_cam2_20250125_134235.jpg,4,pen1_tur_cam2_20250125_134235.jpg
crop_8908_pen2_tur_cam1_20250123_111006.jpg,4,pen2_tur_cam1_20250123_111006.jpg
crop_8909_pen1_orb_cam2_20250108_085924.jpg,4,pen1_orb_cam2_20250108_085924.jpg
crop_8910_pen2_tur_cam1_20250109_075136.jpg,4,pen2_tur_cam1_20250109_075136.jpg
crop_8911_pen2_tur_cam1_20250123_121011.jpg,4,pen2_tur_cam1_20250123_121011.jpg
crop_8912_pen1_tur_cam2_20250126_114026.jpg,4,pen1_tur_cam2_20250126_114026.jpg
crop_8913_pen2_tur_cam1_20250215_095748.jpg,4,pen2_tur_cam1_20250215_095748.jpg
crop_8914_pen2_tur_cam1_20250109_075651.jpg,4,pen2_tur_cam1_20250109_075651.jpg
crop_8915_pen2_tur_cam1_20250123_121011.jpg,4,pen2_tur_cam1_20250123_121011.jpg
crop_8916_pen2_tur_cam1_20250120_120306.jpg,4,pen2_tur_cam1_20250120_120306.jpg
crop_8917_pen1_tur_cam2_20250125_081149.jpg,4,pen1_tur_cam2_20250125_081149.jpg
crop_8918_pen2_tur_cam1_20250109_075843.jpg,4,pen2_tur_cam1_20250109_075843.jpg
crop_8919_pen1_orb_cam2_20250108_085929.jpg,4,pen1_orb_cam2_20250108_085929.jpg
crop_8920_pen2_orb_cam1_20250108_085011.jpg,4,pen2_orb_cam1_20250108_085011.jpg
crop_8921_pen2_tur_cam1_20250209_080152.jpg,4,pen2_tur_cam1_20250209_080152.jpg
crop_8922_pen2_tur_cam1_20250123_105505.jpg,4,pen2_tur_cam1_20250123_105505.jpg
crop_8923_pen2_tur_cam1_20250109_080419.jpg,4,pen2_tur_cam1_20250109_080419.jpg
crop_8924_pen2_tur_cam1_20250109_073846.jpg,4,pen2_tur_cam1_20250109_073846.jpg
crop_8925_pen2_tur_cam1_20250109_080543.jpg,4,pen2_tur_cam1_20250109_080543.jpg
crop_8926_pen2_tur_cam1_20250109_075232.jpg,4,pen2_tur_cam1_20250109_075232.jpg
crop_8927_pen1_orb_cam2_20250108_134508.jpg,4,pen1_orb_cam2_20250108_134508.jpg
crop_8928_pen2_tur_cam1_20250109_074944.jpg,4,pen2_tur_cam1_20250109_074944.jpg
crop_8929_pen1_orb_cam2_20250108_090657.jpg,4,pen1_orb_cam2_20250108_090657.jpg
crop_8930_pen2_orb_cam1_20250108_082210.jpg,4,pen2_orb_cam1_20250108_082210.jpg
crop_8931_pen2_tur_cam1_20250109_080447.jpg,4,pen2_tur_cam1_20250109_080447.jpg
crop_8932_pen1_tur_cam2_20250125_115214.jpg,4,pen1_tur_cam2_20250125_115214.jpg
crop_8933_pen1_orb_cam2_20250108_090326.jpg,4,pen1_orb_cam2_20250108_090326.jpg
crop_8934_pen2_tur_cam1_20250109_074202.jpg,4,pen2_tur_cam1_20250109_074202.jpg
crop_8935_pen2_orb_cam1_20250108_084641.jpg,4,pen2_orb_cam1_20250108_084641.jpg
crop_8936_pen1_tur_cam2_20250127_111505.jpg,4,pen1_tur_cam2_20250127_111505.jpg
crop_8937_pen2_tur_cam1_20250109_073942.jpg,4,pen2_tur_cam1_20250109_073942.jpg
crop_8938_pen2_orb_cam1_20250108_084641.jpg,4,pen2_orb_cam1_20250108_084641.jpg
crop_8939_pen1_tur_cam2_20250126_154320.jpg,4,pen1_tur_cam2_20250126_154320.jpg
crop_8940_pen1_orb_cam2_20250108_085204.jpg,4,pen1_orb_cam2_20250108_085204.jpg
crop_8941_pen2_tur_cam1_20250209_082653.jpg,4,pen2_tur_cam1_20250209_082653.jpg
crop_8942_pen1_tur_cam2_20250126_104335.jpg,4,pen1_tur_cam2_20250126_104335.jpg
crop_8943_pen2_tur_cam1_20250209_095700.jpg,4,pen2_tur_cam1_20250209_095700.jpg
crop_8944_pen1_orb_cam1_20250108_090107.jpg,4,pen1_orb_cam1_20250108_090107.jpg
crop_8945_pen2_tur_cam1_20250109_080728.jpg,4,pen2_tur_cam1_20250109_080728.jpg
crop_8946_pen1_tur_cam2_20250125_115403.jpg,4,pen1_tur_cam2_20250125_115403.jpg
crop_8947_pen2_tur_cam1_20250109_073022.jpg,4,pen2_tur_cam1_20250109_073022.jpg
crop_8948_pen2_tur_cam1_20250120_110443.jpg,4,pen2_tur_cam1_20250120_110443.jpg
crop_8949_pen2_orb_cam1_20250108_084413.jpg,4,pen2_orb_cam1_20250108_084413.jpg
crop_8950_pen1_tur_cam2_20250207_143301.jpg,4,pen1_tur_cam2_20250207_143301.jpg
crop_8951_pen2_orb_cam1_20250108_081024.jpg,4,pen2_orb_cam1_20250108_081024.jpg
crop_8952_pen1_tur_cam2_20250122_092358.jpg,4,pen1_tur_cam2_20250122_092358.jpg
crop_8953_pen2_orb_cam1_20250108_085034.jpg,4,pen2_orb_cam1_20250108_085034.jpg
crop_8954_pen2_tur_cam1_20250109_075925.jpg,4,pen2_tur_cam1_20250109_075925.jpg
crop_8955_pen1_tur_cam2_20250125_132705.jpg,4,pen1_tur_cam2_20250125_132705.jpg
crop_8956_pen1_tur_cam2_20250125_113340.jpg,4,pen1_tur_cam2_20250125_113340.jpg
crop_8957_pen2_orb_cam1_20250108_082751.jpg,4,pen2_orb_cam1_20250108_082751.jpg
crop_8958_pen1_tur_cam2_20250127_154527.jpg,4,pen1_tur_cam2_20250127_154527.jpg
crop_8959_pen1_tur_cam2_20250126_084030.jpg,4,pen1_tur_cam2_20250126_084030.jpg
crop_8960_pen1_orb_cam2_20250108_090926.jpg,4,pen1_orb_cam2_20250108_090926.jpg
crop_8961_pen1_orb_cam2_20250108_090926.jpg,4,pen1_orb_cam2_20250108_090926.jpg
crop_8962_pen2_tur_cam1_20250109_074422.jpg,4,pen2_tur_cam1_20250109_074422.jpg
crop_8963_pen1_tur_cam2_20250201_091651.jpg,4,pen1_tur_cam2_20250201_091651.jpg
crop_8964_pen2_orb_cam1_20250108_084954.jpg,4,pen2_orb_cam1_20250108_084954.jpg
crop_8965_pen2_orb_cam1_20250108_081300.jpg,4,pen2_orb_cam1_20250108_081300.jpg
crop_8966_pen1_orb_cam2_20250108_091223.jpg,4,pen1_orb_cam2_20250108_091223.jpg
crop_8967_pen2_orb_cam1_20250108_081714.jpg,4,pen2_orb_cam1_20250108_081714.jpg
crop_8968_pen1_orb_cam2_20250108_090901.jpg,4,pen1_orb_cam2_20250108_090901.jpg
crop_8969_pen1_tur_cam2_20250122_114831.jpg,4,pen1_tur_cam2_20250122_114831.jpg
crop_8970_pen1_orb_cam1_20250108_085616.jpg,4,pen1_orb_cam1_20250108_085616.jpg
crop_8971_pen1_tur_cam2_20250127_111825.jpg,4,pen1_tur_cam2_20250127_111825.jpg
crop_8972_pen2_tur_cam1_20250109_074855.jpg,4,pen2_tur_cam1_20250109_074855.jpg
crop_8973_pen2_tur_cam1_20250109_073118.jpg,4,pen2_tur_cam1_20250109_073118.jpg
crop_8974_pen2_tur_cam1_20250120_135204.jpg,4,pen2_tur_cam1_20250120_135204.jpg
crop_8975_pen1_tur_cam2_20250220_080025.jpg,4,pen1_tur_cam2_20250220_080025.jpg
crop_8976_pen2_tur_cam1_20250123_110506.jpg,4,pen2_tur_cam1_20250123_110506.jpg
crop_8977_pen1_tur_cam2_20250125_094153.jpg,4,pen1_tur_cam2_20250125_094153.jpg
crop_8978_pen2_tur_cam1_20250120_110303.jpg,4,pen2_tur_cam1_20250120_110303.jpg
crop_8979_pen2_tur_cam1_20250123_124013.jpg,4,pen2_tur_cam1_20250123_124013.jpg
crop_8980_pen1_orb_cam2_20250108_090134.jpg,4,pen1_orb_cam2_20250108_090134.jpg
crop_8981_pen2_tur_cam1_20250123_134417.jpg,4,pen2_tur_cam1_20250123_134417.jpg
crop_8982_pen2_orb_cam1_20250108_082451.jpg,4,pen2_orb_cam1_20250108_082451.jpg
crop_8983_pen1_tur_cam2_20250127_121009.jpg,4,pen1_tur_cam2_20250127_121009.jpg
crop_8984_pen1_tur_cam2_20250127_145504.jpg,4,pen1_tur_cam2_20250127_145504.jpg
crop_8985_pen2_orb_cam1_20250108_084606.jpg,4,pen2_orb_cam1_20250108_084606.jpg
crop_8986_pen2_tur_cam1_20250109_070147.jpg,4,pen2_tur_cam1_20250109_070147.jpg
crop_8987_pen1_tur_cam2_20250127_113506.jpg,4,pen1_tur_cam2_20250127_113506.jpg
crop_8988_pen2_orb_cam1_20250108_085456.jpg,4,pen2_orb_cam1_20250108_085456.jpg
crop_8989_pen1_orb_cam2_20250108_091223.jpg,4,pen1_orb_cam2_20250108_091223.jpg
crop_8990_pen2_tur_cam1_20250123_140307.jpg,4,pen2_tur_cam1_20250123_140307.jpg
crop_8991_pen1_tur_cam2_20250122_112241.jpg,4,pen1_tur_cam2_20250122_112241.jpg
crop_8992_pen2_tur_cam1_20250120_131842.jpg,4,pen2_tur_cam1_20250120_131842.jpg
crop_8993_pen2_tur_cam1_20250109_074553.jpg,4,pen2_tur_cam1_20250109_074553.jpg
crop_8994_pen1_tur_cam2_20250127_135813.jpg,4,pen1_tur_cam2_20250127_135813.jpg
crop_8995_pen2_orb_cam1_20250108_081749.jpg,4,pen2_orb_cam1_20250108_081749.jpg
crop_8996_pen2_tur_cam1_20250209_105704.jpg,4,pen2_tur_cam1_20250209_105704.jpg
crop_8997_pen1_tur_cam2_20250125_081149.jpg,4,pen1_tur_cam2_20250125_081149.jpg
crop_8998_pen1_tur_cam2_20250126_151730.jpg,4,pen1_tur_cam2_20250126_151730.jpg
crop_8999_pen1_tur_cam2_20250126_095004.jpg,4,pen1_tur_cam2_20250126_095004.jpg
crop_9000_pen1_orb_cam2_20250108_090921.jpg,4,pen1_orb_cam2_20250108_090921.jpg
crop_9001_pen1_orb_cam2_20250108_080339.jpg,4,pen1_orb_cam2_20250108_080339.jpg
crop_9002_pen2_tur_cam1_20250209_113708.jpg,4,pen2_tur_cam1_20250209_113708.jpg
crop_9003_pen1_tur_cam2_20250127_150014.jpg,4,pen1_tur_cam2_20250127_150014.jpg
crop_9004_pen2_tur_cam1_20250120_102800.jpg,4,pen2_tur_cam1_20250120_102800.jpg
crop_9005_pen1_tur_cam2_20250127_154527.jpg,4,pen1_tur_cam2_20250127_154527.jpg
crop_9006_pen2_tur_cam1_20250123_115829.jpg,4,pen2_tur_cam1_20250123_115829.jpg
crop_9007_pen1_orb_cam2_20250108_090637.jpg,4,pen1_orb_cam2_20250108_090637.jpg
crop_9008_pen1_tur_cam2_20250220_093031.jpg,4,pen1_tur_cam2_20250220_093031.jpg
crop_9009_pen1_tur_cam2_20250201_141956.jpg,4,pen1_tur_cam2_20250201_141956.jpg
crop_9010_pen1_tur_cam2_20250127_103002.jpg,4,pen1_tur_cam2_20250127_103002.jpg
crop_9011_pen2_tur_cam1_20250109_075939.jpg,4,pen2_tur_cam1_20250109_075939.jpg
crop_9012_pen1_tur_cam2_20250220_092531.jpg,4,pen1_tur_cam2_20250220_092531.jpg
crop_9013_pen2_tur_cam1_20250109_075953.jpg,4,pen2_tur_cam1_20250109_075953.jpg
crop_9014_pen1_tur_cam2_20250126_115406.jpg,4,pen1_tur_cam2_20250126_115406.jpg
crop_9015_pen2_tur_cam1_20250209_130214.jpg,4,pen2_tur_cam1_20250209_130214.jpg
crop_9016_pen2_tur_cam1_20250109_073942.jpg,4,pen2_tur_cam1_20250109_073942.jpg
crop_9017_pen1_tur_cam2_20250125_145858.jpg,4,pen1_tur_cam2_20250125_145858.jpg
crop_9018_pen1_tur_cam2_20250122_110201.jpg,4,pen1_tur_cam2_20250122_110201.jpg
crop_9019_pen2_tur_cam1_20250124_090135.jpg,4,pen2_tur_cam1_20250124_090135.jpg
crop_9020_pen1_orb_cam2_20250108_091228.jpg,4,pen1_orb_cam2_20250108_091228.jpg
crop_9021_pen1_orb_cam1_20250108_085927.jpg,4,pen1_orb_cam1_20250108_085927.jpg
crop_9022_pen1_orb_cam2_20250108_085627.jpg,4,pen1_orb_cam2_20250108_085627.jpg
crop_9023_pen2_orb_cam1_20250108_085402.jpg,4,pen2_orb_cam1_20250108_085402.jpg
crop_9024_pen1_tur_cam2_20250203_100908.jpg,4,pen1_tur_cam2_20250203_100908.jpg
crop_9025_pen2_tur_cam1_20250209_125213.jpg,4,pen2_tur_cam1_20250209_125213.jpg
crop_9026_pen1_tur_cam2_20250126_113326.jpg,4,pen1_tur_cam2_20250126_113326.jpg
crop_9027_pen2_tur_cam1_20250123_143918.jpg,4,pen2_tur_cam1_20250123_143918.jpg
crop_9028_pen2_orb_cam1_20250108_084124.jpg,4,pen2_orb_cam1_20250108_084124.jpg
crop_9029_pen1_orb_cam2_20250108_090044.jpg,4,pen1_orb_cam2_20250108_090044.jpg
crop_9030_pen1_tur_cam2_20250122_092038.jpg,4,pen1_tur_cam2_20250122_092038.jpg
crop_9031_pen2_tur_cam1_20250109_073111.jpg,4,pen2_tur_cam1_20250109_073111.jpg
crop_9032_pen2_tur_cam1_20250109_075047.jpg,4,pen2_tur_cam1_20250109_075047.jpg
crop_9033_pen1_orb_cam2_20250108_090446.jpg,4,pen1_orb_cam2_20250108_090446.jpg
crop_9034_pen2_orb_cam2_20250217_130831.jpg,4,pen2_orb_cam2_20250217_130831.jpg
crop_9035_pen2_tur_cam1_20250109_080351.jpg,4,pen2_tur_cam1_20250109_080351.jpg
crop_9036_pen1_orb_cam2_20250108_091438.jpg,4,pen1_orb_cam2_20250108_091438.jpg
crop_9037_pen2_tur_cam1_20250109_075321.jpg,4,pen2_tur_cam1_20250109_075321.jpg
crop_9038_pen1_tur_cam2_20250207_141940.jpg,4,pen1_tur_cam2_20250207_141940.jpg
crop_9039_pen1_tur_cam2_20250125_080449.jpg,4,pen1_tur_cam2_20250125_080449.jpg
crop_9040_pen1_tur_cam2_20250126_113326.jpg,4,pen1_tur_cam2_20250126_113326.jpg
crop_9041_pen1_tur_cam2_20250126_121407.jpg,4,pen1_tur_cam2_20250126_121407.jpg
crop_9042_pen2_tur_cam1_20250109_074909.jpg,4,pen2_tur_cam1_20250109_074909.jpg
crop_9043_pen1_tur_cam2_20250127_102822.jpg,4,pen1_tur_cam2_20250127_102822.jpg
crop_9044_pen2_tur_cam1_20250109_080000.jpg,4,pen2_tur_cam1_20250109_080000.jpg
crop_9045_pen1_tur_cam2_20250126_124410.jpg,4,pen1_tur_cam2_20250126_124410.jpg
crop_9046_pen1_tur_cam2_20250125_084800.jpg,4,pen1_tur_cam2_20250125_084800.jpg
crop_9047_pen1_orb_cam2_20250108_085954.jpg,4,pen1_orb_cam2_20250108_085954.jpg
crop_9048_pen1_tur_cam2_20250125_073859.jpg,4,pen1_tur_cam2_20250125_073859.jpg
crop_9049_pen1_tur_cam2_20250127_150524.jpg,4,pen1_tur_cam2_20250127_150524.jpg
crop_9050_pen2_tur_cam1_20250123_153058.jpg,4,pen2_tur_cam1_20250123_153058.jpg
crop_9051_pen2_tur_cam1_20250109_080632.jpg,4,pen2_tur_cam1_20250109_080632.jpg
crop_9052_pen1_tur_cam2_20250220_092030.jpg,4,pen1_tur_cam2_20250220_092030.jpg
crop_9053_pen2_tur_cam1_20250109_075925.jpg,4,pen2_tur_cam1_20250109_075925.jpg
crop_9054_pen1_tur_cam2_20250126_085031.jpg,4,pen1_tur_cam2_20250126_085031.jpg
crop_9055_pen1_tur_cam2_20250127_103502.jpg,4,pen1_tur_cam2_20250127_103502.jpg
crop_9056_pen1_tur_cam2_20250126_153620.jpg,4,pen1_tur_cam2_20250126_153620.jpg
crop_9057_pen1_tur_cam2_20250125_121804.jpg,4,pen1_tur_cam2_20250125_121804.jpg
crop_9058_pen1_tur_cam2_20250125_145719.jpg,4,pen1_tur_cam2_20250125_145719.jpg
crop_9059_pen1_orb_cam1_20250108_085726.jpg,4,pen1_orb_cam1_20250108_085726.jpg
crop_9060_pen1_tur_cam2_20250127_111325.jpg,4,pen1_tur_cam2_20250127_111325.jpg
crop_9061_pen2_tur_cam1_20250109_073804.jpg,4,pen2_tur_cam1_20250109_073804.jpg
crop_9062_pen1_orb_cam1_20250108_090028.jpg,4,pen1_orb_cam1_20250108_090028.jpg
crop_9063_pen2_tur_cam1_20250109_073757.jpg,4,pen2_tur_cam1_20250109_073757.jpg
crop_9064_pen2_tur_cam1_20250109_080447.jpg,4,pen2_tur_cam1_20250109_080447.jpg
crop_9065_pen2_tur_cam1_20250120_090255.jpg,4,pen2_tur_cam1_20250120_090255.jpg
crop_9066_pen2_orb_cam1_20250108_080954.jpg,4,pen2_orb_cam1_20250108_080954.jpg
crop_9067_pen1_tur_cam2_20250127_140323.jpg,4,pen1_tur_cam2_20250127_140323.jpg
crop_9068_pen2_orb_cam1_20250108_082221.jpg,4,pen2_orb_cam1_20250108_082221.jpg
crop_9069_pen2_tur_cam1_20250120_130841.jpg,4,pen2_tur_cam1_20250120_130841.jpg
crop_9070_pen1_tur_cam2_20250126_092054.jpg,4,pen1_tur_cam2_20250126_092054.jpg
crop_9071_pen1_tur_cam2_20250126_100025.jpg,4,pen1_tur_cam2_20250126_100025.jpg
crop_9072_pen1_tur_cam2_20250127_150844.jpg,4,pen1_tur_cam2_20250127_150844.jpg
crop_9073_pen1_orb_cam2_20250108_090906.jpg,4,pen1_orb_cam2_20250108_090906.jpg
crop_9074_pen1_orb_cam2_20250108_090134.jpg,4,pen1_orb_cam2_20250108_090134.jpg
crop_9075_pen1_tur_cam2_20250122_143103.jpg,4,pen1_tur_cam2_20250122_143103.jpg
crop_9076_pen2_tur_cam1_20250215_094928.jpg,4,pen2_tur_cam1_20250215_094928.jpg
crop_9077_pen2_tur_cam1_20250123_121331.jpg,4,pen2_tur_cam1_20250123_121331.jpg
crop_9078_pen1_tur_cam2_20250126_083530.jpg,4,pen1_tur_cam2_20250126_083530.jpg
crop_9079_pen1_tur_cam2_20250125_125414.jpg,4,pen1_tur_cam2_20250125_125414.jpg
crop_9080_pen2_tur_cam1_20250109_080323.jpg,4,pen2_tur_cam1_20250109_080323.jpg
crop_9081_pen2_tur_cam1_20250120_105442.jpg,4,pen2_tur_cam1_20250120_105442.jpg
crop_9082_pen1_orb_cam1_20250108_085843.jpg,4,pen1_orb_cam1_20250108_085843.jpg
crop_9083_pen1_orb_cam2_20250108_085632.jpg,4,pen1_orb_cam2_20250108_085632.jpg
crop_9084_pen1_tur_cam2_20250122_141422.jpg,4,pen1_tur_cam2_20250122_141422.jpg
crop_9085_pen2_tur_cam1_20250120_083753.jpg,4,pen2_tur_cam1_20250120_083753.jpg
crop_9086_pen1_orb_cam1_20250108_085838.jpg,4,pen1_orb_cam1_20250108_085838.jpg
crop_9087_pen1_tur_cam2_20250127_155348.jpg,4,pen1_tur_cam2_20250127_155348.jpg
crop_9088_pen2_tur_cam1_20250123_120830.jpg,4,pen2_tur_cam1_20250123_120830.jpg
crop_9089_pen2_tur_cam1_20250120_104442.jpg,4,pen2_tur_cam1_20250120_104442.jpg
crop_9090_pen1_orb_cam2_20250108_090835.jpg,4,pen1_orb_cam2_20250108_090835.jpg
crop_9091_pen2_tur_cam1_20250109_065955.jpg,4,pen2_tur_cam1_20250109_065955.jpg
crop_9092_pen1_tur_cam2_20250127_104823.jpg,4,pen1_tur_cam2_20250127_104823.jpg
crop_9093_pen1_tur_cam2_20250126_154320.jpg,4,pen1_tur_cam2_20250126_154320.jpg
crop_9094_pen1_tur_cam2_20250122_135920.jpg,4,pen1_tur_cam2_20250122_135920.jpg
crop_9095_pen1_tur_cam2_20250127_155528.jpg,4,pen1_tur_cam2_20250127_155528.jpg
crop_9096_pen2_tur_cam1_20250120_144348.jpg,4,pen2_tur_cam1_20250120_144348.jpg
crop_9097_pen1_orb_cam2_20250108_091538.jpg,4,pen1_orb_cam2_20250108_091538.jpg
crop_9098_pen2_tur_cam1_20250109_071512.jpg,4,pen2_tur_cam1_20250109_071512.jpg
crop_9099_pen1_orb_cam2_20250108_090406.jpg,4,pen1_orb_cam2_20250108_090406.jpg
crop_9100_pen2_tur_cam1_20250109_074244.jpg,4,pen2_tur_cam1_20250109_074244.jpg
crop_9101_pen1_orb_cam2_20250108_090401.jpg,4,pen1_orb_cam2_20250108_090401.jpg
crop_9102_pen2_tur_cam1_20250109_074429.jpg,4,pen2_tur_cam1_20250109_074429.jpg
crop_9103_pen2_orb_cam1_20250108_081104.jpg,4,pen2_orb_cam1_20250108_081104.jpg
crop_9104_pen2_tur_cam1_20250109_073914.jpg,4,pen2_tur_cam1_20250109_073914.jpg
crop_9105_pen2_tur_cam1_20250209_110524.jpg,4,pen2_tur_cam1_20250209_110524.jpg
crop_9106_pen1_tur_cam2_20250126_103125.jpg,4,pen1_tur_cam2_20250126_103125.jpg
crop_9107_pen2_tur_cam1_20250109_071032.jpg,4,pen2_tur_cam1_20250109_071032.jpg
crop_9108_pen1_tur_cam2_20250125_115214.jpg,4,pen1_tur_cam2_20250125_115214.jpg
crop_9109_pen2_tur_cam1_20250123_151208.jpg,4,pen2_tur_cam1_20250123_151208.jpg
crop_9110_pen1_orb_cam2_20250108_085622.jpg,4,pen1_orb_cam2_20250108_085622.jpg
crop_9111_pen2_tur_cam1_20250109_075719.jpg,4,pen2_tur_cam1_20250109_075719.jpg
crop_9112_pen2_orb_cam1_20250108_083617.jpg,4,pen2_orb_cam1_20250108_083617.jpg
crop_9113_pen2_orb_cam1_20250108_085616.jpg,4,pen2_orb_cam1_20250108_085616.jpg
crop_9114_pen2_orb_cam1_20250108_081104.jpg,4,pen2_orb_cam1_20250108_081104.jpg
crop_9115_pen2_tur_cam1_20250109_073956.jpg,4,pen2_tur_cam1_20250109_073956.jpg
crop_9116_pen1_tur_cam2_20250201_092521.jpg,4,pen1_tur_cam2_20250201_092521.jpg
crop_9117_pen1_tur_cam2_20250127_110824.jpg,4,pen1_tur_cam2_20250127_110824.jpg
crop_9118_pen2_tur_cam1_20250123_145447.jpg,4,pen2_tur_cam1_20250123_145447.jpg
crop_9119_pen2_tur_cam1_20250109_080426.jpg,4,pen2_tur_cam1_20250109_080426.jpg
crop_9120_pen1_tur_cam2_20250125_144217.jpg,4,pen1_tur_cam2_20250125_144217.jpg
crop_9121_pen1_orb_cam2_20250108_091157.jpg,4,pen1_orb_cam2_20250108_091157.jpg
crop_9122_pen1_orb_cam1_20250108_085204.jpg,4,pen1_orb_cam1_20250108_085204.jpg
crop_9123_pen1_tur_cam2_20250126_111756.jpg,4,pen1_tur_cam2_20250126_111756.jpg
crop_9124_pen1_tur_cam2_20250127_110004.jpg,4,pen1_tur_cam2_20250127_110004.jpg
crop_9125_pen2_orb_cam1_20250108_081519.jpg,4,pen2_orb_cam1_20250108_081519.jpg
crop_9126_pen1_tur_cam2_20250220_095353.jpg,4,pen1_tur_cam2_20250220_095353.jpg
crop_9127_pen2_tur_cam1_20250109_075232.jpg,4,pen2_tur_cam1_20250109_075232.jpg
crop_9128_pen1_tur_cam2_20250126_101234.jpg,4,pen1_tur_cam2_20250126_101234.jpg
crop_9129_pen2_orb_cam1_20250108_081444.jpg,4,pen2_orb_cam1_20250108_081444.jpg
crop_9130_pen2_tur_cam1_20250120_143347.jpg,4,pen2_tur_cam1_20250120_143347.jpg
crop_9131_pen2_tur_cam1_20250109_073132.jpg,4,pen2_tur_cam1_20250109_073132.jpg
crop_9132_pen2_tur_cam1_20250109_074031.jpg,4,pen2_tur_cam1_20250109_074031.jpg
crop_9133_pen2_orb_cam1_20250108_080924.jpg,4,pen2_orb_cam1_20250108_080924.jpg
crop_9134_pen2_tur_cam1_20250120_111443.jpg,4,pen2_tur_cam1_20250120_111443.jpg
crop_9135_pen2_tur_cam1_20250109_080213.jpg,4,pen2_tur_cam1_20250109_080213.jpg
crop_9136_pen1_orb_cam1_20250108_090228.jpg,4,pen1_orb_cam1_20250108_090228.jpg
crop_9137_pen2_orb_cam1_20250108_081903.jpg,4,pen2_orb_cam1_20250108_081903.jpg
crop_9138_pen2_orb_cam1_20250108_082049.jpg,4,pen2_orb_cam1_20250108_082049.jpg
crop_9139_pen2_tur_cam1_20250109_074649.jpg,4,pen2_tur_cam1_20250109_074649.jpg
crop_9140_pen1_tur_cam2_20250207_141439.jpg,4,pen1_tur_cam2_20250207_141439.jpg
crop_9141_pen2_tur_cam1_20250109_071540.jpg,4,pen2_tur_cam1_20250109_071540.jpg
crop_9142_pen1_tur_cam2_20250127_104002.jpg,4,pen1_tur_cam2_20250127_104002.jpg
crop_9143_pen2_orb_cam1_20250108_084251.jpg,4,pen2_orb_cam1_20250108_084251.jpg
crop_9144_pen1_tur_cam2_20250126_081029.jpg,4,pen1_tur_cam2_20250126_081029.jpg
crop_9145_pen2_orb_cam1_20250108_080904.jpg,4,pen2_orb_cam1_20250108_080904.jpg
crop_9146_pen1_tur_cam2_20250127_123341.jpg,4,pen1_tur_cam2_20250127_123341.jpg
crop_9147_pen1_tur_cam2_20250127_155348.jpg,4,pen1_tur_cam2_20250127_155348.jpg
crop_9148_pen1_tur_cam2_20250122_145435.jpg,4,pen1_tur_cam2_20250122_145435.jpg
crop_9149_pen2_tur_cam1_20250109_075321.jpg,4,pen2_tur_cam1_20250109_075321.jpg
crop_9150_pen1_tur_cam2_20250126_092414.jpg,4,pen1_tur_cam2_20250126_092414.jpg
crop_9151_pen2_orb_cam1_20250108_080720.jpg,4,pen2_orb_cam1_20250108_080720.jpg
crop_9152_pen1_orb_cam1_20250108_085731.jpg,4,pen1_orb_cam1_20250108_085731.jpg
crop_9153_pen2_orb_cam1_20250108_083748.jpg,4,pen2_orb_cam1_20250108_083748.jpg
crop_9154_pen2_orb_cam1_20250108_082840.jpg,4,pen2_orb_cam1_20250108_082840.jpg
crop_9155_pen2_orb_cam1_20250108_084319.jpg,4,pen2_orb_cam1_20250108_084319.jpg
crop_9156_pen2_tur_cam1_20250109_073619.jpg,4,pen2_tur_cam1_20250109_073619.jpg
crop_9157_pen2_orb_cam1_20250108_081300.jpg,4,pen2_orb_cam1_20250108_081300.jpg
crop_9158_pen1_orb_cam2_20250108_083301.jpg,4,pen1_orb_cam2_20250108_083301.jpg
crop_9159_pen2_tur_cam1_20250109_073558.jpg,4,pen2_tur_cam1_20250109_073558.jpg
crop_9160_pen2_orb_cam1_20250108_081154.jpg,4,pen2_orb_cam1_20250108_081154.jpg
crop_9161_pen2_tur_cam1_20250109_074216.jpg,4,pen2_tur_cam1_20250109_074216.jpg
crop_9162_pen1_tur_cam2_20250127_153026.jpg,4,pen1_tur_cam2_20250127_153026.jpg
crop_9163_pen2_tur_cam1_20250109_075911.jpg,4,pen2_tur_cam1_20250109_075911.jpg
crop_9164_pen1_tur_cam2_20250122_091538.jpg,4,pen1_tur_cam2_20250122_091538.jpg
crop_9165_pen1_orb_cam2_20250108_131913.jpg,4,pen1_orb_cam2_20250108_131913.jpg
crop_9166_pen1_orb_cam2_20250108_080409.jpg,4,pen1_orb_cam2_20250108_080409.jpg
crop_9167_pen1_orb_cam1_20250108_085637.jpg,4,pen1_orb_cam1_20250108_085637.jpg
crop_9168_pen1_orb_cam1_20250108_085531.jpg,4,pen1_orb_cam1_20250108_085531.jpg
crop_9169_pen1_tur_cam2_20250122_135100.jpg,4,pen1_tur_cam2_20250122_135100.jpg
crop_9170_pen1_orb_cam2_20250108_131913.jpg,4,pen1_orb_cam2_20250108_131913.jpg
crop_9171_pen2_tur_cam1_20250109_075904.jpg,4,pen2_tur_cam1_20250109_075904.jpg
crop_9172_pen1_tur_cam2_20250127_135813.jpg,4,pen1_tur_cam2_20250127_135813.jpg
crop_9173_pen2_tur_cam1_20250209_073650.jpg,4,pen2_tur_cam1_20250209_073650.jpg
crop_9174_pen2_tur_cam1_20250109_071711.jpg,4,pen2_tur_cam1_20250109_071711.jpg
crop_9175_pen1_orb_cam2_20250108_091533.jpg,4,pen1_orb_cam2_20250108_091533.jpg
crop_9176_pen2_tur_cam1_20250109_080700.jpg,4,pen2_tur_cam1_20250109_080700.jpg
crop_9177_pen1_tur_cam2_20250126_084350.jpg,4,pen1_tur_cam2_20250126_084350.jpg
crop_9178_pen2_orb_cam1_20250108_081039.jpg,4,pen2_orb_cam1_20250108_081039.jpg
crop_9179_pen2_tur_cam1_20250109_080433.jpg,4,pen2_tur_cam1_20250109_080433.jpg
crop_9180_pen2_orb_cam1_20250108_082456.jpg,4,pen2_orb_cam1_20250108_082456.jpg
crop_9181_pen2_orb_cam1_20250108_083724.jpg,4,pen2_orb_cam1_20250108_083724.jpg
crop_9182_pen1_tur_cam2_20250220_084848.jpg,4,pen1_tur_cam2_20250220_084848.jpg
crop_9183_pen2_orb_cam1_20250108_084130.jpg,4,pen2_orb_cam1_20250108_084130.jpg
crop_9184_pen2_tur_cam1_20250109_074155.jpg,4,pen2_tur_cam1_20250109_074155.jpg
crop_9185_pen1_tur_cam2_20250127_134603.jpg,4,pen1_tur_cam2_20250127_134603.jpg
crop_9186_pen1_tur_cam2_20250126_122408.jpg,4,pen1_tur_cam2_20250126_122408.jpg
crop_9187_pen1_orb_cam1_20250108_085204.jpg,4,pen1_orb_cam1_20250108_085204.jpg
crop_9188_pen2_orb_cam1_20250108_083851.jpg,4,pen2_orb_cam1_20250108_083851.jpg
crop_9189_pen1_orb_cam2_20250108_091433.jpg,4,pen1_orb_cam2_20250108_091433.jpg
crop_9190_pen2_orb_cam1_20250108_082055.jpg,4,pen2_orb_cam1_20250108_082055.jpg
crop_9191_pen2_tur_cam1_20250120_071248.jpg,4,pen2_tur_cam1_20250120_071248.jpg
crop_9192_pen1_tur_cam2_20250203_104910.jpg,4,pen1_tur_cam2_20250203_104910.jpg
crop_9193_pen2_tur_cam1_20250109_074059.jpg,4,pen2_tur_cam1_20250109_074059.jpg
crop_9194_pen1_tur_cam2_20250202_153944.jpg,4,pen1_tur_cam2_20250202_153944.jpg
crop_9195_pen1_orb_cam2_20250108_085602.jpg,4,pen1_orb_cam2_20250108_085602.jpg
crop_9196_pen1_orb_cam2_20250108_091147.jpg,4,pen1_orb_cam2_20250108_091147.jpg
crop_9197_pen2_tur_cam1_20250109_074656.jpg,4,pen2_tur_cam1_20250109_074656.jpg
crop_9198_pen1_tur_cam2_20250207_135758.jpg,4,pen1_tur_cam2_20250207_135758.jpg
crop_9199_pen1_tur_cam2_20250127_134753.jpg,4,pen1_tur_cam2_20250127_134753.jpg
crop_9200_pen1_orb_cam2_20250108_090431.jpg,4,pen1_orb_cam2_20250108_090431.jpg
crop_9201_pen2_tur_cam1_20250109_074600.jpg,4,pen2_tur_cam1_20250109_074600.jpg
crop_9202_pen2_tur_cam1_20250120_085254.jpg,4,pen2_tur_cam1_20250120_085254.jpg
crop_9203_pen2_tur_cam1_20250109_073214.jpg,4,pen2_tur_cam1_20250109_073214.jpg
crop_9204_pen2_tur_cam1_20250109_074457.jpg,4,pen2_tur_cam1_20250109_074457.jpg
crop_9205_pen1_tur_cam2_20250125_130435.jpg,4,pen1_tur_cam2_20250125_130435.jpg
crop_9206_pen1_tur_cam2_20250125_063657.jpg,4,pen1_tur_cam2_20250125_063657.jpg
crop_9207_pen2_tur_cam1_20250109_080014.jpg,4,pen2_tur_cam1_20250109_080014.jpg
crop_9208_pen2_tur_cam1_20250120_121808.jpg,4,pen2_tur_cam1_20250120_121808.jpg
crop_9209_pen2_tur_cam1_20250109_080234.jpg,4,pen2_tur_cam1_20250109_080234.jpg
crop_9210_pen2_orb_cam1_20250108_081920.jpg,4,pen2_orb_cam1_20250108_081920.jpg
crop_9211_pen1_tur_cam2_20250126_093114.jpg,4,pen1_tur_cam2_20250126_093114.jpg
crop_9212_pen1_orb_cam2_20250108_090846.jpg,4,pen1_orb_cam2_20250108_090846.jpg
crop_9213_pen1_orb_cam2_20250108_090457.jpg,4,pen1_orb_cam2_20250108_090457.jpg
crop_9214_pen2_tur_cam1_20250209_123212.jpg,4,pen2_tur_cam1_20250209_123212.jpg
crop_9215_pen2_tur_cam1_20250109_073818.jpg,4,pen2_tur_cam1_20250109_073818.jpg
crop_9216_pen1_orb_cam2_20250108_090229.jpg,4,pen1_orb_cam2_20250108_090229.jpg
crop_9217_pen1_orb_cam2_20250108_090547.jpg,4,pen1_orb_cam2_20250108_090547.jpg
crop_9218_pen2_tur_cam1_20250109_080714.jpg,4,pen2_tur_cam1_20250109_080714.jpg
crop_9219_pen1_tur_cam2_20250220_104356.jpg,4,pen1_tur_cam2_20250220_104356.jpg
crop_9220_pen1_tur_cam2_20250127_134753.jpg,4,pen1_tur_cam2_20250127_134753.jpg
crop_9221_pen1_tur_cam2_20250203_103549.jpg,4,pen1_tur_cam2_20250203_103549.jpg
crop_9222_pen1_tur_cam2_20250125_140635.jpg,4,pen1_tur_cam2_20250125_140635.jpg
crop_9223_pen1_orb_cam2_20250108_091152.jpg,4,pen1_orb_cam2_20250108_091152.jpg
crop_9224_pen2_tur_cam1_20250109_080014.jpg,4,pen2_tur_cam1_20250109_080014.jpg
crop_9225_pen1_tur_cam2_20250122_130417.jpg,4,pen1_tur_cam2_20250122_130417.jpg
crop_9226_pen1_tur_cam2_20250220_093351.jpg,4,pen1_tur_cam2_20250220_093351.jpg
crop_9227_pen1_tur_cam2_20250122_132558.jpg,4,pen1_tur_cam2_20250122_132558.jpg
crop_9228_pen1_orb_cam2_20250108_091233.jpg,4,pen1_orb_cam2_20250108_091233.jpg
crop_9229_pen2_tur_cam1_20250120_120447.jpg,4,pen2_tur_cam1_20250120_120447.jpg
crop_9230_pen1_tur_cam2_20250220_110358.jpg,4,pen1_tur_cam2_20250220_110358.jpg
crop_9231_pen1_orb_cam2_20250108_091433.jpg,4,pen1_orb_cam2_20250108_091433.jpg
crop_9232_pen1_tur_cam2_20250126_114026.jpg,4,pen1_tur_cam2_20250126_114026.jpg
crop_9233_pen2_orb_cam1_20250108_081504.jpg,4,pen2_orb_cam1_20250108_081504.jpg
crop_9234_pen2_tur_cam1_20250109_080145.jpg,4,pen2_tur_cam1_20250109_080145.jpg
crop_9235_pen1_tur_cam2_20250126_124049.jpg,4,pen1_tur_cam2_20250126_124049.jpg
crop_9236_pen2_orb_cam1_20250108_081114.jpg,4,pen2_orb_cam1_20250108_081114.jpg
crop_9237_pen2_tur_cam1_20250109_070147.jpg,4,pen2_tur_cam1_20250109_070147.jpg
crop_9238_pen2_tur_cam1_20250109_071650.jpg,4,pen2_tur_cam1_20250109_071650.jpg
crop_9239_pen2_orb_cam1_20250108_090136.jpg,4,pen2_orb_cam1_20250108_090136.jpg
crop_9240_pen1_orb_cam2_20250108_090401.jpg,4,pen1_orb_cam2_20250108_090401.jpg
crop_9241_pen1_tur_cam2_20250220_093852.jpg,4,pen1_tur_cam2_20250220_093852.jpg
crop_9242_pen2_tur_cam1_20250123_135247.jpg,4,pen2_tur_cam1_20250123_135247.jpg
crop_9243_pen1_tur_cam2_20250126_083350.jpg,4,pen1_tur_cam2_20250126_083350.jpg
crop_9244_pen1_orb_cam2_20250108_134443.jpg,4,pen1_orb_cam2_20250108_134443.jpg
crop_9245_pen1_tur_cam2_20250127_103822.jpg,4,pen1_tur_cam2_20250127_103822.jpg
crop_9246_pen2_tur_cam1_20250209_112707.jpg,4,pen2_tur_cam1_20250209_112707.jpg
crop_9247_pen1_orb_cam2_20250108_091558.jpg,4,pen1_orb_cam2_20250108_091558.jpg
crop_9248_pen2_tur_cam1_20250109_071025.jpg,4,pen2_tur_cam1_20250109_071025.jpg
crop_9249_pen2_orb_cam1_20250108_084146.jpg,4,pen2_orb_cam1_20250108_084146.jpg
crop_9250_pen1_tur_cam2_20250207_143301.jpg,4,pen1_tur_cam2_20250207_143301.jpg
crop_9251_pen2_tur_cam1_20250109_073956.jpg,4,pen2_tur_cam1_20250109_073956.jpg
crop_9252_pen2_orb_cam1_20250108_083811.jpg,4,pen2_orb_cam1_20250108_083811.jpg
crop_9253_pen2_tur_cam1_20250109_075843.jpg,4,pen2_tur_cam1_20250109_075843.jpg
crop_9254_pen1_orb_cam2_20250108_090219.jpg,4,pen1_orb_cam2_20250108_090219.jpg
crop_9255_pen2_tur_cam1_20250120_114305.jpg,4,pen2_tur_cam1_20250120_114305.jpg
crop_9256_pen1_orb_cam2_20250108_091422.jpg,4,pen1_orb_cam2_20250108_091422.jpg
crop_9257_pen2_orb_cam1_20250108_084124.jpg,4,pen2_orb_cam1_20250108_084124.jpg
crop_9258_pen2_orb_cam1_20250108_082148.jpg,4,pen2_orb_cam1_20250108_082148.jpg
crop_9259_pen2_tur_cam1_20250109_075726.jpg,4,pen2_tur_cam1_20250109_075726.jpg
crop_9260_pen2_tur_cam1_20250109_080049.jpg,4,pen2_tur_cam1_20250109_080049.jpg
crop_9261_pen1_tur_cam2_20250122_110711.jpg,4,pen1_tur_cam2_20250122_110711.jpg
crop_9262_pen2_tur_cam1_20250109_073317.jpg,4,pen2_tur_cam1_20250109_073317.jpg
crop_9263_pen1_orb_cam2_20250108_090727.jpg,4,pen1_orb_cam2_20250108_090727.jpg
crop_9264_pen1_tur_cam2_20250126_141917.jpg,4,pen1_tur_cam2_20250126_141917.jpg
crop_9265_pen1_orb_cam1_20250108_090203.jpg,4,pen1_orb_cam1_20250108_090203.jpg
crop_9266_pen1_tur_cam2_20250220_083528.jpg,4,pen1_tur_cam2_20250220_083528.jpg
crop_9267_pen1_orb_cam1_20250108_090152.jpg,4,pen1_orb_cam1_20250108_090152.jpg
crop_9268_pen1_tur_cam2_20250126_141417.jpg,4,pen1_tur_cam2_20250126_141417.jpg
crop_9269_pen2_orb_cam1_20250108_084943.jpg,4,pen2_orb_cam1_20250108_084943.jpg
crop_9270_pen1_tur_cam2_20250220_091530.jpg,4,pen1_tur_cam2_20250220_091530.jpg
crop_9271_pen1_orb_cam2_20250108_085552.jpg,4,pen1_orb_cam2_20250108_085552.jpg
crop_9272_pen1_tur_cam2_20250125_134555.jpg,4,pen1_tur_cam2_20250125_134555.jpg
crop_9273_pen2_orb_cam1_20250108_085308.jpg,4,pen2_orb_cam1_20250108_085308.jpg
crop_9274_pen2_tur_cam1_20250109_073448.jpg,4,pen2_tur_cam1_20250109_073448.jpg
crop_9275_pen2_tur_cam1_20250209_103202.jpg,4,pen2_tur_cam1_20250209_103202.jpg
crop_9276_pen1_tur_cam2_20250122_142603.jpg,4,pen1_tur_cam2_20250122_142603.jpg
crop_9277_pen1_tur_cam2_20250127_123852.jpg,4,pen1_tur_cam2_20250127_123852.jpg
crop_9278_pen1_tur_cam2_20250122_095449.jpg,4,pen1_tur_cam2_20250122_095449.jpg
crop_9279_pen2_tur_cam1_20250109_080131.jpg,4,pen2_tur_cam1_20250109_080131.jpg
crop_9280_pen2_tur_cam1_20250109_074902.jpg,4,pen2_tur_cam1_20250109_074902.jpg
crop_9281_pen2_tur_cam1_20250123_120330.jpg,4,pen2_tur_cam1_20250123_120330.jpg
crop_9282_pen1_tur_cam2_20250127_102822.jpg,4,pen1_tur_cam2_20250127_102822.jpg
crop_9283_pen1_orb_cam2_20250108_133105.jpg,4,pen1_orb_cam2_20250108_133105.jpg
crop_9284_pen2_tur_cam1_20250209_135037.jpg,4,pen2_tur_cam1_20250209_135037.jpg
crop_9285_pen1_tur_cam2_20250125_082209.jpg,4,pen1_tur_cam2_20250125_082209.jpg
crop_9286_pen1_tur_cam2_20250125_064718.jpg,4,pen1_tur_cam2_20250125_064718.jpg
crop_9287_pen2_tur_cam1_20250109_075541.jpg,4,pen2_tur_cam1_20250109_075541.jpg
crop_9288_pen1_orb_cam2_20250108_091438.jpg,4,pen1_orb_cam2_20250108_091438.jpg
crop_9289_pen2_tur_cam1_20250209_122030.jpg,4,pen2_tur_cam1_20250209_122030.jpg
crop_9290_pen1_tur_cam2_20250125_120744.jpg,4,pen1_tur_cam2_20250125_120744.jpg
crop_9291_pen1_tur_cam2_20250126_101044.jpg,4,pen1_tur_cam2_20250126_101044.jpg
crop_9292_pen1_tur_cam2_20250201_093542.jpg,4,pen1_tur_cam2_20250201_093542.jpg
crop_9293_pen2_tur_cam1_20250109_075857.jpg,4,pen2_tur_cam1_20250109_075857.jpg
crop_9294_pen1_tur_cam2_20250122_130056.jpg,4,pen1_tur_cam2_20250122_130056.jpg
crop_9295_pen1_tur_cam2_20250203_095547.jpg,4,pen1_tur_cam2_20250203_095547.jpg
crop_9296_pen2_tur_cam1_20250209_074510.jpg,4,pen2_tur_cam1_20250209_074510.jpg
crop_9297_pen1_orb_cam2_20250108_090537.jpg,4,pen1_orb_cam2_20250108_090537.jpg
crop_9298_pen2_tur_cam1_20250109_074518.jpg,4,pen2_tur_cam1_20250109_074518.jpg
crop_9299_pen2_tur_cam1_20250120_083433.jpg,4,pen2_tur_cam1_20250120_083433.jpg
crop_9300_pen1_orb_cam2_20250108_085229.jpg,4,pen1_orb_cam2_20250108_085229.jpg
crop_9301_pen2_tur_cam1_20250109_080426.jpg,4,pen2_tur_cam1_20250109_080426.jpg
crop_9302_pen2_tur_cam1_20250109_073949.jpg,4,pen2_tur_cam1_20250109_073949.jpg
crop_9303_pen2_tur_cam1_20250109_074532.jpg,4,pen2_tur_cam1_20250109_074532.jpg
crop_9304_pen2_orb_cam1_20250108_081129.jpg,4,pen2_orb_cam1_20250108_081129.jpg
crop_9305_pen2_orb_cam1_20250108_080615.jpg,4,pen2_orb_cam1_20250108_080615.jpg
crop_9306_pen2_tur_cam1_20250109_073825.jpg,4,pen2_tur_cam1_20250109_073825.jpg
crop_9307_pen2_tur_cam1_20250123_142347.jpg,4,pen2_tur_cam1_20250123_142347.jpg
crop_9308_pen2_tur_cam1_20250109_075012.jpg,4,pen2_tur_cam1_20250109_075012.jpg
crop_9309_pen1_tur_cam2_20250125_073859.jpg,4,pen1_tur_cam2_20250125_073859.jpg
crop_9310_pen1_tur_cam2_20250125_142716.jpg,4,pen1_tur_cam2_20250125_142716.jpg
crop_9311_pen1_tur_cam2_20250122_130557.jpg,4,pen1_tur_cam2_20250122_130557.jpg
crop_9312_pen1_tur_cam2_20250125_091150.jpg,4,pen1_tur_cam2_20250125_091150.jpg
crop_9313_pen2_tur_cam1_20250123_143918.jpg,4,pen2_tur_cam1_20250123_143918.jpg
crop_9314_pen1_tur_cam1_20250201_085101.jpg,4,pen1_tur_cam1_20250201_085101.jpg
crop_9315_pen2_orb_cam1_20250108_084403.jpg,4,pen2_orb_cam1_20250108_084403.jpg
crop_9316_pen2_orb_cam1_20250108_084347.jpg,4,pen2_orb_cam1_20250108_084347.jpg
crop_9317_pen2_tur_cam1_20250109_075246.jpg,4,pen2_tur_cam1_20250109_075246.jpg
crop_9318_pen1_tur_cam2_20250220_091851.jpg,4,pen1_tur_cam2_20250220_091851.jpg
crop_9319_pen2_orb_cam1_20250108_083800.jpg,4,pen2_orb_cam1_20250108_083800.jpg
crop_9320_pen1_tur_cam2_20250220_105037.jpg,4,pen1_tur_cam2_20250220_105037.jpg
crop_9321_pen1_orb_cam2_20250108_090946.jpg,4,pen1_orb_cam2_20250108_090946.jpg
crop_9322_pen1_orb_cam2_20250108_090602.jpg,4,pen1_orb_cam2_20250108_090602.jpg
crop_9323_pen2_tur_cam1_20250109_075417.jpg,4,pen2_tur_cam1_20250109_075417.jpg
crop_9324_pen2_tur_cam1_20250120_082752.jpg,4,pen2_tur_cam1_20250120_082752.jpg
crop_9325_pen2_orb_cam1_20250108_084542.jpg,4,pen2_orb_cam1_20250108_084542.jpg
crop_9326_pen2_orb_cam1_20250108_083906.jpg,4,pen2_orb_cam1_20250108_083906.jpg
crop_9327_pen2_tur_cam1_20250109_073359.jpg,4,pen2_tur_cam1_20250109_073359.jpg
crop_9328_pen2_orb_cam1_20250108_082111.jpg,4,pen2_orb_cam1_20250108_082111.jpg
crop_9329_pen1_tur_cam2_20250125_130435.jpg,4,pen1_tur_cam2_20250125_130435.jpg
crop_9330_pen2_tur_cam1_20250109_073605.jpg,4,pen2_tur_cam1_20250109_073605.jpg
crop_9331_pen2_orb_cam1_20250108_083851.jpg,4,pen2_orb_cam1_20250108_083851.jpg
crop_9332_pen2_tur_cam1_20250109_080419.jpg,4,pen2_tur_cam1_20250109_080419.jpg
crop_9333_pen2_tur_cam1_20250120_104302.jpg,4,pen2_tur_cam1_20250120_104302.jpg
crop_9334_pen2_tur_cam1_20250123_134227.jpg,4,pen2_tur_cam1_20250123_134227.jpg
crop_9335_pen1_tur_cam2_20250122_125916.jpg,4,pen1_tur_cam2_20250122_125916.jpg
crop_9336_pen2_orb_cam1_20250108_084537.jpg,4,pen2_orb_cam1_20250108_084537.jpg
crop_9337_pen1_tur_cam2_20250220_082847.jpg,4,pen1_tur_cam2_20250220_082847.jpg
crop_9338_pen2_orb_cam1_20250108_082226.jpg,4,pen2_orb_cam1_20250108_082226.jpg
crop_9339_pen1_tur_cam2_20250126_141917.jpg,4,pen1_tur_cam2_20250126_141917.jpg
crop_9340_pen1_tur_cam2_20250126_102615.jpg,4,pen1_tur_cam2_20250126_102615.jpg
crop_9341_pen2_tur_cam1_20250109_080049.jpg,4,pen2_tur_cam1_20250109_080049.jpg
crop_9342_pen2_orb_cam1_20250108_080830.jpg,4,pen2_orb_cam1_20250108_080830.jpg
crop_9343_pen2_tur_cam1_20250109_075616.jpg,4,pen2_tur_cam1_20250109_075616.jpg
crop_9344_pen2_tur_cam1_20250109_073647.jpg,4,pen2_tur_cam1_20250109_073647.jpg
crop_9345_pen2_tur_cam1_20250120_095758.jpg,4,pen2_tur_cam1_20250120_095758.jpg
crop_9346_pen2_orb_cam1_20250108_082940.jpg,4,pen2_orb_cam1_20250108_082940.jpg
crop_9347_pen2_tur_cam1_20250109_075129.jpg,4,pen2_tur_cam1_20250109_075129.jpg
crop_9348_pen1_tur_cam2_20250220_082527.jpg,4,pen1_tur_cam2_20250220_082527.jpg
crop_9349_pen2_orb_cam1_20250108_082049.jpg,4,pen2_orb_cam1_20250108_082049.jpg
crop_9350_pen2_tur_cam1_20250109_070236.jpg,4,pen2_tur_cam1_20250109_070236.jpg
crop_9351_pen2_tur_cam1_20250209_140718.jpg,4,pen2_tur_cam1_20250209_140718.jpg
crop_9352_pen2_tur_cam1_20250109_075459.jpg,4,pen2_tur_cam1_20250109_075459.jpg
crop_9353_pen1_tur_cam2_20250203_104910.jpg,4,pen1_tur_cam2_20250203_104910.jpg
crop_9354_pen1_tur_cam2_20250220_094352.jpg,4,pen1_tur_cam2_20250220_094352.jpg
crop_9355_pen1_tur_cam2_20250125_093152.jpg,4,pen1_tur_cam2_20250125_093152.jpg
crop_9356_pen2_tur_cam1_20250109_073359.jpg,4,pen2_tur_cam1_20250109_073359.jpg
crop_9357_pen1_tur_cam2_20250126_105905.jpg,4,pen1_tur_cam2_20250126_105905.jpg
crop_9358_pen1_tur_cam2_20250126_084531.jpg,4,pen1_tur_cam2_20250126_084531.jpg
crop_9359_pen1_tur_cam2_20250125_125054.jpg,4,pen1_tur_cam2_20250125_125054.jpg
crop_9360_pen2_orb_cam1_20250108_082055.jpg,4,pen2_orb_cam1_20250108_082055.jpg
crop_9361_pen1_tur_cam2_20250127_165852.jpg,4,pen1_tur_cam2_20250127_165852.jpg
crop_9362_pen2_tur_cam1_20250109_075705.jpg,4,pen2_tur_cam1_20250109_075705.jpg
crop_9363_pen2_tur_cam1_20250109_073626.jpg,4,pen2_tur_cam1_20250109_073626.jpg
crop_9364_pen2_orb_cam2_20250217_130342.jpg,4,pen2_orb_cam2_20250217_130342.jpg
crop_9365_pen2_tur_cam1_20250123_111827.jpg,4,pen2_tur_cam1_20250123_111827.jpg
crop_9366_pen1_tur_cam2_20250125_134555.jpg,4,pen1_tur_cam2_20250125_134555.jpg
crop_9367_pen2_tur_cam1_20250109_070016.jpg,4,pen2_tur_cam1_20250109_070016.jpg
crop_9368_pen1_tur_cam2_20250125_075429.jpg,4,pen1_tur_cam2_20250125_075429.jpg
crop_9369_pen2_tur_cam1_20250109_080248.jpg,4,pen2_tur_cam1_20250109_080248.jpg
crop_9370_pen1_tur_cam2_20250203_111552.jpg,4,pen1_tur_cam2_20250203_111552.jpg
crop_9371_pen2_tur_cam1_20250120_134703.jpg,4,pen2_tur_cam1_20250120_134703.jpg
crop_9372_pen2_orb_cam1_20250108_082602.jpg,4,pen2_orb_cam1_20250108_082602.jpg
crop_9373_pen1_orb_cam2_20250108_134526.jpg,4,pen1_orb_cam2_20250108_134526.jpg
crop_9374_pen1_tur_cam2_20250125_144718.jpg,4,pen1_tur_cam2_20250125_144718.jpg
crop_9375_pen2_tur_cam1_20250109_073701.jpg,4,pen2_tur_cam1_20250109_073701.jpg
crop_9376_pen2_tur_cam1_20250109_072954.jpg,4,pen2_tur_cam1_20250109_072954.jpg
crop_9377_pen1_tur_cam2_20250125_090330.jpg,4,pen1_tur_cam2_20250125_090330.jpg
crop_9378_pen2_tur_cam1_20250109_070016.jpg,4,pen2_tur_cam1_20250109_070016.jpg
crop_9379_pen2_tur_cam1_20250109_075101.jpg,4,pen2_tur_cam1_20250109_075101.jpg
crop_9380_pen2_orb_cam1_20250108_082741.jpg,4,pen2_orb_cam1_20250108_082741.jpg
crop_9381_pen1_tur_cam2_20250220_075845.jpg,4,pen1_tur_cam2_20250220_075845.jpg
crop_9382_pen2_tur_cam1_20250209_145222.jpg,4,pen2_tur_cam1_20250209_145222.jpg
crop_9383_pen2_orb_cam1_20250108_085308.jpg,4,pen2_orb_cam1_20250108_085308.jpg
crop_9384_pen2_tur_cam1_20250109_080536.jpg,4,pen2_tur_cam1_20250109_080536.jpg
crop_9385_pen1_orb_cam2_20250108_090547.jpg,4,pen1_orb_cam2_20250108_090547.jpg
crop_9386_pen1_tur_cam2_20250125_093653.jpg,4,pen1_tur_cam2_20250125_093653.jpg
crop_9387_pen2_tur_cam1_20250109_075033.jpg,4,pen2_tur_cam1_20250109_075033.jpg
crop_9388_pen2_orb_cam1_20250108_081739.jpg,4,pen2_orb_cam1_20250108_081739.jpg
crop_9389_pen2_tur_cam1_20250120_133703.jpg,4,pen2_tur_cam1_20250120_133703.jpg
crop_9390_pen1_tur_cam2_20250126_101044.jpg,4,pen1_tur_cam2_20250126_101044.jpg
crop_9391_pen1_orb_cam2_20250108_090109.jpg,4,pen1_orb_cam2_20250108_090109.jpg
crop_9392_pen2_orb_cam1_20250108_083855.jpg,4,pen2_orb_cam1_20250108_083855.jpg
crop_9393_pen1_tur_cam2_20250122_104630.jpg,4,pen1_tur_cam2_20250122_104630.jpg
crop_9394_pen2_tur_cam1_20250209_090656.jpg,4,pen2_tur_cam1_20250209_090656.jpg
crop_9395_pen2_orb_cam1_20250108_082127.jpg,4,pen2_orb_cam1_20250108_082127.jpg
crop_9396_pen1_orb_cam2_20250108_090129.jpg,4,pen1_orb_cam2_20250108_090129.jpg
crop_9397_pen1_orb_cam2_20250108_090657.jpg,4,pen1_orb_cam2_20250108_090657.jpg
crop_9398_pen1_tur_cam2_20250127_153846.jpg,4,pen1_tur_cam2_20250127_153846.jpg
crop_9399_pen2_tur_cam1_20250109_071636.jpg,4,pen2_tur_cam1_20250109_071636.jpg
crop_9400_pen2_tur_cam1_20250109_074326.jpg,4,pen2_tur_cam1_20250109_074326.jpg
crop_9401_pen1_orb_cam2_20250108_085617.jpg,4,pen1_orb_cam2_20250108_085617.jpg
crop_9402_pen2_tur_cam1_20250120_100258.jpg,4,pen2_tur_cam1_20250120_100258.jpg
crop_9403_pen1_tur_cam2_20250122_132918.jpg,4,pen1_tur_cam2_20250122_132918.jpg
crop_9404_pen1_tur_cam2_20250126_122408.jpg,4,pen1_tur_cam2_20250126_122408.jpg
crop_9405_pen2_tur_cam1_20250109_074003.jpg,4,pen2_tur_cam1_20250109_074003.jpg
crop_9406_pen1_tur_cam2_20250125_130114.jpg,4,pen1_tur_cam2_20250125_130114.jpg
crop_9407_pen2_tur_cam1_20250109_075040.jpg,4,pen2_tur_cam1_20250109_075040.jpg
crop_9408_pen1_tur_cam2_20250127_123852.jpg,4,pen1_tur_cam2_20250127_123852.jpg
crop_9409_pen1_tur_cam2_20250126_103635.jpg,4,pen1_tur_cam2_20250126_103635.jpg
crop_9410_pen2_tur_cam1_20250123_121331.jpg,4,pen2_tur_cam1_20250123_121331.jpg
crop_9411_pen2_tur_cam1_20250109_075555.jpg,4,pen2_tur_cam1_20250109_075555.jpg
crop_9412_pen1_tur_cam2_20250220_091530.jpg,4,pen1_tur_cam2_20250220_091530.jpg
crop_9413_pen1_tur_cam2_20250122_114321.jpg,4,pen1_tur_cam2_20250122_114321.jpg
crop_9414_pen1_tur_cam2_20250125_121804.jpg,4,pen1_tur_cam2_20250125_121804.jpg
crop_9415_pen2_tur_cam1_20250109_073633.jpg,4,pen2_tur_cam1_20250109_073633.jpg
crop_9416_pen1_tur_cam2_20250126_070844.jpg,4,pen1_tur_cam2_20250126_070844.jpg
crop_9417_pen2_tur_cam1_20250123_115329.jpg,4,pen2_tur_cam1_20250123_115329.jpg
crop_9418_pen1_tur_cam2_20250126_090532.jpg,4,pen1_tur_cam2_20250126_090532.jpg
crop_9419_pen2_tur_cam1_20250209_131535.jpg,4,pen2_tur_cam1_20250209_131535.jpg
crop_9420_pen2_tur_cam1_20250123_135437.jpg,4,pen2_tur_cam1_20250123_135437.jpg
crop_9421_pen1_orb_cam2_20250108_090906.jpg,4,pen1_orb_cam2_20250108_090906.jpg
crop_9422_pen2_orb_cam1_20250108_081354.jpg,4,pen2_orb_cam1_20250108_081354.jpg
crop_9423_pen2_tur_cam1_20250109_073427.jpg,4,pen2_tur_cam1_20250109_073427.jpg
crop_9424_pen2_tur_cam1_20250120_140707.jpg,4,pen2_tur_cam1_20250120_140707.jpg
crop_9425_pen2_tur_cam1_20250109_073750.jpg,4,pen2_tur_cam1_20250109_073750.jpg
crop_9426_pen2_tur_cam1_20250120_134343.jpg,4,pen2_tur_cam1_20250120_134343.jpg
crop_9427_pen2_orb_cam1_20250108_081235.jpg,4,pen2_orb_cam1_20250108_081235.jpg
crop_9428_pen2_tur_cam1_20250109_080124.jpg,4,pen2_tur_cam1_20250109_080124.jpg
crop_9429_pen1_tur_cam2_20250125_135805.jpg,4,pen1_tur_cam2_20250125_135805.jpg
crop_9430_pen1_tur_cam2_20250220_093852.jpg,4,pen1_tur_cam2_20250220_093852.jpg
crop_9431_pen2_orb_cam1_20250108_082518.jpg,4,pen2_orb_cam1_20250108_082518.jpg
crop_9432_pen2_tur_cam1_20250109_074703.jpg,4,pen2_tur_cam1_20250109_074703.jpg
crop_9433_pen1_tur_cam2_20250122_132918.jpg,4,pen1_tur_cam2_20250122_132918.jpg
crop_9434_pen2_orb_cam1_20250108_080450.jpg,4,pen2_orb_cam1_20250108_080450.jpg
crop_9435_pen2_tur_cam1_20250109_074436.jpg,4,pen2_tur_cam1_20250109_074436.jpg
crop_9436_pen1_tur_cam2_20250125_110338.jpg,4,pen1_tur_cam2_20250125_110338.jpg
crop_9437_pen2_orb_cam1_20250108_084441.jpg,4,pen2_orb_cam1_20250108_084441.jpg
crop_9438_pen1_tur_cam2_20250125_085310.jpg,4,pen1_tur_cam2_20250125_085310.jpg
crop_9439_pen1_tur_cam2_20250127_104002.jpg,4,pen1_tur_cam2_20250127_104002.jpg
crop_9440_pen2_orb_cam1_20250108_082338.jpg,4,pen2_orb_cam1_20250108_082338.jpg
crop_9441_pen2_orb_cam1_20250108_083117.jpg,4,pen2_orb_cam1_20250108_083117.jpg
crop_9442_pen2_tur_cam1_20250120_142847.jpg,4,pen2_tur_cam1_20250120_142847.jpg
crop_9443_pen1_tur_cam2_20250122_094940.jpg,4,pen1_tur_cam2_20250122_094940.jpg
crop_9444_pen2_tur_cam1_20250109_074230.jpg,4,pen2_tur_cam1_20250109_074230.jpg
crop_9445_pen1_orb_cam1_20250108_090143.jpg,4,pen1_orb_cam1_20250108_090143.jpg
crop_9446_pen2_orb_cam1_20250108_081544.jpg,4,pen2_orb_cam1_20250108_081544.jpg
crop_9447_pen2_orb_cam1_20250108_083101.jpg,4,pen2_orb_cam1_20250108_083101.jpg
crop_9448_pen1_orb_cam2_20250108_090124.jpg,4,pen1_orb_cam2_20250108_090124.jpg
crop_9449_pen1_tur_cam2_20250125_102337.jpg,4,pen1_tur_cam2_20250125_102337.jpg
crop_9450_pen1_orb_cam1_20250108_085818.jpg,4,pen1_orb_cam1_20250108_085818.jpg
crop_9451_pen1_tur_cam2_20250126_100025.jpg,4,pen1_tur_cam2_20250126_100025.jpg
crop_9452_pen1_tur_cam2_20250125_094653.jpg,4,pen1_tur_cam2_20250125_094653.jpg
crop_9453_pen1_tur_cam2_20250122_141102.jpg,4,pen1_tur_cam2_20250122_141102.jpg
crop_9454_pen1_tur_cam2_20250122_093559.jpg,4,pen1_tur_cam2_20250122_093559.jpg
crop_9455_pen1_tur_cam2_20250126_131052.jpg,4,pen1_tur_cam2_20250126_131052.jpg
crop_9456_pen2_orb_cam1_20250108_082945.jpg,4,pen2_orb_cam1_20250108_082945.jpg
crop_9457_pen2_orb_cam1_20250108_084943.jpg,4,pen2_orb_cam1_20250108_084943.jpg
crop_9458_pen2_tur_cam1_20250209_120209.jpg,4,pen2_tur_cam1_20250209_120209.jpg
crop_9459_pen1_tur_cam2_20250126_135916.jpg,4,pen1_tur_cam2_20250126_135916.jpg
crop_9460_pen1_tur_cam2_20250125_130435.jpg,4,pen1_tur_cam2_20250125_130435.jpg
crop_9461_pen2_orb_cam1_20250108_080550.jpg,4,pen2_orb_cam1_20250108_080550.jpg
crop_9462_pen1_tur_cam2_20250127_134052.jpg,4,pen1_tur_cam2_20250127_134052.jpg
crop_9463_pen1_orb_cam2_20250108_085722.jpg,4,pen1_orb_cam2_20250108_085722.jpg
crop_9464_pen2_orb_cam1_20250108_081034.jpg,4,pen2_orb_cam1_20250108_081034.jpg
crop_9465_pen1_tur_cam2_20250203_105551.jpg,4,pen1_tur_cam2_20250203_105551.jpg
crop_9466_pen2_tur_cam1_20250120_150225.jpg,4,pen2_tur_cam1_20250120_150225.jpg
crop_9467_pen1_tur_cam2_20250127_130122.jpg,4,pen1_tur_cam2_20250127_130122.jpg
crop_9468_pen1_tur_cam2_20250125_104837.jpg,4,pen1_tur_cam2_20250125_104837.jpg
crop_9469_pen2_tur_cam1_20250109_071032.jpg,4,pen2_tur_cam1_20250109_071032.jpg
crop_9470_pen1_tur_cam2_20250125_103336.jpg,4,pen1_tur_cam2_20250125_103336.jpg
crop_9471_pen2_tur_cam1_20250109_075143.jpg,4,pen2_tur_cam1_20250109_075143.jpg
crop_9472_pen1_tur_cam2_20250122_111731.jpg,4,pen1_tur_cam2_20250122_111731.jpg
crop_9473_pen1_tur_cam2_20250122_125916.jpg,4,pen1_tur_cam2_20250122_125916.jpg
crop_9474_pen1_tur_cam2_20250220_092531.jpg,4,pen1_tur_cam2_20250220_092531.jpg
crop_9475_pen1_tur_cam2_20250126_082850.jpg,4,pen1_tur_cam2_20250126_082850.jpg
crop_9476_pen2_tur_cam1_20250209_080152.jpg,4,pen2_tur_cam1_20250209_080152.jpg
crop_9477_pen2_tur_cam1_20250109_070044.jpg,4,pen2_tur_cam1_20250109_070044.jpg
crop_9478_pen1_tur_cam2_20250125_105338.jpg,4,pen1_tur_cam2_20250125_105338.jpg
crop_9479_pen1_orb_cam2_20250108_090214.jpg,4,pen1_orb_cam2_20250108_090214.jpg
crop_9480_pen2_tur_cam1_20250109_071554.jpg,4,pen2_tur_cam1_20250109_071554.jpg
crop_9481_pen2_orb_cam1_20250108_082137.jpg,4,pen2_orb_cam1_20250108_082137.jpg
crop_9482_pen2_tur_cam1_20250109_070051.jpg,4,pen2_tur_cam1_20250109_070051.jpg
crop_9483_pen1_orb_cam1_20250108_085853.jpg,4,pen1_orb_cam1_20250108_085853.jpg
crop_9484_pen1_tur_cam2_20250220_083027.jpg,4,pen1_tur_cam2_20250220_083027.jpg
crop_9485_pen1_tur_cam2_20250122_131057.jpg,4,pen1_tur_cam2_20250122_131057.jpg
crop_9486_pen2_orb_cam1_20250108_083639.jpg,4,pen2_orb_cam1_20250108_083639.jpg
crop_9487_pen1_tur_cam2_20250122_110711.jpg,4,pen1_tur_cam2_20250122_110711.jpg
crop_9488_pen2_orb_cam1_20250108_084542.jpg,4,pen2_orb_cam1_20250108_084542.jpg
crop_9489_pen1_tur_cam2_20250125_111159.jpg,4,pen1_tur_cam2_20250125_111159.jpg
crop_9490_pen2_tur_cam1_20250120_114806.jpg,4,pen2_tur_cam1_20250120_114806.jpg
crop_9491_pen2_orb_cam1_20250108_080615.jpg,4,pen2_orb_cam1_20250108_080615.jpg
crop_9492_pen2_orb_cam1_20250108_080820.jpg,4,pen2_orb_cam1_20250108_080820.jpg
crop_9493_pen2_tur_cam1_20250123_142537.jpg,4,pen2_tur_cam1_20250123_142537.jpg
crop_9494_pen1_orb_cam2_20250108_090931.jpg,4,pen1_orb_cam2_20250108_090931.jpg
crop_9495_pen1_tur_cam2_20250201_090121.jpg,4,pen1_tur_cam2_20250201_090121.jpg
crop_9496_pen2_tur_cam1_20250209_104203.jpg,4,pen2_tur_cam1_20250209_104203.jpg
crop_9497_pen1_orb_cam1_20250108_085209.jpg,4,pen1_orb_cam1_20250108_085209.jpg
crop_9498_pen1_tur_cam2_20250127_112326.jpg,4,pen1_tur_cam2_20250127_112326.jpg
crop_9499_pen1_tur_cam2_20250126_122548.jpg,4,pen1_tur_cam2_20250126_122548.jpg
crop_9500_pen2_tur_cam1_20250109_072013.jpg,4,pen2_tur_cam1_20250109_072013.jpg
crop_9501_pen1_tur_cam2_20250201_093542.jpg,4,pen1_tur_cam2_20250201_093542.jpg
crop_9502_pen2_orb_cam1_20250108_081509.jpg,4,pen2_orb_cam1_20250108_081509.jpg
crop_9503_pen1_orb_cam2_20250108_090154.jpg,4,pen1_orb_cam2_20250108_090154.jpg
crop_9504_pen2_orb_cam1_20250108_084647.jpg,4,pen2_orb_cam1_20250108_084647.jpg
crop_9505_pen2_tur_cam1_20250109_073008.jpg,4,pen2_tur_cam1_20250109_073008.jpg
crop_9506_pen1_tur_cam2_20250203_095547.jpg,4,pen1_tur_cam2_20250203_095547.jpg
crop_9507_pen2_tur_cam1_20250123_100821.jpg,4,pen2_tur_cam1_20250123_100821.jpg
crop_9508_pen1_orb_cam2_20250108_090159.jpg,4,pen1_orb_cam2_20250108_090159.jpg
crop_9509_pen1_orb_cam1_20250108_085833.jpg,4,pen1_orb_cam1_20250108_085833.jpg
crop_9510_pen2_orb_cam1_20250108_082210.jpg,4,pen2_orb_cam1_20250108_082210.jpg
crop_9511_pen1_tur_cam2_20250125_105157.jpg,4,pen1_tur_cam2_20250125_105157.jpg
crop_9512_pen2_tur_cam1_20250123_115009.jpg,4,pen2_tur_cam1_20250123_115009.jpg
crop_9513_pen1_orb_cam2_20250108_085637.jpg,4,pen1_orb_cam2_20250108_085637.jpg
crop_9514_pen1_tur_cam2_20250122_142923.jpg,4,pen1_tur_cam2_20250122_142923.jpg
crop_9515_pen2_tur_cam1_20250109_073420.jpg,4,pen2_tur_cam1_20250109_073420.jpg
crop_9516_pen1_tur_cam2_20250125_084250.jpg,4,pen1_tur_cam2_20250125_084250.jpg
crop_9517_pen1_tur_cam2_20250220_084848.jpg,4,pen1_tur_cam2_20250220_084848.jpg
crop_9518_pen2_orb_cam1_20250108_081754.jpg,4,pen2_orb_cam1_20250108_081754.jpg
crop_9519_pen1_tur_cam2_20250125_102337.jpg,4,pen1_tur_cam2_20250125_102337.jpg
crop_9520_pen1_tur_cam2_20250127_123531.jpg,4,pen1_tur_cam2_20250127_123531.jpg
crop_9521_pen2_tur_cam1_20250109_075108.jpg,4,pen2_tur_cam1_20250109_075108.jpg
crop_9522_pen1_orb_cam2_20250108_090820.jpg,4,pen1_orb_cam2_20250108_090820.jpg
crop_9523_pen2_tur_cam1_20250109_075054.jpg,4,pen2_tur_cam1_20250109_075054.jpg
crop_9524_pen1_orb_cam2_20250108_090114.jpg,4,pen1_orb_cam2_20250108_090114.jpg
crop_9525_pen2_tur_cam1_20250109_080021.jpg,4,pen2_tur_cam1_20250109_080021.jpg
crop_9526_pen1_tur_cam2_20250126_084030.jpg,4,pen1_tur_cam2_20250126_084030.jpg
crop_9527_pen1_tur_cam2_20250127_125422.jpg,4,pen1_tur_cam2_20250127_125422.jpg
crop_9528_pen1_orb_cam2_20250108_090931.jpg,4,pen1_orb_cam2_20250108_090931.jpg
crop_9529_pen2_tur_cam1_20250109_075225.jpg,4,pen2_tur_cam1_20250109_075225.jpg
crop_9530_pen2_orb_cam1_20250108_085657.jpg,4,pen2_orb_cam1_20250108_085657.jpg
crop_9531_pen1_orb_cam2_20250108_090059.jpg,4,pen1_orb_cam2_20250108_090059.jpg
crop_9532_pen1_tur_cam2_20250126_085031.jpg,4,pen1_tur_cam2_20250126_085031.jpg
crop_9533_pen2_orb_cam2_20250217_130731.jpg,4,pen2_orb_cam2_20250217_130731.jpg
crop_9534_pen1_tur_cam2_20250126_154130.jpg,4,pen1_tur_cam2_20250126_154130.jpg
crop_9535_pen1_orb_cam1_20250108_085823.jpg,4,pen1_orb_cam1_20250108_085823.jpg
crop_9536_pen2_tur_cam1_20250209_100521.jpg,4,pen2_tur_cam1_20250209_100521.jpg
crop_9537_pen1_tur_cam2_20250126_134915.jpg,4,pen1_tur_cam2_20250126_134915.jpg
crop_9538_pen1_tur_cam2_20250126_142057.jpg,4,pen1_tur_cam2_20250126_142057.jpg
crop_9539_pen1_tur_cam2_20250125_061315.jpg,4,pen1_tur_cam2_20250125_061315.jpg
crop_9540_pen2_tur_cam1_20250109_071121.jpg,4,pen2_tur_cam1_20250109_071121.jpg
crop_9541_pen2_tur_cam1_20250109_080213.jpg,4,pen2_tur_cam1_20250109_080213.jpg
crop_9542_pen2_orb_cam1_20250108_084303.jpg,4,pen2_orb_cam1_20250108_084303.jpg
crop_9543_pen1_orb_cam2_20250108_091603.jpg,4,pen1_orb_cam2_20250108_091603.jpg
crop_9544_pen1_tur_cam2_20250125_094333.jpg,4,pen1_tur_cam2_20250125_094333.jpg
crop_9545_pen1_tur_cam2_20250125_141846.jpg,4,pen1_tur_cam2_20250125_141846.jpg
crop_9546_pen1_tur_cam2_20250122_121553.jpg,4,pen1_tur_cam2_20250122_121553.jpg
crop_9547_pen2_tur_cam1_20250109_080405.jpg,4,pen2_tur_cam1_20250109_080405.jpg
crop_9548_pen1_tur_cam2_20250125_075939.jpg,4,pen1_tur_cam2_20250125_075939.jpg
crop_9549_pen1_orb_cam2_20250108_091249.jpg,4,pen1_orb_cam2_20250108_091249.jpg
crop_9550_pen2_tur_cam1_20250120_150225.jpg,4,pen2_tur_cam1_20250120_150225.jpg
crop_9551_pen2_tur_cam1_20250109_074511.jpg,4,pen2_tur_cam1_20250109_074511.jpg
crop_9552_pen2_tur_cam1_20250209_124532.jpg,4,pen2_tur_cam1_20250209_124532.jpg
crop_9553_pen2_orb_cam1_20250108_084342.jpg,4,pen2_orb_cam1_20250108_084342.jpg
crop_9554_pen1_tur_cam2_20250207_124934.jpg,4,pen1_tur_cam2_20250207_124934.jpg
crop_9555_pen1_orb_cam2_20250108_090124.jpg,4,pen1_orb_cam2_20250108_090124.jpg
crop_9556_pen2_tur_cam1_20250109_080358.jpg,4,pen2_tur_cam1_20250109_080358.jpg
crop_9557_pen1_orb_cam2_20250108_090717.jpg,4,pen1_orb_cam2_20250108_090717.jpg
crop_9558_pen1_tur_cam2_20250127_153026.jpg,4,pen1_tur_cam2_20250127_153026.jpg
crop_9559_pen1_tur_cam2_20250127_154026.jpg,4,pen1_tur_cam2_20250127_154026.jpg
crop_9560_pen1_tur_cam2_20250126_114026.jpg,4,pen1_tur_cam2_20250126_114026.jpg
crop_9561_pen1_tur_cam2_20250125_141337.jpg,4,pen1_tur_cam2_20250125_141337.jpg
crop_9562_pen1_orb_cam2_20250108_090341.jpg,4,pen1_orb_cam2_20250108_090341.jpg
crop_9563_pen1_orb_cam1_20250108_090018.jpg,4,pen1_orb_cam1_20250108_090018.jpg
crop_9564_pen2_orb_cam1_20250108_082327.jpg,4,pen2_orb_cam1_20250108_082327.jpg
crop_9565_pen2_orb_cam1_20250108_085541.jpg,4,pen2_orb_cam1_20250108_085541.jpg
crop_9566_pen2_orb_cam1_20250108_082929.jpg,4,pen2_orb_cam1_20250108_082929.jpg
crop_9567_pen1_orb_cam2_20250108_091259.jpg,4,pen1_orb_cam2_20250108_091259.jpg
crop_9568_pen2_orb_cam1_20250108_084458.jpg,4,pen2_orb_cam1_20250108_084458.jpg
crop_9569_pen2_tur_cam1_20250109_071128.jpg,4,pen2_tur_cam1_20250109_071128.jpg
crop_9570_pen1_orb_cam2_20250108_090243.jpg,4,pen1_orb_cam2_20250108_090243.jpg
crop_9571_pen1_orb_cam1_20250108_090127.jpg,4,pen1_orb_cam1_20250108_090127.jpg
crop_9572_pen2_tur_cam1_20250120_130701.jpg,4,pen2_tur_cam1_20250120_130701.jpg
crop_9573_pen2_tur_cam1_20250123_123332.jpg,4,pen2_tur_cam1_20250123_123332.jpg
crop_9574_pen2_tur_cam1_20250123_123832.jpg,4,pen2_tur_cam1_20250123_123832.jpg
crop_9575_pen2_orb_cam1_20250108_081852.jpg,4,pen2_orb_cam1_20250108_081852.jpg
crop_9576_pen2_tur_cam1_20250109_074155.jpg,4,pen2_tur_cam1_20250109_074155.jpg
crop_9577_pen2_tur_cam2_20250120_082252.jpg,4,pen2_tur_cam2_20250120_082252.jpg
crop_9578_pen1_orb_cam2_20250108_090522.jpg,4,pen1_orb_cam2_20250108_090522.jpg
crop_9579_pen1_tur_cam2_20250126_075347.jpg,4,pen1_tur_cam2_20250126_075347.jpg
crop_9580_pen2_tur_cam1_20250109_080234.jpg,4,pen2_tur_cam1_20250109_080234.jpg
crop_9581_pen2_orb_cam1_20250108_082345.jpg,4,pen2_orb_cam1_20250108_082345.jpg
crop_9582_pen2_tur_cam1_20250109_075815.jpg,4,pen2_tur_cam1_20250109_075815.jpg
crop_9583_pen1_tur_cam2_20250125_104657.jpg,4,pen1_tur_cam2_20250125_104657.jpg
crop_9584_pen1_tur_cam2_20250127_120008.jpg,4,pen1_tur_cam2_20250127_120008.jpg
crop_9585_pen1_tur_cam2_20250126_095004.jpg,4,pen1_tur_cam2_20250126_095004.jpg
crop_9586_pen1_tur_cam2_20250127_143743.jpg,4,pen1_tur_cam2_20250127_143743.jpg
crop_9587_pen2_orb_cam1_20250108_081659.jpg,4,pen2_orb_cam1_20250108_081659.jpg
crop_9588_pen1_tur_cam2_20250220_073023.jpg,4,pen1_tur_cam2_20250220_073023.jpg
crop_9589_pen1_orb_cam1_20250108_085808.jpg,4,pen1_orb_cam1_20250108_085808.jpg
crop_9590_pen1_tur_cam2_20250122_130557.jpg,4,pen1_tur_cam2_20250122_130557.jpg
crop_9591_pen1_tur_cam2_20250122_120552.jpg,4,pen1_tur_cam2_20250122_120552.jpg
crop_9592_pen1_orb_cam1_20250108_090218.jpg,4,pen1_orb_cam1_20250108_090218.jpg
crop_9593_pen2_tur_cam2_20250120_082753.jpg,4,pen2_tur_cam2_20250120_082753.jpg
crop_9594_pen1_tur_cam2_20250220_080345.jpg,4,pen1_tur_cam2_20250220_080345.jpg
crop_9595_pen2_tur_cam1_20250209_074510.jpg,4,pen2_tur_cam1_20250209_074510.jpg
crop_9596_pen2_orb_cam1_20250108_083350.jpg,4,pen2_orb_cam1_20250108_083350.jpg
crop_9597_pen2_orb_cam1_20250108_080635.jpg,4,pen2_orb_cam1_20250108_080635.jpg
crop_9598_pen2_orb_cam1_20250108_080815.jpg,4,pen2_orb_cam1_20250108_080815.jpg
crop_9599_pen2_tur_cam1_20250123_102823.jpg,4,pen2_tur_cam1_20250123_102823.jpg
crop_9600_pen1_tur_cam2_20250122_132418.jpg,4,pen1_tur_cam2_20250122_132418.jpg
crop_9601_pen1_tur_cam2_20250126_075027.jpg,4,pen1_tur_cam2_20250126_075027.jpg
crop_9602_pen1_tur_cam2_20250126_084030.jpg,4,pen1_tur_cam2_20250126_084030.jpg
crop_9603_pen1_tur_cam2_20250125_144718.jpg,4,pen1_tur_cam2_20250125_144718.jpg
crop_9604_pen2_orb_cam1_20250108_081926.jpg,4,pen2_orb_cam1_20250108_081926.jpg
crop_9605_pen2_orb_cam1_20250108_080540.jpg,4,pen2_orb_cam1_20250108_080540.jpg
crop_9606_pen1_orb_cam2_20250108_090830.jpg,4,pen1_orb_cam2_20250108_090830.jpg
crop_9607_pen2_orb_cam1_20250108_081820.jpg,4,pen2_orb_cam1_20250108_081820.jpg
crop_9608_pen1_tur_cam2_20250122_125916.jpg,4,pen1_tur_cam2_20250122_125916.jpg
crop_9609_pen2_tur_cam1_20250123_111827.jpg,4,pen2_tur_cam1_20250123_111827.jpg
crop_9610_pen2_tur_cam1_20250109_071004.jpg,4,pen2_tur_cam1_20250109_071004.jpg
crop_9611_pen1_tur_cam2_20250127_154026.jpg,4,pen1_tur_cam2_20250127_154026.jpg
crop_9612_pen1_tur_cam2_20250127_112005.jpg,4,pen1_tur_cam2_20250127_112005.jpg
crop_9613_pen1_orb_cam2_20250108_131833.jpg,4,pen1_orb_cam2_20250108_131833.jpg
crop_9614_pen1_tur_cam2_20250125_092832.jpg,4,pen1_tur_cam2_20250125_092832.jpg
crop_9615_pen2_tur_cam1_20250109_080110.jpg,4,pen2_tur_cam1_20250109_080110.jpg
crop_9616_pen2_orb_cam1_20250108_082111.jpg,4,pen2_orb_cam1_20250108_082111.jpg
crop_9617_pen2_tur_cam1_20250120_075750.jpg,4,pen2_tur_cam1_20250120_075750.jpg
crop_9618_pen2_tur_cam1_20250109_073558.jpg,4,pen2_tur_cam1_20250109_073558.jpg
crop_9619_pen1_tur_cam2_20250125_140635.jpg,4,pen1_tur_cam2_20250125_140635.jpg
crop_9620_pen1_tur_cam2_20250126_143609.jpg,4,pen1_tur_cam2_20250126_143609.jpg
crop_9621_pen2_orb_cam1_20250108_084905.jpg,4,pen2_orb_cam1_20250108_084905.jpg
crop_9622_pen2_orb_cam1_20250108_084408.jpg,4,pen2_orb_cam1_20250108_084408.jpg
crop_9623_pen2_tur_cam1_20250109_080021.jpg,4,pen2_tur_cam1_20250109_080021.jpg
crop_9624_pen1_orb_cam1_20250108_090243.jpg,4,pen1_orb_cam1_20250108_090243.jpg
crop_9625_pen1_tur_cam2_20250122_123554.jpg,4,pen1_tur_cam2_20250122_123554.jpg
crop_9626_pen1_tur_cam2_20250127_105003.jpg,4,pen1_tur_cam2_20250127_105003.jpg
crop_9627_pen1_tur_cam2_20250127_120509.jpg,4,pen1_tur_cam2_20250127_120509.jpg
crop_9628_pen1_tur_cam2_20250126_104335.jpg,4,pen1_tur_cam2_20250126_104335.jpg
crop_9629_pen1_tur_cam2_20250125_111339.jpg,4,pen1_tur_cam2_20250125_111339.jpg
crop_9630_pen1_orb_cam1_20250108_085726.jpg,4,pen1_orb_cam1_20250108_085726.jpg
crop_9631_pen2_tur_cam1_20250109_073359.jpg,4,pen2_tur_cam1_20250109_073359.jpg
crop_9632_pen1_orb_cam2_20250108_090336.jpg,4,pen1_orb_cam2_20250108_090336.jpg
crop_9633_pen2_tur_cam1_20250120_105943.jpg,4,pen2_tur_cam1_20250120_105943.jpg
crop_9634_pen2_orb_cam1_20250108_084342.jpg,4,pen2_orb_cam1_20250108_084342.jpg
crop_9635_pen1_tur_cam2_20250127_105323.jpg,4,pen1_tur_cam2_20250127_105323.jpg
crop_9636_pen1_tur_cam2_20250126_124550.jpg,4,pen1_tur_cam2_20250126_124550.jpg
crop_9637_pen1_orb_cam2_20250108_085637.jpg,4,pen1_orb_cam2_20250108_085637.jpg
crop_9638_pen1_tur_cam2_20250220_095533.jpg,4,pen1_tur_cam2_20250220_095533.jpg
crop_9639_pen1_orb_cam2_20250108_090607.jpg,4,pen1_orb_cam2_20250108_090607.jpg
crop_9640_pen2_tur_cam1_20250109_075047.jpg,4,pen2_tur_cam1_20250109_075047.jpg
crop_9641_pen2_tur_cam1_20250109_075349.jpg,4,pen2_tur_cam1_20250109_075349.jpg
crop_9642_pen2_tur_cam1_20250123_111006.jpg,4,pen2_tur_cam1_20250123_111006.jpg
crop_9643_pen2_tur_cam1_20250109_075328.jpg,4,pen2_tur_cam1_20250109_075328.jpg
crop_9644_pen1_tur_cam2_20250126_102805.jpg,4,pen1_tur_cam2_20250126_102805.jpg
crop_9645_pen2_tur_cam1_20250109_073153.jpg,4,pen2_tur_cam1_20250109_073153.jpg
crop_9646_pen1_tur_cam2_20250126_080849.jpg,4,pen1_tur_cam2_20250126_080849.jpg
crop_9647_pen2_tur_cam1_20250109_073455.jpg,4,pen2_tur_cam1_20250109_073455.jpg
crop_9648_pen1_orb_cam2_20250108_090946.jpg,4,pen1_orb_cam2_20250108_090946.jpg
crop_9649_pen1_orb_cam2_20250108_091304.jpg,4,pen1_orb_cam2_20250108_091304.jpg
crop_9650_pen1_tur_cam2_20250127_130122.jpg,4,pen1_tur_cam2_20250127_130122.jpg
crop_9651_pen1_tur_cam2_20250127_102502.jpg,4,pen1_tur_cam2_20250127_102502.jpg
crop_9652_pen1_tur_cam2_20250125_141337.jpg,4,pen1_tur_cam2_20250125_141337.jpg
crop_9653_pen1_tur_cam2_20250122_132418.jpg,4,pen1_tur_cam2_20250122_132418.jpg
crop_9654_pen1_tur_cam2_20250126_142917.jpg,4,pen1_tur_cam2_20250126_142917.jpg
crop_9655_pen2_tur_cam1_20250209_075011.jpg,4,pen2_tur_cam1_20250209_075011.jpg
crop_9656_pen1_tur_cam2_20250207_140259.jpg,4,pen1_tur_cam2_20250207_140259.jpg
crop_9657_pen2_orb_cam1_20250108_084720.jpg,4,pen2_orb_cam1_20250108_084720.jpg
crop_9658_pen1_orb_cam2_20250108_085944.jpg,4,pen1_orb_cam2_20250108_085944.jpg
crop_9659_pen2_tur_cam1_20250120_095438.jpg,4,pen2_tur_cam1_20250120_095438.jpg
crop_9660_pen1_tur_cam2_20250125_064207.jpg,4,pen1_tur_cam2_20250125_064207.jpg
crop_9661_pen1_tur_cam2_20250122_121913.jpg,4,pen1_tur_cam2_20250122_121913.jpg
crop_9662_pen1_tur_cam2_20250127_113506.jpg,4,pen1_tur_cam2_20250127_113506.jpg
crop_9663_pen1_tur_cam2_20250127_123531.jpg,4,pen1_tur_cam2_20250127_123531.jpg
crop_9664_pen2_orb_cam1_20250108_082142.jpg,4,pen2_orb_cam1_20250108_082142.jpg
crop_9665_pen2_orb_cam1_20250108_081914.jpg,4,pen2_orb_cam1_20250108_081914.jpg
crop_9666_pen1_tur_cam2_20250127_155028.jpg,4,pen1_tur_cam2_20250127_155028.jpg
crop_9667_pen2_tur_cam1_20250109_080309.jpg,4,pen2_tur_cam1_20250109_080309.jpg
crop_9668_pen2_tur_cam1_20250109_070456.jpg,4,pen2_tur_cam1_20250109_070456.jpg
crop_9669_pen2_tur_cam1_20250109_073757.jpg,4,pen2_tur_cam1_20250109_073757.jpg
crop_9670_pen2_tur_cam1_20250120_080431.jpg,4,pen2_tur_cam1_20250120_080431.jpg
crop_9671_pen1_orb_cam2_20250108_090527.jpg,4,pen1_orb_cam2_20250108_090527.jpg
crop_9672_pen2_orb_cam1_20250108_082153.jpg,4,pen2_orb_cam1_20250108_082153.jpg
crop_9673_pen1_tur_cam2_20250125_140635.jpg,4,pen1_tur_cam2_20250125_140635.jpg
crop_9674_pen1_orb_cam2_20250108_090517.jpg,4,pen1_orb_cam2_20250108_090517.jpg
crop_9675_pen1_tur_cam2_20250122_112241.jpg,4,pen1_tur_cam2_20250122_112241.jpg
crop_9676_pen1_tur_cam2_20250125_115723.jpg,4,pen1_tur_cam2_20250125_115723.jpg
crop_9677_pen2_tur_cam1_20250123_135437.jpg,4,pen2_tur_cam1_20250123_135437.jpg
crop_9678_pen1_orb_cam2_20250108_090209.jpg,4,pen1_orb_cam2_20250108_090209.jpg
crop_9679_pen2_tur_cam1_20250109_072432.jpg,4,pen2_tur_cam1_20250109_072432.jpg
crop_9680_pen2_orb_cam1_20250108_084430.jpg,4,pen2_orb_cam1_20250108_084430.jpg
crop_9681_pen1_orb_cam2_20250108_090732.jpg,4,pen1_orb_cam2_20250108_090732.jpg
crop_9682_pen1_orb_cam1_20250108_085647.jpg,4,pen1_orb_cam1_20250108_085647.jpg
crop_9683_pen1_tur_cam2_20250122_130056.jpg,4,pen1_tur_cam2_20250122_130056.jpg
crop_9684_pen2_tur_cam1_20250109_075822.jpg,4,pen2_tur_cam1_20250109_075822.jpg
crop_9685_pen1_tur_cam2_20250126_100214.jpg,4,pen1_tur_cam2_20250126_100214.jpg
crop_9686_pen1_orb_cam2_20250108_091238.jpg,4,pen1_orb_cam2_20250108_091238.jpg
crop_9687_pen2_tur_cam1_20250120_135845.jpg,4,pen2_tur_cam1_20250120_135845.jpg
crop_9688_pen2_tur_cam1_20250109_070201.jpg,4,pen2_tur_cam1_20250109_070201.jpg
crop_9689_pen1_tur_cam2_20250125_103656.jpg,4,pen1_tur_cam2_20250125_103656.jpg
crop_9690_pen2_tur_cam1_20250109_070002.jpg,4,pen2_tur_cam1_20250109_070002.jpg
crop_9691_pen2_tur_cam1_20250109_074347.jpg,4,pen2_tur_cam1_20250109_074347.jpg
crop_9692_pen1_orb_cam2_20250108_085159.jpg,4,pen1_orb_cam2_20250108_085159.jpg
crop_9693_pen2_tur_cam1_20250120_100759.jpg,4,pen2_tur_cam1_20250120_100759.jpg
crop_9694_pen1_tur_cam2_20250122_142102.jpg,4,pen1_tur_cam2_20250122_142102.jpg
crop_9695_pen2_tur_cam1_20250123_113008.jpg,4,pen2_tur_cam1_20250123_113008.jpg
crop_9696_pen2_tur_cam1_20250120_100439.jpg,4,pen2_tur_cam1_20250120_100439.jpg
crop_9697_pen1_tur_cam2_20250125_130944.jpg,4,pen1_tur_cam2_20250125_130944.jpg
crop_9698_pen1_tur_cam2_20250207_134938.jpg,4,pen1_tur_cam2_20250207_134938.jpg
crop_9699_pen1_tur_cam2_20250122_104120.jpg,4,pen1_tur_cam2_20250122_104120.jpg
crop_9700_pen2_tur_cam1_20250109_080131.jpg,4,pen2_tur_cam1_20250109_080131.jpg
crop_9701_pen2_orb_cam1_20250108_081134.jpg,4,pen2_orb_cam1_20250108_081134.jpg
crop_9702_pen2_tur_cam1_20250123_135437.jpg,4,pen2_tur_cam1_20250123_135437.jpg
crop_9703_pen1_orb_cam2_20250108_090044.jpg,4,pen1_orb_cam2_20250108_090044.jpg
crop_9704_pen1_orb_cam1_20250108_085908.jpg,4,pen1_orb_cam1_20250108_085908.jpg
crop_9705_pen1_orb_cam2_20250108_085717.jpg,4,pen1_orb_cam2_20250108_085717.jpg
crop_9706_pen1_tur_cam2_20250203_100548.jpg,4,pen1_tur_cam2_20250203_100548.jpg
crop_9707_pen2_orb_cam1_20250108_090159.jpg,4,pen2_orb_cam1_20250108_090159.jpg
crop_9708_pen1_orb_cam2_20250108_091157.jpg,4,pen1_orb_cam2_20250108_091157.jpg
crop_9709_pen2_tur_cam1_20250109_080227.jpg,4,pen2_tur_cam1_20250109_080227.jpg
crop_9710_pen1_tur_cam2_20250127_160028.jpg,4,pen1_tur_cam2_20250127_160028.jpg
crop_9711_pen2_tur_cam1_20250109_073406.jpg,4,pen2_tur_cam1_20250109_073406.jpg
crop_9712_pen2_tur_cam1_20250109_080639.jpg,4,pen2_tur_cam1_20250109_080639.jpg
crop_9713_pen2_tur_cam1_20250109_073715.jpg,4,pen2_tur_cam1_20250109_073715.jpg
crop_9714_pen1_orb_cam2_20250108_085521.jpg,4,pen1_orb_cam2_20250108_085521.jpg
crop_9715_pen2_tur_cam1_20250109_070229.jpg,4,pen2_tur_cam1_20250109_070229.jpg
crop_9716_pen1_tur_cam2_20250125_063657.jpg,4,pen1_tur_cam2_20250125_063657.jpg
crop_9717_pen1_tur_cam2_20250125_082019.jpg,4,pen1_tur_cam2_20250125_082019.jpg
crop_9718_pen1_tur_cam2_20250220_103356.jpg,4,pen1_tur_cam2_20250220_103356.jpg
crop_9719_pen2_tur_cam1_20250109_080241.jpg,4,pen2_tur_cam1_20250109_080241.jpg
crop_9720_pen1_tur_cam2_20250220_080526.jpg,4,pen1_tur_cam2_20250220_080526.jpg
crop_9721_pen1_orb_cam1_20250108_085813.jpg,4,pen1_orb_cam1_20250108_085813.jpg
crop_9722_pen2_tur_cam1_20250124_085635.jpg,4,pen2_tur_cam1_20250124_085635.jpg
crop_9723_pen1_tur_cam2_20250125_091831.jpg,4,pen1_tur_cam2_20250125_091831.jpg
crop_9724_pen1_orb_cam2_20250108_085859.jpg,4,pen1_orb_cam2_20250108_085859.jpg
crop_9725_pen2_orb_cam1_20250108_081619.jpg,4,pen2_orb_cam1_20250108_081619.jpg
crop_9726_pen2_tur_cam1_20250123_135947.jpg,4,pen2_tur_cam1_20250123_135947.jpg
crop_9727_pen1_orb_cam2_20250108_091208.jpg,4,pen1_orb_cam2_20250108_091208.jpg
crop_9728_pen1_tur_cam2_20250125_104157.jpg,4,pen1_tur_cam2_20250125_104157.jpg
crop_9729_pen2_orb_cam1_20250108_082249.jpg,4,pen2_orb_cam1_20250108_082249.jpg
crop_9730_pen2_tur_cam1_20250109_074003.jpg,4,pen2_tur_cam1_20250109_074003.jpg
crop_9731_pen1_orb_cam2_20250108_133045.jpg,4,pen1_orb_cam2_20250108_133045.jpg
crop_9732_pen1_tur_cam2_20250207_125434.jpg,4,pen1_tur_cam2_20250207_125434.jpg
crop_9733_pen2_tur_cam1_20250109_073619.jpg,4,pen2_tur_cam1_20250109_073619.jpg
crop_9734_pen1_tur_cam2_20250125_093653.jpg,4,pen1_tur_cam2_20250125_093653.jpg
crop_9735_pen1_tur_cam2_20250126_073526.jpg,4,pen1_tur_cam2_20250126_073526.jpg
crop_9736_pen2_tur_cam1_20250109_080302.jpg,4,pen2_tur_cam1_20250109_080302.jpg
crop_9737_pen1_tur_cam2_20250125_074049.jpg,4,pen1_tur_cam2_20250125_074049.jpg
crop_9738_pen2_tur_cam1_20250123_120330.jpg,4,pen2_tur_cam1_20250123_120330.jpg
crop_9739_pen2_tur_cam1_20250209_095700.jpg,4,pen2_tur_cam1_20250209_095700.jpg
crop_9740_pen1_tur_cam2_20250125_143717.jpg,4,pen1_tur_cam2_20250125_143717.jpg
crop_9741_pen1_orb_cam1_20250108_085927.jpg,4,pen1_orb_cam1_20250108_085927.jpg
crop_9742_pen1_orb_cam2_20250108_090248.jpg,4,pen1_orb_cam2_20250108_090248.jpg
crop_9743_pen2_orb_cam1_20250108_083901.jpg,4,pen2_orb_cam1_20250108_083901.jpg
crop_9744_pen2_orb_cam1_20250108_083401.jpg,4,pen2_orb_cam1_20250108_083401.jpg
crop_9745_pen1_tur_cam2_20250125_080449.jpg,4,pen1_tur_cam2_20250125_080449.jpg
crop_9746_pen2_tur_cam1_20250120_072748.jpg,4,pen2_tur_cam1_20250120_072748.jpg
crop_9747_pen1_tur_cam2_20250122_092859.jpg,4,pen1_tur_cam2_20250122_092859.jpg
crop_9748_pen2_tur_cam1_20250109_072816.jpg,4,pen2_tur_cam1_20250109_072816.jpg
crop_9749_pen1_tur_cam2_20250122_131917.jpg,4,pen1_tur_cam2_20250122_131917.jpg
crop_9750_pen2_tur_cam1_20250109_074443.jpg,4,pen2_tur_cam1_20250109_074443.jpg
crop_9751_pen2_tur_cam1_20250209_080012.jpg,4,pen2_tur_cam1_20250209_080012.jpg
crop_9752_pen2_tur_cam1_20250109_073640.jpg,4,pen2_tur_cam1_20250109_073640.jpg
crop_9753_pen1_tur_cam2_20250122_091858.jpg,4,pen1_tur_cam2_20250122_091858.jpg
crop_9754_pen1_tur_cam2_20250126_104655.jpg,4,pen1_tur_cam2_20250126_104655.jpg
crop_9755_pen1_tur_cam2_20250207_121932.jpg,4,pen1_tur_cam2_20250207_121932.jpg
crop_9756_pen1_tur_cam2_20250201_093731.jpg,4,pen1_tur_cam2_20250201_093731.jpg
crop_9757_pen1_orb_cam2_20250108_090737.jpg,4,pen1_orb_cam2_20250108_090737.jpg
crop_9758_pen2_tur_cam1_20250120_132843.jpg,4,pen2_tur_cam1_20250120_132843.jpg
crop_9759_pen1_tur_cam2_20250220_084848.jpg,4,pen1_tur_cam2_20250220_084848.jpg
crop_9760_pen2_orb_cam1_20250108_085057.jpg,4,pen2_orb_cam1_20250108_085057.jpg
crop_9761_pen1_tur_cam2_20250220_074524.jpg,4,pen1_tur_cam2_20250220_074524.jpg
crop_9762_pen1_tur_cam2_20250122_122414.jpg,4,pen1_tur_cam2_20250122_122414.jpg
crop_9763_pen2_orb_cam1_20250108_081937.jpg,4,pen2_orb_cam1_20250108_081937.jpg
crop_9764_pen2_orb_cam1_20250108_081714.jpg,4,pen2_orb_cam1_20250108_081714.jpg
crop_9765_pen1_tur_cam2_20250127_143933.jpg,4,pen1_tur_cam2_20250127_143933.jpg
crop_9766_pen1_tur_cam2_20250122_133559.jpg,4,pen1_tur_cam2_20250122_133559.jpg
crop_9767_pen2_tur_cam1_20250123_104004.jpg,4,pen2_tur_cam1_20250123_104004.jpg
crop_9768_pen2_orb_cam1_20250108_080530.jpg,4,pen2_orb_cam1_20250108_080530.jpg
crop_9769_pen2_tur_cam1_20250109_073708.jpg,4,pen2_tur_cam1_20250109_073708.jpg
crop_9770_pen2_tur_cam1_20250109_075239.jpg,4,pen2_tur_cam1_20250109_075239.jpg
crop_9771_pen1_tur_cam2_20250125_141846.jpg,4,pen1_tur_cam2_20250125_141846.jpg
crop_9772_pen1_tur_cam2_20250125_093152.jpg,4,pen1_tur_cam2_20250125_093152.jpg
crop_9773_pen2_tur_cam1_20250109_075019.jpg,4,pen2_tur_cam1_20250109_075019.jpg
crop_9774_pen1_tur_cam2_20250207_134257.jpg,4,pen1_tur_cam2_20250207_134257.jpg
crop_9775_pen1_tur_cam2_20250122_132418.jpg,4,pen1_tur_cam2_20250122_132418.jpg
crop_9776_pen1_orb_cam1_20250108_085642.jpg,4,pen1_orb_cam1_20250108_085642.jpg
crop_9777_pen1_tur_cam2_20250122_100149.jpg,4,pen1_tur_cam2_20250122_100149.jpg
crop_9778_pen2_orb_cam1_20250108_084858.jpg,4,pen2_orb_cam1_20250108_084858.jpg
crop_9779_pen2_tur_cam1_20250109_073612.jpg,4,pen2_tur_cam1_20250109_073612.jpg
crop_9780_pen1_tur_cam2_20250125_104837.jpg,4,pen1_tur_cam2_20250125_104837.jpg
crop_9781_pen1_tur_cam2_20250122_142603.jpg,4,pen1_tur_cam2_20250122_142603.jpg
crop_9782_pen1_tur_cam2_20250201_143526.jpg,4,pen1_tur_cam2_20250201_143526.jpg
crop_9783_pen1_orb_cam2_20250108_131918.jpg,4,pen1_orb_cam2_20250108_131918.jpg
crop_9784_pen1_tur_cam2_20250125_105338.jpg,4,pen1_tur_cam2_20250125_105338.jpg
crop_9785_pen2_tur_cam1_20250109_073626.jpg,4,pen2_tur_cam1_20250109_073626.jpg
crop_9786_pen1_orb_cam2_20250108_085732.jpg,4,pen1_orb_cam2_20250108_085732.jpg
crop_9787_pen2_tur_cam1_20250120_071427.jpg,4,pen2_tur_cam1_20250120_071427.jpg
crop_9788_pen1_tur_cam2_20250125_130624.jpg,4,pen1_tur_cam2_20250125_130624.jpg
crop_9789_pen1_tur_cam2_20250122_122553.jpg,4,pen1_tur_cam2_20250122_122553.jpg
crop_9790_pen1_tur_cam2_20250127_153346.jpg,4,pen1_tur_cam2_20250127_153346.jpg
crop_9791_pen2_tur_cam1_20250109_080159.jpg,4,pen2_tur_cam1_20250109_080159.jpg
crop_9792_pen2_tur_cam1_20250109_075335.jpg,4,pen2_tur_cam1_20250109_075335.jpg
crop_9793_pen1_orb_cam2_20250108_085819.jpg,4,pen1_orb_cam2_20250108_085819.jpg
crop_9794_pen2_tur_cam1_20250109_073722.jpg,4,pen2_tur_cam1_20250109_073722.jpg
crop_9795_pen2_tur_cam1_20250109_075101.jpg,4,pen2_tur_cam1_20250109_075101.jpg
crop_9796_pen2_tur_cam1_20250109_072940.jpg,4,pen2_tur_cam1_20250109_072940.jpg
crop_9797_pen2_orb_cam1_20250108_082340.jpg,4,pen2_orb_cam1_20250108_082340.jpg
crop_9798_pen2_orb_cam1_20250108_083532.jpg,4,pen2_orb_cam1_20250108_083532.jpg
crop_9799_pen1_tur_cam2_20250125_113841.jpg,4,pen1_tur_cam2_20250125_113841.jpg
crop_9800_pen2_tur_cam1_20250123_141327.jpg,4,pen2_tur_cam1_20250123_141327.jpg
crop_9801_pen1_tur_cam2_20250203_112413.jpg,4,pen1_tur_cam2_20250203_112413.jpg
crop_9802_pen2_tur_cam1_20250120_143231.jpg,4,pen2_tur_cam1_20250120_143231.jpg
crop_9803_pen2_tur_cam1_20250109_073633.jpg,4,pen2_tur_cam1_20250109_073633.jpg
crop_9804_pen2_orb_cam1_20250108_082032.jpg,4,pen2_orb_cam1_20250108_082032.jpg
crop_9805_pen2_orb_cam1_20250108_081449.jpg,4,pen2_orb_cam1_20250108_081449.jpg
crop_9806_pen2_tur_cam1_20250109_073406.jpg,4,pen2_tur_cam1_20250109_073406.jpg
crop_9807_pen1_tur_cam2_20250122_113451.jpg,4,pen1_tur_cam2_20250122_113451.jpg
crop_9808_pen2_orb_cam1_20250108_081424.jpg,4,pen2_orb_cam1_20250108_081424.jpg
crop_9809_pen1_orb_cam1_20250108_085938.jpg,4,pen1_orb_cam1_20250108_085938.jpg
crop_9810_pen1_orb_cam2_20250108_090044.jpg,4,pen1_orb_cam2_20250108_090044.jpg
crop_9811_pen2_tur_cam1_20250109_074148.jpg,4,pen2_tur_cam1_20250109_074148.jpg
crop_9812_pen2_tur_cam1_20250109_071004.jpg,4,pen2_tur_cam1_20250109_071004.jpg
crop_9813_pen2_tur_cam1_20250209_111024.jpg,4,pen2_tur_cam1_20250209_111024.jpg
crop_9814_pen1_orb_cam2_20250108_090104.jpg,4,pen1_orb_cam2_20250108_090104.jpg
crop_9815_pen2_tur_cam1_20250120_080251.jpg,4,pen2_tur_cam1_20250120_080251.jpg
crop_9816_pen2_tur_cam1_20250109_073722.jpg,4,pen2_tur_cam1_20250109_073722.jpg
crop_9817_pen2_orb_cam1_20250108_082708.jpg,4,pen2_orb_cam1_20250108_082708.jpg
crop_9818_pen1_orb_cam2_20250108_090542.jpg,4,pen1_orb_cam2_20250108_090542.jpg
crop_9819_pen2_tur_cam1_20250209_082653.jpg,4,pen2_tur_cam1_20250209_082653.jpg
crop_9820_pen1_orb_cam2_20250108_131848.jpg,4,pen1_orb_cam2_20250108_131848.jpg
crop_9821_pen2_tur_cam1_20250109_074251.jpg,4,pen2_tur_cam1_20250109_074251.jpg
crop_9822_pen1_orb_cam2_20250108_090936.jpg,4,pen1_orb_cam2_20250108_090936.jpg
crop_9823_pen2_tur_cam1_20250109_075300.jpg,4,pen2_tur_cam1_20250109_075300.jpg
crop_9824_pen2_tur_cam1_20250109_075431.jpg,4,pen2_tur_cam1_20250109_075431.jpg
crop_9825_pen1_tur_cam2_20250122_114511.jpg,4,pen1_tur_cam2_20250122_114511.jpg
crop_9826_pen2_tur_cam1_20250209_114528.jpg,4,pen2_tur_cam1_20250209_114528.jpg
crop_9827_pen1_tur_cam2_20250127_101001.jpg,4,pen1_tur_cam2_20250127_101001.jpg
crop_9828_pen2_tur_cam1_20250123_150148.jpg,4,pen2_tur_cam1_20250123_150148.jpg
crop_9829_pen2_orb_cam1_20250108_082845.jpg,4,pen2_orb_cam1_20250108_082845.jpg
crop_9830_pen1_tur_cam2_20250220_090530.jpg,4,pen1_tur_cam2_20250220_090530.jpg
crop_9831_pen1_tur_cam2_20250125_083229.jpg,4,pen1_tur_cam2_20250125_083229.jpg
crop_9832_pen1_tur_cam2_20250122_100149.jpg,4,pen1_tur_cam2_20250122_100149.jpg
crop_9833_pen1_tur_cam2_20250220_094532.jpg,4,pen1_tur_cam2_20250220_094532.jpg
crop_9834_pen1_tur_cam2_20250122_113812.jpg,4,pen1_tur_cam2_20250122_113812.jpg
crop_9835_pen1_orb_cam2_20250108_133055.jpg,4,pen1_orb_cam2_20250108_133055.jpg
crop_9836_pen1_tur_cam2_20250125_125604.jpg,4,pen1_tur_cam2_20250125_125604.jpg
crop_9837_pen1_orb_cam2_20250108_090916.jpg,4,pen1_orb_cam2_20250108_090916.jpg
crop_9838_pen1_tur_cam2_20250220_084848.jpg,4,pen1_tur_cam2_20250220_084848.jpg
crop_9839_pen2_tur_cam1_20250109_071601.jpg,4,pen2_tur_cam1_20250109_071601.jpg
crop_9840_pen2_tur_cam1_20250109_080042.jpg,4,pen2_tur_cam1_20250109_080042.jpg
crop_9841_pen1_orb_cam2_20250108_085758.jpg,4,pen1_orb_cam2_20250108_085758.jpg
crop_9842_pen1_tur_cam2_20250126_134414.jpg,4,pen1_tur_cam2_20250126_134414.jpg
crop_9843_pen2_tur_cam1_20250109_073825.jpg,4,pen2_tur_cam1_20250109_073825.jpg
crop_9844_pen2_tur_cam1_20250109_075356.jpg,4,pen2_tur_cam1_20250109_075356.jpg
crop_9845_pen2_tur_cam1_20250120_112944.jpg,4,pen2_tur_cam1_20250120_112944.jpg
crop_9846_pen1_tur_cam2_20250220_102535.jpg,4,pen1_tur_cam2_20250220_102535.jpg
crop_9847_pen1_orb_cam2_20250108_085924.jpg,4,pen1_orb_cam2_20250108_085924.jpg
crop_9848_pen1_tur_cam2_20250122_100149.jpg,4,pen1_tur_cam2_20250122_100149.jpg
crop_9849_pen2_tur_cam1_20250120_150225.jpg,4,pen2_tur_cam1_20250120_150225.jpg
crop_9850_pen2_tur_cam1_20250109_070339.jpg,4,pen2_tur_cam1_20250109_070339.jpg
crop_9851_pen1_tur_cam2_20250125_093833.jpg,4,pen1_tur_cam2_20250125_093833.jpg
crop_9852_pen1_tur_cam2_20250125_111839.jpg,4,pen1_tur_cam2_20250125_111839.jpg
crop_9853_pen1_tur_cam2_20250122_103100.jpg,4,pen1_tur_cam2_20250122_103100.jpg
crop_9854_pen1_tur_cam2_20250122_120402.jpg,4,pen1_tur_cam2_20250122_120402.jpg
crop_9855_pen1_orb_cam2_20250108_090039.jpg,4,pen1_orb_cam2_20250108_090039.jpg
crop_9856_pen1_tur_cam2_20250203_111552.jpg,4,pen1_tur_cam2_20250203_111552.jpg
crop_9857_pen1_orb_cam2_20250108_090313.jpg,4,pen1_orb_cam2_20250108_090313.jpg
crop_9858_pen2_orb_cam1_20250108_084542.jpg,4,pen2_orb_cam1_20250108_084542.jpg
crop_9859_pen2_tur_cam1_20250109_075747.jpg,4,pen2_tur_cam1_20250109_075747.jpg
crop_9860_pen1_tur_cam2_20250122_131557.jpg,4,pen1_tur_cam2_20250122_131557.jpg
crop_9861_pen2_tur_cam1_20250109_080632.jpg,4,pen2_tur_cam1_20250109_080632.jpg
crop_9862_pen1_tur_cam2_20250126_075847.jpg,4,pen1_tur_cam2_20250126_075847.jpg
crop_9863_pen1_tur_cam2_20250207_142441.jpg,4,pen1_tur_cam2_20250207_142441.jpg
crop_9864_pen2_tur_cam1_20250209_104203.jpg,4,pen2_tur_cam1_20250209_104203.jpg
crop_9865_pen1_tur_cam2_20250126_122548.jpg,4,pen1_tur_cam2_20250126_122548.jpg
crop_9866_pen1_tur_cam2_20250125_130435.jpg,4,pen1_tur_cam2_20250125_130435.jpg
crop_9867_pen2_tur_cam1_20250109_080220.jpg,4,pen2_tur_cam1_20250109_080220.jpg
crop_9868_pen2_tur_cam1_20250209_082653.jpg,4,pen2_tur_cam1_20250209_082653.jpg
crop_9869_pen1_orb_cam2_20250108_085737.jpg,4,pen1_orb_cam2_20250108_085737.jpg
crop_9870_pen1_orb_cam2_20250108_085717.jpg,4,pen1_orb_cam2_20250108_085717.jpg
crop_9871_pen1_tur_cam2_20250220_075344.jpg,4,pen1_tur_cam2_20250220_075344.jpg
crop_9872_pen2_tur_cam1_20250109_074813.jpg,4,pen2_tur_cam1_20250109_074813.jpg
crop_9873_pen2_tur_cam1_20250109_074855.jpg,4,pen2_tur_cam1_20250109_074855.jpg
crop_9874_pen1_tur_cam2_20250125_115723.jpg,4,pen1_tur_cam2_20250125_115723.jpg
crop_9875_pen2_tur_cam1_20250109_074848.jpg,4,pen2_tur_cam1_20250109_074848.jpg
crop_9876_pen2_tur_cam1_20250109_080611.jpg,4,pen2_tur_cam1_20250109_080611.jpg
crop_9877_pen2_orb_cam1_20250108_080505.jpg,4,pen2_orb_cam1_20250108_080505.jpg
crop_9878_pen1_tur_cam2_20250125_124034.jpg,4,pen1_tur_cam2_20250125_124034.jpg
crop_9879_pen1_tur_cam2_20250122_092539.jpg,4,pen1_tur_cam2_20250122_092539.jpg
crop_9880_pen1_orb_cam1_20250108_085958.jpg,4,pen1_orb_cam1_20250108_085958.jpg
crop_9881_pen1_tur_cam2_20250122_094619.jpg,4,pen1_tur_cam2_20250122_094619.jpg
crop_9882_pen1_tur_cam2_20250126_084030.jpg,4,pen1_tur_cam2_20250126_084030.jpg
crop_9883_pen2_tur_cam1_20250109_073708.jpg,4,pen2_tur_cam1_20250109_073708.jpg
crop_9884_pen1_orb_cam1_20250108_085737.jpg,4,pen1_orb_cam1_20250108_085737.jpg
crop_9885_pen2_tur_cam1_20250123_105005.jpg,4,pen2_tur_cam1_20250123_105005.jpg
crop_9886_pen1_tur_cam2_20250126_102615.jpg,4,pen1_tur_cam2_20250126_102615.jpg
crop_9887_pen1_tur_cam2_20250207_145803.jpg,4,pen1_tur_cam2_20250207_145803.jpg
crop_9888_pen1_tur_cam2_20250207_122932.jpg,4,pen1_tur_cam2_20250207_122932.jpg
crop_9889_pen2_orb_cam1_20250108_084032.jpg,4,pen2_orb_cam1_20250108_084032.jpg
crop_9890_pen2_tur_cam1_20250120_112304.jpg,4,pen2_tur_cam1_20250120_112304.jpg
crop_9891_pen2_orb_cam1_20250108_085547.jpg,4,pen2_orb_cam1_20250108_085547.jpg
crop_9892_pen2_tur_cam1_20250109_074916.jpg,4,pen2_tur_cam1_20250109_074916.jpg
crop_9893_pen2_tur_cam1_20250109_080625.jpg,4,pen2_tur_cam1_20250109_080625.jpg
crop_9894_pen2_tur_cam1_20250109_073516.jpg,4,pen2_tur_cam1_20250109_073516.jpg
crop_9895_pen1_tur_cam2_20250125_083740.jpg,4,pen1_tur_cam2_20250125_083740.jpg
crop_9896_pen1_orb_cam1_20250108_085913.jpg,4,pen1_orb_cam1_20250108_085913.jpg
crop_9897_pen2_tur_cam1_20250109_075843.jpg,4,pen2_tur_cam1_20250109_075843.jpg
crop_9898_pen2_orb_cam1_20250108_084435.jpg,4,pen2_orb_cam1_20250108_084435.jpg
crop_9899_pen1_tur_cam2_20250126_150710.jpg,4,pen1_tur_cam2_20250126_150710.jpg
crop_9900_pen1_tur_cam2_20250126_071844.jpg,4,pen1_tur_cam2_20250126_071844.jpg
crop_9901_pen2_tur_cam1_20250109_071053.jpg,4,pen2_tur_cam1_20250109_071053.jpg
crop_9902_pen2_tur_cam1_20250109_075431.jpg,4,pen2_tur_cam1_20250109_075431.jpg
crop_9903_pen2_tur_cam1_20250109_075349.jpg,4,pen2_tur_cam1_20250109_075349.jpg
crop_9904_pen1_orb_cam2_20250108_085732.jpg,4,pen1_orb_cam2_20250108_085732.jpg
crop_9905_pen1_tur_cam2_20250122_142603.jpg,4,pen1_tur_cam2_20250122_142603.jpg
crop_9906_pen2_orb_cam1_20250108_083855.jpg,4,pen2_orb_cam1_20250108_083855.jpg
crop_9907_pen2_tur_cam1_20250109_074738.jpg,4,pen2_tur_cam1_20250109_074738.jpg
crop_9908_pen2_orb_cam1_20250108_081339.jpg,4,pen2_orb_cam1_20250108_081339.jpg
crop_9909_pen1_tur_cam2_20250125_135615.jpg,4,pen1_tur_cam2_20250125_135615.jpg
crop_9910_pen2_orb_cam1_20250108_081554.jpg,4,pen2_orb_cam1_20250108_081554.jpg
crop_9911_pen1_orb_cam2_20250108_085707.jpg,4,pen1_orb_cam2_20250108_085707.jpg
crop_9912_pen1_tur_cam2_20250125_063847.jpg,4,pen1_tur_cam2_20250125_063847.jpg
crop_9913_pen2_tur_cam1_20250109_070112.jpg,4,pen2_tur_cam1_20250109_070112.jpg
crop_9914_pen1_tur_cam2_20250125_134045.jpg,4,pen1_tur_cam2_20250125_134045.jpg
crop_9915_pen2_tur_cam1_20250109_074333.jpg,4,pen2_tur_cam1_20250109_074333.jpg
crop_9916_pen1_tur_cam2_20250122_142923.jpg,4,pen1_tur_cam2_20250122_142923.jpg
crop_9917_pen1_tur_cam2_20250125_120233.jpg,4,pen1_tur_cam2_20250125_120233.jpg
crop_9918_pen2_tur_cam1_20250120_093256.jpg,4,pen2_tur_cam1_20250120_093256.jpg
crop_9919_pen2_tur_cam1_20250109_073200.jpg,4,pen2_tur_cam1_20250109_073200.jpg
crop_9920_pen2_tur_cam1_20250109_072734.jpg,4,pen2_tur_cam1_20250109_072734.jpg
crop_9921_pen1_orb_cam2_20250108_085834.jpg,4,pen1_orb_cam2_20250108_085834.jpg
crop_9922_pen1_tur_cam2_20250126_120907.jpg,4,pen1_tur_cam2_20250126_120907.jpg
crop_9923_pen1_tur_cam2_20250126_124049.jpg,4,pen1_tur_cam2_20250126_124049.jpg
crop_9924_pen1_tur_cam2_20250220_105037.jpg,4,pen1_tur_cam2_20250220_105037.jpg
crop_9925_pen1_tur_cam2_20250220_080025.jpg,4,pen1_tur_cam2_20250220_080025.jpg
crop_9926_pen1_orb_cam2_20250108_090457.jpg,4,pen1_orb_cam2_20250108_090457.jpg
crop_9927_pen2_tur_cam1_20250109_073111.jpg,4,pen2_tur_cam1_20250109_073111.jpg
crop_9928_pen2_tur_cam1_20250123_140817.jpg,4,pen2_tur_cam1_20250123_140817.jpg
crop_9929_pen2_tur_cam1_20250109_074202.jpg,4,pen2_tur_cam1_20250109_074202.jpg
crop_9930_pen1_tur_cam2_20250126_074847.jpg,4,pen1_tur_cam2_20250126_074847.jpg
crop_9931_pen1_tur_cam2_20250125_124034.jpg,4,pen1_tur_cam2_20250125_124034.jpg
crop_9932_pen2_tur_cam1_20250123_103823.jpg,4,pen2_tur_cam1_20250123_103823.jpg
crop_9933_pen2_tur_cam1_20250109_073139.jpg,4,pen2_tur_cam1_20250109_073139.jpg
crop_9934_pen2_tur_cam1_20250109_073900.jpg,4,pen2_tur_cam1_20250109_073900.jpg
crop_9935_pen1_tur_cam2_20250127_150334.jpg,4,pen1_tur_cam2_20250127_150334.jpg
crop_9936_pen2_tur_cam1_20250109_070250.jpg,4,pen2_tur_cam1_20250109_070250.jpg
crop_9937_pen2_tur_cam1_20250109_075836.jpg,4,pen2_tur_cam1_20250109_075836.jpg
crop_9938_pen2_tur_cam1_20250209_110704.jpg,4,pen2_tur_cam1_20250209_110704.jpg
crop_9939_pen2_tur_cam1_20250109_080035.jpg,4,pen2_tur_cam1_20250109_080035.jpg
crop_9940_pen2_tur_cam1_20250109_074649.jpg,4,pen2_tur_cam1_20250109_074649.jpg
crop_9941_pen2_tur_cam1_20250209_111024.jpg,4,pen2_tur_cam1_20250209_111024.jpg
crop_9942_pen2_tur_cam1_20250109_080522.jpg,4,pen2_tur_cam1_20250109_080522.jpg
crop_9943_pen1_tur_cam2_20250127_104322.jpg,4,pen1_tur_cam2_20250127_104322.jpg
crop_9944_pen2_orb_cam1_20250108_085241.jpg,4,pen2_orb_cam1_20250108_085241.jpg
crop_9945_pen1_tur_cam2_20250122_132058.jpg,4,pen1_tur_cam2_20250122_132058.jpg
crop_9946_pen2_tur_cam1_20250109_075637.jpg,4,pen2_tur_cam1_20250109_075637.jpg
crop_9947_pen1_tur_cam2_20250126_083850.jpg,4,pen1_tur_cam2_20250126_083850.jpg
crop_9948_pen1_orb_cam2_20250108_090039.jpg,4,pen1_orb_cam2_20250108_090039.jpg
crop_9949_pen2_tur_cam1_20250123_112507.jpg,4,pen2_tur_cam1_20250123_112507.jpg
crop_9950_pen1_tur_cam2_20250125_080129.jpg,4,pen1_tur_cam2_20250125_080129.jpg
crop_9951_pen2_tur_cam1_20250109_080440.jpg,4,pen2_tur_cam1_20250109_080440.jpg
crop_9952_pen2_orb_cam1_20250108_080640.jpg,4,pen2_orb_cam1_20250108_080640.jpg
crop_9953_pen1_tur_cam2_20250122_114831.jpg,4,pen1_tur_cam2_20250122_114831.jpg
crop_9954_pen1_tur_cam2_20250127_112326.jpg,4,pen1_tur_cam2_20250127_112326.jpg
crop_9955_pen2_orb_cam1_20250108_082255.jpg,4,pen2_orb_cam1_20250108_082255.jpg
crop_9956_pen1_tur_cam2_20250127_150334.jpg,4,pen1_tur_cam2_20250127_150334.jpg
crop_9957_pen1_tur_cam2_20250122_144104.jpg,4,pen1_tur_cam2_20250122_144104.jpg
crop_9958_pen2_tur_cam1_20250120_135345.jpg,4,pen2_tur_cam1_20250120_135345.jpg
crop_9959_pen2_tur_cam1_20250209_121710.jpg,4,pen2_tur_cam1_20250209_121710.jpg
crop_9960_pen1_tur_cam2_20250125_063847.jpg,4,pen1_tur_cam2_20250125_063847.jpg
crop_9961_pen2_tur_cam1_20250123_105825.jpg,4,pen2_tur_cam1_20250123_105825.jpg
crop_9962_pen2_tur_cam1_20250109_070442.jpg,4,pen2_tur_cam1_20250109_070442.jpg
crop_9963_pen1_tur_cam2_20250220_102035.jpg,4,pen1_tur_cam2_20250220_102035.jpg
crop_9964_pen1_tur_cam2_20250126_150710.jpg,4,pen1_tur_cam2_20250126_150710.jpg
crop_9965_pen2_tur_cam1_20250123_150508.jpg,4,pen2_tur_cam1_20250123_150508.jpg
crop_9966_pen2_tur_cam1_20250109_080454.jpg,4,pen2_tur_cam1_20250109_080454.jpg
crop_9967_pen1_tur_cam2_20250126_134915.jpg,4,pen1_tur_cam2_20250126_134915.jpg
crop_9968_pen1_tur_cam2_20250126_151730.jpg,4,pen1_tur_cam2_20250126_151730.jpg
crop_9969_pen1_tur_cam2_20250125_113200.jpg,4,pen1_tur_cam2_20250125_113200.jpg
crop_9970_pen2_orb_cam1_20250108_082830.jpg,4,pen2_orb_cam1_20250108_082830.jpg
crop_9971_pen2_tur_cam1_20250109_071725.jpg,4,pen2_tur_cam1_20250109_071725.jpg
crop_9972_pen2_orb_cam1_20250108_084112.jpg,4,pen2_orb_cam1_20250108_084112.jpg
crop_9973_pen2_tur_cam1_20250109_075403.jpg,4,pen2_tur_cam1_20250109_075403.jpg
crop_9974_pen1_tur_cam2_20250220_083027.jpg,4,pen1_tur_cam2_20250220_083027.jpg
crop_9975_pen1_tur_cam2_20250127_155528.jpg,4,pen1_tur_cam2_20250127_155528.jpg
crop_9976_pen2_tur_cam1_20250109_080405.jpg,4,pen2_tur_cam1_20250109_080405.jpg
crop_9977_pen1_tur_cam2_20250220_104356.jpg,4,pen1_tur_cam2_20250220_104356.jpg
crop_9978_pen2_tur_cam1_20250109_080604.jpg,4,pen2_tur_cam1_20250109_080604.jpg
crop_9979_pen1_orb_cam2_20250108_090239.jpg,4,pen1_orb_cam2_20250108_090239.jpg
crop_9980_pen2_tur_cam1_20250109_070332.jpg,4,pen2_tur_cam1_20250109_070332.jpg
crop_9981_pen1_orb_cam2_20250108_090421.jpg,4,pen1_orb_cam2_20250108_090421.jpg
crop_9982_pen2_orb_cam1_20250108_082232.jpg,4,pen2_orb_cam1_20250108_082232.jpg
crop_9983_pen2_tur_cam1_20250109_074834.jpg,4,pen2_tur_cam1_20250109_074834.jpg
crop_9984_pen1_tur_cam2_20250220_101034.jpg,4,pen1_tur_cam2_20250220_101034.jpg
crop_9985_pen1_orb_cam1_20250108_085918.jpg,4,pen1_orb_cam1_20250108_085918.jpg
crop_9986_pen1_tur_cam2_20250126_105205.jpg,4,pen1_tur_cam2_20250126_105205.jpg
crop_9987_pen1_tur_cam2_20250127_160528.jpg,4,pen1_tur_cam2_20250127_160528.jpg
crop_9988_pen2_tur_cam1_20250209_094159.jpg,4,pen2_tur_cam1_20250209_094159.jpg
crop_9989_pen2_tur_cam1_20250109_074902.jpg,4,pen2_tur_cam1_20250109_074902.jpg
crop_9990_pen2_orb_cam1_20250108_085351.jpg,4,pen2_orb_cam1_20250108_085351.jpg
crop_9991_pen2_tur_cam1_20250123_111326.jpg,4,pen2_tur_cam1_20250123_111326.jpg
crop_9992_pen1_orb_cam2_20250108_090104.jpg,4,pen1_orb_cam2_20250108_090104.jpg
crop_9993_pen1_tur_cam2_20250127_140323.jpg,4,pen1_tur_cam2_20250127_140323.jpg
crop_9994_pen1_tur_cam2_20250122_112241.jpg,4,pen1_tur_cam2_20250122_112241.jpg
crop_9995_pen2_tur_cam1_20250109_073228.jpg,4,pen2_tur_cam1_20250109_073228.jpg
crop_9996_pen2_tur_cam1_20250109_075953.jpg,4,pen2_tur_cam1_20250109_075953.jpg
